file,duration
0.wav,1.819
1.wav,11.096
10.wav,8.299
100.wav,2.884
1000.wav,2.339
10000.wav,5.857
10001.wav,6.33
10002.wav,10.569
10003.wav,1.888
10004.wav,8.43
10005.wav,7.602
10006.wav,2.309
10007.wav,2.8
10008.wav,16.969
10009.wav,4.155
1001.wav,4.541
10010.wav,1.593
10011.wav,3.462
10012.wav,3.097
10013.wav,2.794
10014.wav,13.052
10015.wav,4.184
10016.wav,1.471
10017.wav,9.89
10018.wav,2.075
10019.wav,4.516
1002.wav,5.481
10020.wav,6.872
10021.wav,8.15
10022.wav,2.766
10023.wav,3.362
10024.wav,2.844
10025.wav,2.783
10026.wav,9.453
10027.wav,2.6
10028.wav,1.791
10029.wav,17.265
1003.wav,8.035
10030.wav,4.327
10031.wav,2.531
10032.wav,5.248
10033.wav,1.706
10034.wav,0.801
10035.wav,10.764
10036.wav,5.838
10037.wav,3.264
10038.wav,3.665
10039.wav,14.722
1004.wav,3.032
10040.wav,2.376
10041.wav,4.365
10042.wav,1.069
10043.wav,3.185
10044.wav,1.657
10045.wav,2.773
10046.wav,1.307
10047.wav,5.914
10048.wav,3.007
10049.wav,2.961
1005.wav,2.401
10050.wav,5.77
10051.wav,1.624
10052.wav,3.945
10053.wav,2.08
10054.wav,2.266
10055.wav,1.904
10056.wav,3.881
10057.wav,1.808
10058.wav,9.712
10059.wav,12.078
1006.wav,4.708
10060.wav,3.246
10061.wav,7.664
10062.wav,2.458
10063.wav,4.675
10064.wav,2.067
10065.wav,2.804
10066.wav,3.35
10067.wav,3.686
10068.wav,1.064
10069.wav,2.905
1007.wav,3.31
10070.wav,3.55
10071.wav,1.532
10072.wav,9.148
10073.wav,3.898
10074.wav,1.52
10075.wav,6.344
10076.wav,1.58
10077.wav,2.045
10078.wav,6.443
10079.wav,9.308
1008.wav,2.097
10080.wav,2.258
10081.wav,3.296
10082.wav,1.046
10083.wav,4.274
10084.wav,1.655
10085.wav,1.582
10086.wav,3.773
10087.wav,2.992
10088.wav,2.815
10089.wav,3.36
1009.wav,3.0
10090.wav,2.646
10091.wav,19.931
10092.wav,3.493
10093.wav,3.722
10094.wav,2.858
10095.wav,4.074
10096.wav,6.85
10097.wav,7.352
10098.wav,0.968
10099.wav,4.399
101.wav,1.91
1010.wav,2.1
10100.wav,3.218
10101.wav,9.749
10102.wav,2.794
10103.wav,6.767
10104.wav,2.805
10105.wav,1.862
10106.wav,5.929
10107.wav,2.389
10108.wav,5.048
10109.wav,1.628
1011.wav,6.127
10110.wav,2.938
10111.wav,3.547
10112.wav,2.936
10113.wav,4.392
10114.wav,4.314
10115.wav,4.037
10116.wav,10.654
10117.wav,10.686
10118.wav,4.709
10119.wav,5.61
1012.wav,2.289
10120.wav,2.085
10121.wav,1.515
10122.wav,6.696
10123.wav,3.589
10124.wav,1.738
10125.wav,1.472
10126.wav,2.606
10127.wav,1.608
10128.wav,1.274
10129.wav,4.212
1013.wav,7.239
10130.wav,3.074
10131.wav,14.308
10132.wav,1.015
10133.wav,2.91
10134.wav,5.082
10135.wav,3.127
10136.wav,5.987
10137.wav,2.098
10138.wav,6.385
10139.wav,7.136
1014.wav,3.442
10140.wav,2.464
10141.wav,3.027
10142.wav,3.125
10143.wav,2.853
10144.wav,3.862
10145.wav,3.853
10146.wav,2.498
10147.wav,9.097
10148.wav,3.217
10149.wav,5.141
1015.wav,4.048
10150.wav,4.293
10151.wav,11.242
10152.wav,3.651
10153.wav,2.045
10154.wav,7.108
10155.wav,1.704
10156.wav,2.446
10157.wav,1.519
10158.wav,3.726
10159.wav,2.772
1016.wav,13.287
10160.wav,2.362
10161.wav,6.085
10162.wav,1.294
10163.wav,4.493
10164.wav,4.284
10165.wav,2.016
10166.wav,5.905
10167.wav,7.323
10168.wav,11.75
10169.wav,6.081
1017.wav,2.521
10170.wav,4.323
10171.wav,2.429
10172.wav,2.537
10173.wav,3.54
10174.wav,5.202
10175.wav,2.053
10176.wav,11.953
10177.wav,4.301
10178.wav,2.102
10179.wav,3.622
1018.wav,2.76
10180.wav,8.068
10181.wav,3.776
10182.wav,2.779
10183.wav,1.294
10184.wav,2.069
10185.wav,2.263
10186.wav,10.049
10187.wav,6.741
10188.wav,2.749
10189.wav,15.07
1019.wav,6.216
10190.wav,3.435
10191.wav,0.911
10192.wav,1.898
10193.wav,3.216
10194.wav,7.91
10195.wav,6.301
10196.wav,3.155
10197.wav,1.308
10198.wav,1.093
10199.wav,4.647
102.wav,4.773
1020.wav,4.964
10200.wav,1.617
10201.wav,4.897
10202.wav,2.139
10203.wav,4.128
10204.wav,9.996
10205.wav,2.598
10206.wav,3.822
10207.wav,7.083
10208.wav,1.164
10209.wav,4.779
1021.wav,11.778
10210.wav,3.485
10211.wav,1.829
10212.wav,1.42
10213.wav,11.702
10214.wav,1.185
10215.wav,1.879
10216.wav,3.279
10217.wav,4.275
10218.wav,3.66
10219.wav,1.848
1022.wav,5.656
10220.wav,9.269
10221.wav,3.091
10222.wav,3.315
10223.wav,15.074
10224.wav,4.48
10225.wav,2.559
10226.wav,6.049
10227.wav,7.135
10228.wav,18.264
10229.wav,2.944
1023.wav,1.591
10230.wav,2.83
10231.wav,4.656
10232.wav,11.294
10233.wav,5.384
10234.wav,9.833
10235.wav,5.176
10236.wav,3.202
10237.wav,1.902
10238.wav,6.47
10239.wav,1.979
1024.wav,1.495
10240.wav,1.108
10241.wav,2.441
10242.wav,2.445
10243.wav,3.062
10244.wav,3.477
10245.wav,1.785
10246.wav,2.349
10247.wav,1.971
10248.wav,3.704
10249.wav,4.267
1025.wav,4.679
10250.wav,1.29
10251.wav,5.287
10252.wav,3.391
10253.wav,2.183
10254.wav,3.607
10255.wav,7.335
10256.wav,1.348
10257.wav,4.579
10258.wav,7.119
10259.wav,5.61
1026.wav,2.788
10260.wav,1.524
10261.wav,8.131
10262.wav,1.675
10263.wav,4.726
10264.wav,11.69
10265.wav,22.263
10266.wav,1.345
10267.wav,2.42
10268.wav,6.74
10269.wav,1.062
1027.wav,2.182
10270.wav,1.385
10271.wav,10.805
10272.wav,6.38
10273.wav,4.735
10274.wav,5.976
10275.wav,2.961
10276.wav,3.002
10277.wav,4.483
10278.wav,2.323
10279.wav,4.827
1028.wav,2.171
10280.wav,5.183
10281.wav,2.86
10282.wav,1.421
10283.wav,1.963
10284.wav,3.608
10285.wav,2.07
10286.wav,2.834
10287.wav,1.835
10288.wav,0.506
10289.wav,1.749
1029.wav,1.787
10290.wav,1.716
10291.wav,3.644
10292.wav,6.235
10293.wav,3.16
10294.wav,2.363
10295.wav,1.892
10296.wav,4.021
10297.wav,3.481
10298.wav,1.985
10299.wav,8.169
103.wav,7.609
1030.wav,14.453
10300.wav,4.622
10301.wav,2.192
10302.wav,2.619
10303.wav,15.876
10304.wav,8.41
10305.wav,5.869
10306.wav,0.887
10307.wav,13.878
10308.wav,4.123
10309.wav,1.623
1031.wav,2.853
10310.wav,1.672
10311.wav,1.341
10312.wav,11.52
10313.wav,5.168
10314.wav,5.211
10315.wav,1.83
10316.wav,1.122
10317.wav,2.69
10318.wav,2.976
10319.wav,6.222
1032.wav,1.862
10320.wav,2.322
10321.wav,3.114
10322.wav,3.752
10323.wav,4.196
10324.wav,2.432
10325.wav,3.854
10326.wav,2.854
10327.wav,4.524
10328.wav,2.147
10329.wav,2.867
1033.wav,3.372
10330.wav,2.978
10331.wav,5.687
10332.wav,7.731
10333.wav,4.088
10334.wav,23.804
10335.wav,1.237
10336.wav,5.569
10337.wav,11.414
10338.wav,7.238
10339.wav,1.386
1034.wav,2.516
10340.wav,0.816
10341.wav,1.623
10342.wav,7.214
10343.wav,4.794
10344.wav,1.315
10345.wav,2.741
10346.wav,5.356
10347.wav,2.763
10348.wav,4.966
10349.wav,3.127
1035.wav,2.078
10350.wav,5.992
10351.wav,1.69
10352.wav,7.751
10353.wav,9.099
10354.wav,2.125
10355.wav,2.127
10356.wav,10.707
10357.wav,1.819
10358.wav,3.813
10359.wav,5.974
1036.wav,2.718
10360.wav,0.754
10361.wav,20.262
10362.wav,2.789
10363.wav,2.055
10364.wav,4.818
10365.wav,7.243
10366.wav,5.978
10367.wav,2.967
10368.wav,3.335
10369.wav,3.698
1037.wav,2.259
10370.wav,13.21
10371.wav,11.591
10372.wav,2.198
10373.wav,5.007
10374.wav,3.609
10375.wav,7.977
10376.wav,0.955
10377.wav,4.398
10378.wav,13.65
10379.wav,1.764
1038.wav,1.542
10380.wav,2.669
10381.wav,1.877
10382.wav,1.147
10383.wav,1.459
10384.wav,2.145
10385.wav,8.102
10386.wav,2.458
10387.wav,14.741
10388.wav,1.578
10389.wav,4.659
1039.wav,2.383
10390.wav,3.061
10391.wav,3.923
10392.wav,3.196
10393.wav,7.659
10394.wav,4.414
10395.wav,5.296
10396.wav,20.818
10397.wav,1.19
10398.wav,4.917
10399.wav,2.035
104.wav,3.441
1040.wav,1.457
10400.wav,2.095
10401.wav,5.03
10402.wav,2.951
10403.wav,0.92
10404.wav,3.917
10405.wav,1.13
10406.wav,4.993
10407.wav,5.043
10408.wav,3.818
10409.wav,2.01
1041.wav,2.097
10410.wav,3.413
10411.wav,2.204
10412.wav,3.051
10413.wav,5.697
10414.wav,4.279
10415.wav,1.516
10416.wav,5.57
10417.wav,1.921
10418.wav,1.966
10419.wav,10.418
1042.wav,5.353
10420.wav,3.697
10421.wav,8.328
10422.wav,3.734
10423.wav,3.151
10424.wav,1.983
10425.wav,1.044
10426.wav,2.102
10427.wav,2.162
10428.wav,8.233
10429.wav,1.543
1043.wav,3.582
10430.wav,2.916
10431.wav,8.908
10432.wav,3.377
10433.wav,3.702
10434.wav,11.116
10435.wav,3.287
10436.wav,2.713
10437.wav,12.388
10438.wav,2.226
10439.wav,3.484
1044.wav,24.951
10440.wav,4.495
10441.wav,7.1
10442.wav,2.178
10443.wav,2.081
10444.wav,9.89
10445.wav,4.753
10446.wav,2.903
10447.wav,3.708
10448.wav,3.455
10449.wav,3.655
1045.wav,5.614
10450.wav,3.762
10451.wav,1.925
10452.wav,1.903
10453.wav,4.087
10454.wav,7.08
10455.wav,1.902
10456.wav,1.307
10457.wav,4.889
10458.wav,2.294
10459.wav,6.065
1046.wav,1.685
10460.wav,1.822
10461.wav,0.946
10462.wav,3.006
10463.wav,1.463
10464.wav,3.04
10465.wav,1.113
10466.wav,2.422
10467.wav,2.96
10468.wav,2.706
10469.wav,4.085
1047.wav,4.244
10470.wav,10.002
10471.wav,4.434
10472.wav,3.908
10473.wav,2.995
10474.wav,1.838
10475.wav,3.358
10476.wav,24.671
10477.wav,9.535
10478.wav,4.87
10479.wav,1.043
1048.wav,16.916
10480.wav,2.427
10481.wav,3.429
10482.wav,2.32
10483.wav,1.507
10484.wav,3.299
10485.wav,3.557
10486.wav,3.542
10487.wav,1.793
10488.wav,2.164
10489.wav,3.02
1049.wav,4.806
10490.wav,0.914
10491.wav,5.982
10492.wav,2.341
10493.wav,2.012
10494.wav,5.555
10495.wav,1.086
10496.wav,1.594
10497.wav,2.862
10498.wav,3.137
10499.wav,1.863
105.wav,2.903
1050.wav,10.127
10500.wav,2.202
10501.wav,2.16
10502.wav,6.692
10503.wav,3.779
10504.wav,2.038
10505.wav,6.3
10506.wav,1.737
10507.wav,10.537
10508.wav,3.707
10509.wav,4.316
1051.wav,1.345
10510.wav,0.889
10511.wav,4.483
10512.wav,2.936
10513.wav,4.334
10514.wav,9.636
10515.wav,3.03
10516.wav,1.282
10517.wav,1.583
10518.wav,1.954
10519.wav,6.896
1052.wav,4.119
10520.wav,3.172
10521.wav,7.306
10522.wav,2.829
10523.wav,5.652
10524.wav,3.076
10525.wav,0.956
10526.wav,2.154
10527.wav,2.293
10528.wav,2.188
10529.wav,1.152
1053.wav,2.404
10530.wav,2.477
10531.wav,6.544
10532.wav,3.852
10533.wav,8.189
10534.wav,2.989
10535.wav,1.737
10536.wav,7.781
10537.wav,2.331
10538.wav,11.014
10539.wav,3.596
1054.wav,20.481
10540.wav,2.261
10541.wav,1.98
10542.wav,4.916
10543.wav,4.262
10544.wav,3.865
10545.wav,3.004
10546.wav,1.946
10547.wav,0.668
10548.wav,1.89
10549.wav,2.181
1055.wav,4.049
10550.wav,4.986
10551.wav,2.924
10552.wav,3.744
10553.wav,11.838
10554.wav,4.738
10555.wav,5.229
10556.wav,1.696
10557.wav,1.773
10558.wav,2.78
10559.wav,8.386
1056.wav,6.226
10560.wav,1.622
10561.wav,2.702
10562.wav,9.59
10563.wav,6.926
10564.wav,3.7
10565.wav,2.225
10566.wav,12.417
10567.wav,2.247
10568.wav,5.137
10569.wav,11.968
1057.wav,2.391
10570.wav,4.223
10571.wav,1.204
10572.wav,3.048
10573.wav,1.552
10574.wav,2.25
10575.wav,4.564
10576.wav,1.576
10577.wav,4.315
10578.wav,5.64
10579.wav,4.636
1058.wav,3.199
10580.wav,2.393
10581.wav,3.012
10582.wav,2.828
10583.wav,5.201
10584.wav,5.072
10585.wav,1.683
10586.wav,1.598
10587.wav,5.487
10588.wav,0.81
10589.wav,2.527
1059.wav,3.623
10590.wav,4.764
10591.wav,5.721
10592.wav,2.318
10593.wav,4.165
10594.wav,4.227
10595.wav,2.78
10596.wav,2.44
10597.wav,2.515
10598.wav,0.973
10599.wav,1.241
106.wav,5.052
1060.wav,3.235
10600.wav,2.018
10601.wav,3.778
10602.wav,4.966
10603.wav,11.872
10604.wav,7.197
10605.wav,5.797
10606.wav,1.453
10607.wav,2.129
10608.wav,5.339
10609.wav,7.052
1061.wav,5.477
10610.wav,2.494
10611.wav,3.281
10612.wav,10.017
10613.wav,2.482
10614.wav,2.923
10615.wav,3.239
10616.wav,4.537
10617.wav,1.636
10618.wav,1.463
10619.wav,0.969
1062.wav,1.082
10620.wav,3.2
10621.wav,2.07
10622.wav,2.526
10623.wav,2.887
10624.wav,1.45
10625.wav,1.131
10626.wav,4.512
10627.wav,5.478
10628.wav,4.313
10629.wav,2.976
1063.wav,2.379
10630.wav,6.077
10631.wav,12.329
10632.wav,1.177
10633.wav,2.916
10634.wav,5.011
10635.wav,2.535
10636.wav,5.042
10637.wav,4.731
10638.wav,2.22
10639.wav,2.524
1064.wav,2.236
10640.wav,8.316
10641.wav,5.18
10642.wav,3.487
10643.wav,7.45
10644.wav,5.889
10645.wav,2.578
10646.wav,1.706
10647.wav,3.17
10648.wav,3.927
10649.wav,4.075
1065.wav,4.921
10650.wav,16.222
10651.wav,4.352
10652.wav,8.25
10653.wav,3.901
10654.wav,8.246
10655.wav,1.323
10656.wav,3.515
10657.wav,3.095
10658.wav,5.45
10659.wav,5.255
1066.wav,3.021
10660.wav,2.282
10661.wav,22.126
10662.wav,2.641
10663.wav,5.416
10664.wav,2.982
10665.wav,5.221
10666.wav,1.291
10667.wav,10.251
10668.wav,1.115
10669.wav,7.995
1067.wav,4.698
10670.wav,6.315
10671.wav,6.14
10672.wav,9.132
10673.wav,1.911
10674.wav,3.294
10675.wav,11.846
10676.wav,2.825
10677.wav,2.871
10678.wav,3.371
10679.wav,3.763
1068.wav,3.942
10680.wav,1.306
10681.wav,4.123
10682.wav,4.066
10683.wav,10.442
10684.wav,2.651
10685.wav,3.209
10686.wav,3.194
10687.wav,4.486
10688.wav,3.564
10689.wav,3.735
1069.wav,2.498
10690.wav,1.583
10691.wav,1.673
10692.wav,5.074
10693.wav,2.333
10694.wav,2.092
10695.wav,6.464
10696.wav,2.647
10697.wav,9.644
10698.wav,1.59
10699.wav,2.033
107.wav,5.363
1070.wav,2.404
10700.wav,1.965
10701.wav,1.731
10702.wav,4.438
10703.wav,1.305
10704.wav,2.696
10705.wav,2.112
10706.wav,3.065
10707.wav,5.084
10708.wav,5.212
10709.wav,3.987
1071.wav,16.283
10710.wav,5.731
10711.wav,1.434
10712.wav,5.947
10713.wav,1.812
10714.wav,1.588
10715.wav,2.242
10716.wav,1.51
10717.wav,1.532
10718.wav,1.788
10719.wav,6.523
1072.wav,3.913
10720.wav,6.67
10721.wav,3.471
10722.wav,2.069
10723.wav,7.456
10724.wav,1.907
10725.wav,2.411
10726.wav,7.668
10727.wav,4.704
10728.wav,2.362
10729.wav,1.859
1073.wav,6.918
10730.wav,4.734
10731.wav,2.529
10732.wav,4.004
10733.wav,0.836
10734.wav,3.223
10735.wav,1.484
10736.wav,2.276
10737.wav,6.776
10738.wav,1.0
10739.wav,1.695
1074.wav,2.453
10740.wav,4.298
10741.wav,7.329
10742.wav,6.559
10743.wav,1.586
10744.wav,1.16
10745.wav,1.177
10746.wav,10.199
10747.wav,2.284
10748.wav,5.264
10749.wav,2.389
1075.wav,4.091
10750.wav,5.56
10751.wav,2.125
10752.wav,14.763
10753.wav,2.039
10754.wav,0.774
10755.wav,5.468
10756.wav,2.285
10757.wav,3.368
10758.wav,2.608
10759.wav,1.988
1076.wav,2.323
10760.wav,1.586
10761.wav,3.638
10762.wav,1.43
10763.wav,2.656
10764.wav,3.619
10765.wav,2.154
10766.wav,3.849
10767.wav,3.032
10768.wav,5.559
10769.wav,6.151
1077.wav,4.351
10770.wav,3.918
10771.wav,6.769
10772.wav,1.557
10773.wav,3.313
10774.wav,1.568
10775.wav,2.086
10776.wav,7.76
10777.wav,22.217
10778.wav,2.089
10779.wav,2.711
1078.wav,2.203
10780.wav,2.163
10781.wav,2.99
10782.wav,2.266
10783.wav,11.969
10784.wav,2.17
10785.wav,1.375
10786.wav,3.589
10787.wav,4.69
10788.wav,1.924
10789.wav,3.695
1079.wav,1.581
10790.wav,1.851
10791.wav,5.302
10792.wav,4.54
10793.wav,1.919
10794.wav,3.361
10795.wav,7.305
10796.wav,2.491
10797.wav,4.575
10798.wav,4.612
10799.wav,4.792
108.wav,1.723
1080.wav,10.074
10800.wav,6.542
10801.wav,3.212
10802.wav,2.522
10803.wav,2.186
10804.wav,4.883
10805.wav,5.035
10806.wav,1.169
10807.wav,2.07
10808.wav,1.466
10809.wav,3.78
1081.wav,4.818
10810.wav,0.71
10811.wav,2.39
10812.wav,4.48
10813.wav,5.138
10814.wav,1.392
10815.wav,5.67
10816.wav,2.554
10817.wav,8.254
10818.wav,1.793
10819.wav,5.46
1082.wav,4.315
10820.wav,3.017
10821.wav,9.455
10822.wav,1.45
10823.wav,3.247
10824.wav,3.648
10825.wav,3.821
10826.wav,10.601
10827.wav,4.975
10828.wav,3.032
10829.wav,2.819
1083.wav,2.601
10830.wav,9.741
10831.wav,4.685
10832.wav,4.424
10833.wav,2.399
10834.wav,0.885
10835.wav,1.437
10836.wav,3.229
10837.wav,2.379
10838.wav,2.08
10839.wav,1.355
1084.wav,1.442
10840.wav,1.443
10841.wav,7.307
10842.wav,1.634
10843.wav,2.88
10844.wav,2.946
10845.wav,2.541
10846.wav,4.023
10847.wav,3.233
10848.wav,10.264
10849.wav,2.512
1085.wav,3.752
10850.wav,3.595
10851.wav,4.747
10852.wav,3.078
10853.wav,2.644
10854.wav,2.402
10855.wav,4.35
10856.wav,2.329
10857.wav,9.352
10858.wav,7.19
10859.wav,7.952
1086.wav,7.708
10860.wav,5.389
10861.wav,2.032
10862.wav,12.302
10863.wav,1.948
10864.wav,1.13
10865.wav,2.831
10866.wav,4.052
10867.wav,3.307
10868.wav,9.25
10869.wav,9.095
1087.wav,6.175
10870.wav,4.082
10871.wav,1.736
10872.wav,1.784
10873.wav,1.586
10874.wav,3.561
10875.wav,12.386
10876.wav,4.948
10877.wav,5.169
10878.wav,6.101
10879.wav,1.809
1088.wav,1.029
10880.wav,7.382
10881.wav,13.559
10882.wav,14.132
10883.wav,5.141
10884.wav,5.538
10885.wav,4.993
10886.wav,2.038
10887.wav,3.031
10888.wav,2.03
10889.wav,4.924
1089.wav,2.032
10890.wav,2.488
10891.wav,3.371
10892.wav,2.408
10893.wav,1.412
10894.wav,1.983
10895.wav,3.934
10896.wav,14.602
10897.wav,5.01
10898.wav,2.697
10899.wav,4.006
109.wav,1.972
1090.wav,1.476
10900.wav,7.813
10901.wav,4.353
10902.wav,6.261
10903.wav,1.715
10904.wav,1.488
10905.wav,13.039
10906.wav,5.441
10907.wav,3.411
10908.wav,3.23
10909.wav,3.231
1091.wav,4.193
10910.wav,3.081
10911.wav,0.797
10912.wav,1.617
10913.wav,5.596
10914.wav,3.508
10915.wav,5.779
10916.wav,2.151
10917.wav,1.907
10918.wav,2.387
10919.wav,2.019
1092.wav,4.769
10920.wav,7.116
10921.wav,3.397
10922.wav,12.33
10923.wav,12.614
10924.wav,11.639
10925.wav,6.441
10926.wav,10.733
10927.wav,0.805
10928.wav,2.045
10929.wav,7.299
1093.wav,3.701
10930.wav,3.323
10931.wav,1.972
10932.wav,1.875
10933.wav,7.664
10934.wav,7.102
10935.wav,2.495
10936.wav,2.639
10937.wav,3.242
10938.wav,4.789
10939.wav,6.445
1094.wav,1.501
10940.wav,3.971
10941.wav,2.179
10942.wav,1.247
10943.wav,1.341
10944.wav,1.896
10945.wav,3.471
10946.wav,2.507
10947.wav,1.781
10948.wav,2.215
10949.wav,2.278
1095.wav,7.49
10950.wav,1.562
10951.wav,1.717
10952.wav,11.786
10953.wav,1.41
10954.wav,2.146
10955.wav,5.276
10956.wav,5.318
10957.wav,4.896
10958.wav,2.431
10959.wav,1.862
1096.wav,2.644
10960.wav,3.072
10961.wav,2.654
10962.wav,5.912
10963.wav,4.578
10964.wav,1.651
10965.wav,1.9
10966.wav,1.917
10967.wav,5.846
10968.wav,13.43
10969.wav,3.885
1097.wav,9.029
10970.wav,1.706
10971.wav,1.675
10972.wav,1.463
10973.wav,0.877
10974.wav,3.665
10975.wav,8.387
10976.wav,4.925
10977.wav,1.925
10978.wav,3.898
10979.wav,3.365
1098.wav,4.329
10980.wav,2.528
10981.wav,1.984
10982.wav,4.227
10983.wav,2.133
10984.wav,2.791
10985.wav,3.681
10986.wav,3.782
10987.wav,2.874
10988.wav,2.459
10989.wav,12.023
1099.wav,2.959
10990.wav,6.387
10991.wav,1.119
10992.wav,4.959
10993.wav,6.027
10994.wav,1.695
10995.wav,4.077
10996.wav,1.382
10997.wav,2.091
10998.wav,4.232
10999.wav,1.257
11.wav,4.138
110.wav,3.397
1100.wav,4.314
11000.wav,1.938
11001.wav,11.498
11002.wav,2.469
11003.wav,4.774
11004.wav,2.942
11005.wav,2.659
11006.wav,4.054
11007.wav,4.174
11008.wav,1.418
11009.wav,1.847
1101.wav,4.665
11010.wav,2.104
11011.wav,14.044
11012.wav,3.721
11013.wav,4.263
11014.wav,2.44
11015.wav,2.055
11016.wav,3.566
11017.wav,1.213
11018.wav,5.887
11019.wav,1.428
1102.wav,2.818
11020.wav,1.172
11021.wav,3.707
11022.wav,3.247
11023.wav,8.64
11024.wav,9.192
11025.wav,7.773
11026.wav,2.26
11027.wav,2.413
11028.wav,3.385
11029.wav,1.873
1103.wav,2.421
11030.wav,2.29
11031.wav,2.086
11032.wav,3.86
11033.wav,2.02
11034.wav,1.238
11035.wav,6.008
11036.wav,9.843
11037.wav,1.686
11038.wav,1.101
11039.wav,3.216
1104.wav,8.626
11040.wav,1.75
11041.wav,5.002
11042.wav,2.591
11043.wav,1.928
11044.wav,1.261
11045.wav,5.031
11046.wav,2.198
11047.wav,4.998
11048.wav,6.16
11049.wav,3.371
1105.wav,8.654
11050.wav,2.348
11051.wav,7.165
11052.wav,2.546
11053.wav,2.337
11054.wav,2.57
11055.wav,2.892
11056.wav,2.788
11057.wav,5.117
11058.wav,2.895
11059.wav,3.348
1106.wav,2.258
11060.wav,1.948
11061.wav,6.684
11062.wav,1.964
11063.wav,2.712
11064.wav,6.235
11065.wav,1.895
11066.wav,3.083
11067.wav,7.499
11068.wav,3.114
11069.wav,3.554
1107.wav,2.956
11070.wav,3.762
11071.wav,6.142
11072.wav,7.059
11073.wav,2.135
11074.wav,4.802
11075.wav,5.02
11076.wav,3.232
11077.wav,2.696
11078.wav,5.876
11079.wav,5.839
1108.wav,2.965
11080.wav,8.093
11081.wav,7.929
11082.wav,0.923
11083.wav,1.186
11084.wav,3.231
11085.wav,1.396
11086.wav,3.351
11087.wav,6.335
11088.wav,0.851
11089.wav,1.485
1109.wav,3.535
11090.wav,5.873
11091.wav,5.977
11092.wav,3.117
11093.wav,3.649
11094.wav,6.026
11095.wav,2.049
11096.wav,7.206
11097.wav,2.32
11098.wav,0.898
11099.wav,19.149
111.wav,2.628
1110.wav,4.372
11100.wav,5.184
11101.wav,5.908
11102.wav,3.749
11103.wav,10.269
11104.wav,1.009
11105.wav,2.537
11106.wav,1.381
11107.wav,16.669
11108.wav,6.862
11109.wav,0.954
1111.wav,2.713
11110.wav,2.181
11111.wav,2.31
11112.wav,1.561
11113.wav,6.208
11114.wav,5.245
11115.wav,1.488
11116.wav,3.974
11117.wav,5.46
11118.wav,7.305
11119.wav,3.301
1112.wav,1.061
11120.wav,1.235
11121.wav,3.395
11122.wav,1.269
11123.wav,3.539
11124.wav,3.435
11125.wav,3.681
11126.wav,1.996
11127.wav,2.567
11128.wav,2.289
11129.wav,6.45
1113.wav,1.638
11130.wav,5.325
11131.wav,3.135
11132.wav,3.907
11133.wav,5.281
11134.wav,4.168
11135.wav,1.245
11136.wav,0.833
11137.wav,2.873
11138.wav,6.607
11139.wav,2.043
1114.wav,4.189
11140.wav,7.82
11141.wav,3.382
11142.wav,2.382
11143.wav,3.875
11144.wav,2.083
11145.wav,6.27
11146.wav,0.86
11147.wav,4.792
11148.wav,2.543
11149.wav,2.372
1115.wav,4.047
11150.wav,3.933
11151.wav,3.631
11152.wav,6.129
11153.wav,2.631
11154.wav,1.824
11155.wav,3.256
11156.wav,1.29
11157.wav,1.441
11158.wav,3.348
11159.wav,1.646
1116.wav,2.191
11160.wav,2.688
11161.wav,3.013
11162.wav,5.113
11163.wav,1.836
11164.wav,4.433
11165.wav,3.007
11166.wav,1.597
11167.wav,4.335
11168.wav,3.105
11169.wav,1.794
1117.wav,2.525
11170.wav,4.108
11171.wav,4.622
11172.wav,2.077
11173.wav,2.77
11174.wav,1.425
11175.wav,6.762
11176.wav,1.367
11177.wav,1.394
11178.wav,4.188
11179.wav,3.625
1118.wav,7.586
11180.wav,1.823
11181.wav,0.866
11182.wav,1.507
11183.wav,0.883
11184.wav,3.315
11185.wav,19.773
11186.wav,8.349
11187.wav,6.862
11188.wav,3.886
11189.wav,3.36
1119.wav,1.481
11190.wav,4.081
11191.wav,2.339
11192.wav,2.127
11193.wav,6.768
11194.wav,3.601
11195.wav,6.437
11196.wav,1.168
11197.wav,3.714
11198.wav,1.431
11199.wav,2.531
112.wav,4.055
1120.wav,0.704
11200.wav,3.799
11201.wav,2.088
11202.wav,2.006
11203.wav,4.385
11204.wav,2.708
11205.wav,6.032
11206.wav,2.769
11207.wav,3.83
11208.wav,1.398
11209.wav,4.544
1121.wav,8.832
11210.wav,3.85
11211.wav,2.292
11212.wav,4.162
11213.wav,7.25
11214.wav,1.366
11215.wav,4.877
11216.wav,1.992
11217.wav,2.128
11218.wav,3.648
11219.wav,3.19
1122.wav,2.766
11220.wav,1.776
11221.wav,1.699
11222.wav,2.758
11223.wav,2.25
11224.wav,4.413
11225.wav,1.708
11226.wav,7.89
11227.wav,3.073
11228.wav,1.706
11229.wav,3.707
1123.wav,1.979
11230.wav,2.86
11231.wav,3.258
11232.wav,4.631
11233.wav,3.272
11234.wav,5.424
11235.wav,3.627
11236.wav,1.597
11237.wav,5.216
11238.wav,2.28
11239.wav,7.299
1124.wav,1.435
11240.wav,2.837
11241.wav,4.253
11242.wav,4.653
11243.wav,4.599
11244.wav,1.729
11245.wav,16.324
11246.wav,2.978
11247.wav,5.06
11248.wav,0.843
11249.wav,5.704
1125.wav,7.604
11250.wav,1.641
11251.wav,4.979
11252.wav,1.011
11253.wav,1.761
11254.wav,1.025
11255.wav,1.478
11256.wav,2.115
11257.wav,2.39
11258.wav,15.007
11259.wav,3.746
1126.wav,4.242
11260.wav,4.133
11261.wav,8.668
11262.wav,0.661
11263.wav,1.656
11264.wav,2.944
11265.wav,5.254
11266.wav,2.83
11267.wav,1.32
11268.wav,1.833
11269.wav,2.957
1127.wav,6.21
11270.wav,2.833
11271.wav,1.435
11272.wav,9.744
11273.wav,5.538
11274.wav,0.912
11275.wav,7.978
11276.wav,0.933
11277.wav,7.085
11278.wav,4.197
11279.wav,5.008
1128.wav,6.634
11280.wav,1.418
11281.wav,3.261
11282.wav,5.171
11283.wav,17.251
11284.wav,1.808
11285.wav,2.21
11286.wav,2.397
11287.wav,6.109
11288.wav,1.777
11289.wav,1.535
1129.wav,1.332
11290.wav,1.748
11291.wav,6.379
11292.wav,4.409
11293.wav,1.905
11294.wav,5.887
11295.wav,2.014
11296.wav,9.444
11297.wav,7.137
11298.wav,2.114
11299.wav,5.789
113.wav,15.277
1130.wav,4.309
11300.wav,1.211
11301.wav,4.004
11302.wav,8.698
11303.wav,1.079
11304.wav,6.668
11305.wav,2.206
11306.wav,4.297
11307.wav,1.612
11308.wav,6.272
11309.wav,2.013
1131.wav,6.047
11310.wav,8.279
11311.wav,3.726
11312.wav,6.26
11313.wav,2.716
11314.wav,1.576
11315.wav,3.337
11316.wav,6.365
11317.wav,3.211
11318.wav,3.023
11319.wav,4.022
1132.wav,4.689
11320.wav,3.099
11321.wav,4.76
11322.wav,2.357
11323.wav,22.861
11324.wav,5.384
11325.wav,1.529
11326.wav,2.164
11327.wav,2.55
11328.wav,4.208
11329.wav,1.27
1133.wav,3.303
11330.wav,1.984
11331.wav,7.359
11332.wav,4.382
11333.wav,2.292
11334.wav,6.379
11335.wav,1.229
11336.wav,2.055
11337.wav,0.984
11338.wav,12.091
11339.wav,3.01
1134.wav,3.384
11340.wav,1.729
11341.wav,0.815
11342.wav,3.612
11343.wav,4.29
11344.wav,4.744
11345.wav,8.234
11346.wav,3.135
11347.wav,3.139
11348.wav,4.145
11349.wav,3.124
1135.wav,1.926
11350.wav,3.537
11351.wav,1.73
11352.wav,3.466
11353.wav,3.552
11354.wav,14.319
11355.wav,2.944
11356.wav,1.967
11357.wav,0.986
11358.wav,6.969
11359.wav,2.892
1136.wav,5.014
11360.wav,3.168
11361.wav,3.586
11362.wav,5.411
11363.wav,2.454
11364.wav,5.747
11365.wav,1.299
11366.wav,1.368
11367.wav,4.867
11368.wav,4.586
11369.wav,1.808
1137.wav,3.138
11370.wav,8.877
11371.wav,1.757
11372.wav,3.795
11373.wav,1.427
11374.wav,2.625
11375.wav,5.897
11376.wav,3.493
11377.wav,4.444
11378.wav,9.437
11379.wav,2.796
1138.wav,5.672
11380.wav,1.765
11381.wav,11.361
11382.wav,5.177
11383.wav,2.766
11384.wav,2.662
11385.wav,6.199
11386.wav,1.149
11387.wav,1.851
11388.wav,2.547
11389.wav,4.065
1139.wav,13.379
11390.wav,5.576
11391.wav,15.643
11392.wav,3.901
11393.wav,2.174
11394.wav,2.764
11395.wav,6.45
11396.wav,8.464
11397.wav,1.347
11398.wav,2.051
11399.wav,4.027
114.wav,1.523
1140.wav,1.365
11400.wav,2.427
11401.wav,1.094
11402.wav,1.081
11403.wav,1.989
11404.wav,3.37
11405.wav,3.592
11406.wav,6.681
11407.wav,3.247
11408.wav,5.125
11409.wav,3.129
1141.wav,1.429
11410.wav,6.851
11411.wav,4.735
11412.wav,5.444
11413.wav,15.86
11414.wav,5.3
11415.wav,6.443
11416.wav,1.708
11417.wav,3.535
11418.wav,1.122
11419.wav,1.524
1142.wav,1.542
11420.wav,4.608
11421.wav,5.479
11422.wav,4.946
11423.wav,2.289
11424.wav,3.277
11425.wav,2.968
11426.wav,6.29
11427.wav,3.035
11428.wav,2.043
11429.wav,6.972
1143.wav,2.678
11430.wav,16.634
11431.wav,1.104
11432.wav,2.11
11433.wav,14.669
11434.wav,3.166
11435.wav,5.332
11436.wav,5.587
11437.wav,2.31
11438.wav,5.048
11439.wav,2.379
1144.wav,5.302
11440.wav,0.805
11441.wav,3.043
11442.wav,1.872
11443.wav,3.729
11444.wav,4.227
11445.wav,4.781
11446.wav,10.203
11447.wav,3.546
11448.wav,1.381
11449.wav,2.436
1145.wav,2.044
11450.wav,8.024
11451.wav,4.878
11452.wav,1.868
11453.wav,7.597
11454.wav,7.225
11455.wav,2.993
11456.wav,3.604
11457.wav,3.058
11458.wav,1.185
11459.wav,3.371
1146.wav,7.228
11460.wav,10.384
11461.wav,3.426
11462.wav,21.289
11463.wav,2.709
11464.wav,0.785
11465.wav,11.723
11466.wav,1.972
11467.wav,1.276
11468.wav,2.229
11469.wav,6.794
1147.wav,4.831
11470.wav,10.62
11471.wav,3.229
11472.wav,1.465
11473.wav,7.944
11474.wav,2.42
11475.wav,0.759
11476.wav,0.545
11477.wav,2.927
11478.wav,4.206
11479.wav,2.225
1148.wav,3.755
11480.wav,1.343
11481.wav,15.392
11482.wav,3.556
11483.wav,2.328
11484.wav,5.074
11485.wav,2.578
11486.wav,2.478
11487.wav,4.692
11488.wav,0.758
11489.wav,3.874
1149.wav,1.237
11490.wav,1.092
11491.wav,1.611
11492.wav,2.118
11493.wav,5.644
11494.wav,1.664
11495.wav,11.824
11496.wav,1.514
11497.wav,3.399
11498.wav,0.895
11499.wav,4.663
115.wav,1.215
1150.wav,5.87
11500.wav,2.732
11501.wav,3.217
11502.wav,2.51
11503.wav,1.735
11504.wav,2.797
11505.wav,1.435
11506.wav,6.2
11507.wav,3.105
11508.wav,5.932
11509.wav,4.619
1151.wav,2.147
11510.wav,2.55
11511.wav,2.245
11512.wav,2.143
11513.wav,5.25
11514.wav,2.434
11515.wav,1.507
11516.wav,7.505
11517.wav,2.039
11518.wav,14.913
11519.wav,3.059
1152.wav,0.739
11520.wav,1.859
11521.wav,2.859
11522.wav,2.338
11523.wav,4.288
11524.wav,5.546
11525.wav,2.099
11526.wav,4.263
11527.wav,4.878
11528.wav,5.002
11529.wav,16.045
1153.wav,2.092
11530.wav,0.787
11531.wav,1.691
11532.wav,2.219
11533.wav,6.895
11534.wav,2.692
11535.wav,2.214
11536.wav,11.302
11537.wav,6.623
11538.wav,3.558
11539.wav,1.959
1154.wav,4.365
11540.wav,6.035
11541.wav,10.32
11542.wav,3.184
11543.wav,1.992
11544.wav,1.801
11545.wav,11.515
11546.wav,1.277
11547.wav,2.411
11548.wav,2.559
11549.wav,3.03
1155.wav,3.16
11550.wav,3.718
11551.wav,3.48
11552.wav,3.396
11553.wav,1.765
11554.wav,19.87
11555.wav,2.476
11556.wav,2.406
11557.wav,5.666
11558.wav,2.893
11559.wav,1.258
1156.wav,9.494
11560.wav,4.538
11561.wav,2.486
11562.wav,9.992
11563.wav,1.832
11564.wav,1.798
11565.wav,3.092
11566.wav,2.41
11567.wav,0.835
11568.wav,6.385
11569.wav,1.739
1157.wav,1.382
11570.wav,3.664
11571.wav,3.197
11572.wav,2.911
11573.wav,2.599
11574.wav,2.1
11575.wav,5.492
11576.wav,2.18
11577.wav,8.742
11578.wav,2.362
11579.wav,1.637
1158.wav,1.011
11580.wav,7.443
11581.wav,2.33
11582.wav,9.871
11583.wav,7.502
11584.wav,6.775
11585.wav,6.003
11586.wav,1.116
11587.wav,4.952
11588.wav,3.097
11589.wav,2.553
1159.wav,3.088
11590.wav,11.789
11591.wav,4.183
11592.wav,2.93
11593.wav,2.753
11594.wav,4.251
11595.wav,3.254
11596.wav,4.28
11597.wav,4.534
11598.wav,1.967
11599.wav,1.928
116.wav,4.979
1160.wav,4.449
11600.wav,2.42
11601.wav,5.091
11602.wav,1.916
11603.wav,10.187
11604.wav,1.923
11605.wav,4.937
11606.wav,7.632
11607.wav,9.351
11608.wav,4.008
11609.wav,1.692
1161.wav,13.887
11610.wav,2.018
11611.wav,1.385
11612.wav,6.96
11613.wav,1.474
11614.wav,3.525
11615.wav,2.184
11616.wav,1.464
11617.wav,10.068
11618.wav,20.964
11619.wav,2.191
1162.wav,4.02
11620.wav,1.361
11621.wav,1.915
11622.wav,3.165
11623.wav,2.064
11624.wav,8.277
11625.wav,1.215
11626.wav,1.983
11627.wav,1.672
11628.wav,5.835
11629.wav,6.214
1163.wav,3.825
11630.wav,2.782
11631.wav,2.2
11632.wav,3.931
11633.wav,2.015
11634.wav,5.806
11635.wav,1.257
11636.wav,2.16
11637.wav,1.042
11638.wav,1.696
11639.wav,3.762
1164.wav,6.482
11640.wav,3.0
11641.wav,1.476
11642.wav,1.875
11643.wav,1.752
11644.wav,3.632
11645.wav,1.195
11646.wav,3.147
11647.wav,2.601
11648.wav,2.244
11649.wav,5.271
1165.wav,4.719
11650.wav,1.448
11651.wav,6.497
11652.wav,1.836
11653.wav,2.108
11654.wav,2.515
11655.wav,11.018
11656.wav,3.003
11657.wav,1.644
11658.wav,3.352
11659.wav,7.475
1166.wav,5.152
11660.wav,5.026
11661.wav,4.124
11662.wav,0.853
11663.wav,5.0
11664.wav,3.533
11665.wav,1.53
11666.wav,3.041
11667.wav,2.219
11668.wav,2.06
11669.wav,1.653
1167.wav,2.355
11670.wav,9.651
11671.wav,4.706
11672.wav,1.081
11673.wav,6.641
11674.wav,2.001
11675.wav,8.509
11676.wav,6.948
11677.wav,2.624
11678.wav,1.178
11679.wav,1.828
1168.wav,3.448
11680.wav,1.015
11681.wav,3.877
11682.wav,1.515
11683.wav,3.308
11684.wav,1.141
11685.wav,3.208
11686.wav,7.64
11687.wav,2.743
11688.wav,5.805
11689.wav,3.101
1169.wav,7.066
11690.wav,1.844
11691.wav,1.318
11692.wav,3.559
11693.wav,7.774
11694.wav,4.752
11695.wav,2.736
11696.wav,1.797
11697.wav,2.904
11698.wav,3.551
11699.wav,2.04
117.wav,1.249
1170.wav,11.045
11700.wav,1.438
11701.wav,3.047
11702.wav,4.881
11703.wav,1.287
11704.wav,0.946
11705.wav,1.655
11706.wav,7.143
11707.wav,3.535
11708.wav,1.96
11709.wav,4.378
1171.wav,1.874
11710.wav,2.293
11711.wav,5.924
11712.wav,3.203
11713.wav,5.22
11714.wav,2.353
11715.wav,2.558
11716.wav,6.308
11717.wav,2.283
11718.wav,5.571
11719.wav,4.742
1172.wav,3.441
11720.wav,2.994
11721.wav,6.436
11722.wav,1.653
11723.wav,4.557
11724.wav,23.419
11725.wav,3.99
11726.wav,19.228
11727.wav,3.384
11728.wav,6.381
11729.wav,2.409
1173.wav,1.056
11730.wav,1.576
11731.wav,4.429
11732.wav,2.964
11733.wav,1.701
11734.wav,3.077
11735.wav,1.527
11736.wav,4.497
11737.wav,2.984
11738.wav,1.735
11739.wav,4.221
1174.wav,5.737
11740.wav,1.798
11741.wav,1.594
11742.wav,0.833
11743.wav,2.183
11744.wav,2.124
11745.wav,7.522
11746.wav,2.908
11747.wav,4.351
11748.wav,7.782
11749.wav,2.564
1175.wav,3.106
11750.wav,7.858
11751.wav,4.925
11752.wav,1.626
11753.wav,1.598
11754.wav,2.663
11755.wav,7.562
11756.wav,1.462
11757.wav,6.662
11758.wav,3.167
11759.wav,8.355
1176.wav,2.799
11760.wav,3.633
11761.wav,3.126
11762.wav,2.362
11763.wav,1.764
11764.wav,3.0
11765.wav,1.491
11766.wav,5.578
11767.wav,1.358
11768.wav,4.653
11769.wav,2.028
1177.wav,2.492
11770.wav,2.952
11771.wav,1.632
11772.wav,11.82
11773.wav,4.581
11774.wav,3.029
11775.wav,9.846
11776.wav,7.653
11777.wav,4.571
11778.wav,2.686
11779.wav,9.873
1178.wav,2.596
11780.wav,2.411
11781.wav,4.06
11782.wav,2.49
11783.wav,5.705
11784.wav,3.611
11785.wav,6.33
11786.wav,4.805
11787.wav,3.663
11788.wav,6.598
11789.wav,3.217
1179.wav,0.925
11790.wav,2.425
11791.wav,6.898
11792.wav,3.577
11793.wav,3.098
11794.wav,2.412
11795.wav,4.096
11796.wav,5.605
11797.wav,1.982
11798.wav,4.459
11799.wav,1.336
118.wav,3.062
1180.wav,3.757
11800.wav,5.314
11801.wav,2.715
11802.wav,3.055
11803.wav,3.342
11804.wav,1.858
11805.wav,4.526
11806.wav,2.288
11807.wav,2.76
11808.wav,3.114
11809.wav,3.769
1181.wav,9.717
11810.wav,2.602
11811.wav,6.722
11812.wav,2.175
11813.wav,2.722
11814.wav,5.572
11815.wav,3.317
11816.wav,3.426
11817.wav,17.305
11818.wav,1.586
11819.wav,6.434
1182.wav,0.791
11820.wav,1.832
11821.wav,1.198
11822.wav,10.807
11823.wav,3.397
11824.wav,3.762
11825.wav,3.476
11826.wav,10.978
11827.wav,3.59
11828.wav,3.259
11829.wav,10.928
1183.wav,5.268
11830.wav,2.344
11831.wav,6.957
11832.wav,1.668
11833.wav,1.38
11834.wav,8.81
11835.wav,3.264
11836.wav,1.558
11837.wav,4.86
11838.wav,2.561
11839.wav,8.265
1184.wav,1.865
11840.wav,2.807
11841.wav,1.512
11842.wav,2.298
11843.wav,1.256
11844.wav,10.85
11845.wav,2.407
11846.wav,1.488
11847.wav,1.162
11848.wav,5.918
11849.wav,5.177
1185.wav,3.306
11850.wav,4.833
11851.wav,5.163
11852.wav,6.413
11853.wav,2.26
11854.wav,2.409
11855.wav,7.023
11856.wav,1.298
11857.wav,2.407
11858.wav,2.048
11859.wav,1.796
1186.wav,2.807
11860.wav,8.168
11861.wav,3.152
11862.wav,3.268
11863.wav,3.182
11864.wav,1.546
11865.wav,9.652
11866.wav,3.031
11867.wav,6.184
11868.wav,2.347
11869.wav,4.061
1187.wav,3.262
11870.wav,7.768
11871.wav,1.198
11872.wav,3.102
11873.wav,7.695
11874.wav,3.657
11875.wav,2.993
11876.wav,10.768
11877.wav,3.641
11878.wav,2.629
11879.wav,11.234
1188.wav,1.52
11880.wav,4.351
11881.wav,2.55
11882.wav,2.115
11883.wav,1.982
11884.wav,3.798
11885.wav,3.226
11886.wav,5.664
11887.wav,3.312
11888.wav,1.655
11889.wav,2.802
1189.wav,12.689
11890.wav,6.667
11891.wav,5.354
11892.wav,1.572
11893.wav,1.136
11894.wav,4.425
11895.wav,3.427
11896.wav,2.99
11897.wav,1.277
11898.wav,2.615
11899.wav,3.69
119.wav,4.667
1190.wav,6.353
11900.wav,2.047
11901.wav,3.374
11902.wav,3.735
11903.wav,4.391
11904.wav,1.869
11905.wav,1.629
11906.wav,3.23
11907.wav,8.971
11908.wav,2.905
11909.wav,2.329
1191.wav,13.072
11910.wav,2.362
11911.wav,1.642
11912.wav,3.185
11913.wav,3.532
11914.wav,2.594
11915.wav,2.408
11916.wav,5.475
11917.wav,1.488
11918.wav,2.834
11919.wav,10.932
1192.wav,1.616
11920.wav,4.738
11921.wav,4.689
11922.wav,4.129
11923.wav,1.887
11924.wav,10.162
11925.wav,2.738
11926.wav,1.953
11927.wav,1.326
11928.wav,3.987
11929.wav,7.068
1193.wav,3.691
11930.wav,1.655
11931.wav,1.468
11932.wav,2.855
11933.wav,4.532
11934.wav,3.97
11935.wav,6.531
11936.wav,5.256
11937.wav,2.208
11938.wav,5.252
11939.wav,0.656
1194.wav,1.823
11940.wav,4.529
11941.wav,11.54
11942.wav,3.381
11943.wav,1.632
11944.wav,4.675
11945.wav,0.905
11946.wav,1.57
11947.wav,2.509
11948.wav,3.048
11949.wav,4.165
1195.wav,2.87
11950.wav,7.768
11951.wav,7.035
11952.wav,4.924
11953.wav,3.514
11954.wav,4.664
11955.wav,6.353
11956.wav,5.04
11957.wav,2.938
11958.wav,1.585
11959.wav,1.078
1196.wav,3.914
11960.wav,0.867
11961.wav,12.114
11962.wav,4.513
11963.wav,2.35
11964.wav,5.37
11965.wav,8.692
11966.wav,2.787
11967.wav,2.471
11968.wav,4.283
11969.wav,2.499
1197.wav,2.304
11970.wav,4.185
11971.wav,2.254
11972.wav,2.172
11973.wav,1.417
11974.wav,2.148
11975.wav,7.021
11976.wav,3.982
11977.wav,1.593
11978.wav,5.858
11979.wav,4.161
1198.wav,2.096
11980.wav,5.442
11981.wav,9.585
11982.wav,2.454
11983.wav,3.631
11984.wav,2.312
11985.wav,10.245
11986.wav,3.617
11987.wav,2.892
11988.wav,1.265
11989.wav,2.767
1199.wav,15.536
11990.wav,4.735
11991.wav,1.112
11992.wav,3.669
11993.wav,3.134
11994.wav,9.503
11995.wav,1.035
11996.wav,3.043
11997.wav,1.216
11998.wav,1.59
11999.wav,1.836
12.wav,3.896
120.wav,2.234
1200.wav,5.769
12000.wav,3.146
12001.wav,1.572
12002.wav,1.641
12003.wav,0.959
12004.wav,3.333
12005.wav,10.958
12006.wav,13.968
12007.wav,1.539
12008.wav,4.572
12009.wav,5.476
1201.wav,1.679
12010.wav,2.546
12011.wav,1.033
12012.wav,3.293
12013.wav,3.905
12014.wav,2.064
12015.wav,3.246
12016.wav,2.22
12017.wav,2.33
12018.wav,7.539
12019.wav,5.285
1202.wav,2.906
12020.wav,3.724
12021.wav,1.997
12022.wav,1.439
12023.wav,1.769
12024.wav,2.792
12025.wav,14.51
12026.wav,4.996
12027.wav,22.186
12028.wav,1.53
12029.wav,2.671
1203.wav,5.522
12030.wav,1.796
12031.wav,8.814
12032.wav,8.994
12033.wav,7.278
12034.wav,2.236
12035.wav,2.305
12036.wav,0.804
12037.wav,1.783
12038.wav,1.554
12039.wav,3.109
1204.wav,2.792
12040.wav,2.355
12041.wav,2.234
12042.wav,2.17
12043.wav,3.354
12044.wav,10.464
12045.wav,6.202
12046.wav,11.129
12047.wav,0.994
12048.wav,3.293
12049.wav,6.945
1205.wav,1.645
12050.wav,2.181
12051.wav,3.883
12052.wav,6.588
12053.wav,3.074
12054.wav,1.501
12055.wav,4.299
12056.wav,3.438
12057.wav,3.728
12058.wav,1.017
12059.wav,1.458
1206.wav,10.018
12060.wav,4.411
12061.wav,3.821
12062.wav,1.918
12063.wav,8.19
12064.wav,2.382
12065.wav,2.537
12066.wav,1.752
12067.wav,7.973
12068.wav,1.354
12069.wav,3.623
1207.wav,2.142
12070.wav,3.603
12071.wav,5.597
12072.wav,2.087
12073.wav,4.581
12074.wav,1.343
12075.wav,7.225
12076.wav,20.323
12077.wav,18.118
12078.wav,1.964
12079.wav,3.401
1208.wav,0.977
12080.wav,2.361
12081.wav,16.028
12082.wav,1.885
12083.wav,7.361
12084.wav,20.328
12085.wav,4.008
12086.wav,6.53
12087.wav,1.675
12088.wav,16.772
12089.wav,1.565
1209.wav,12.691
12090.wav,7.239
12091.wav,21.171
12092.wav,2.199
12093.wav,2.912
12094.wav,7.187
12095.wav,1.866
12096.wav,1.657
12097.wav,5.53
12098.wav,4.708
12099.wav,2.131
121.wav,1.267
1210.wav,24.422
12100.wav,4.889
12101.wav,6.889
12102.wav,0.97
12103.wav,1.37
12104.wav,2.079
12105.wav,15.54
12106.wav,2.862
12107.wav,1.771
12108.wav,3.714
12109.wav,2.418
1211.wav,2.314
12110.wav,2.084
12111.wav,1.746
12112.wav,10.219
12113.wav,6.563
12114.wav,2.096
12115.wav,4.354
12116.wav,3.15
12117.wav,4.738
12118.wav,3.317
12119.wav,5.216
1212.wav,1.168
12120.wav,18.147
12121.wav,2.861
12122.wav,5.577
12123.wav,1.307
12124.wav,5.94
12125.wav,5.416
12126.wav,1.901
12127.wav,7.296
12128.wav,6.66
12129.wav,0.867
1213.wav,1.282
12130.wav,1.749
12131.wav,2.4
12132.wav,3.09
12133.wav,2.236
12134.wav,3.953
12135.wav,3.066
12136.wav,5.785
12137.wav,2.755
12138.wav,3.821
12139.wav,1.953
1214.wav,1.898
12140.wav,6.035
12141.wav,2.386
12142.wav,8.308
12143.wav,3.403
12144.wav,2.832
12145.wav,3.106
12146.wav,3.054
12147.wav,2.047
12148.wav,3.457
12149.wav,4.87
1215.wav,1.597
12150.wav,2.313
12151.wav,3.487
12152.wav,4.066
12153.wav,5.039
12154.wav,2.111
12155.wav,3.738
12156.wav,3.069
12157.wav,3.728
12158.wav,4.719
12159.wav,1.063
1216.wav,9.354
12160.wav,1.045
12161.wav,1.887
12162.wav,2.152
12163.wav,3.735
12164.wav,3.58
12165.wav,1.036
12166.wav,10.65
12167.wav,6.998
12168.wav,4.699
12169.wav,4.401
1217.wav,2.163
12170.wav,1.337
12171.wav,1.771
12172.wav,5.679
12173.wav,3.576
12174.wav,1.269
12175.wav,1.703
12176.wav,6.96
12177.wav,2.637
12178.wav,19.336
12179.wav,4.167
1218.wav,6.133
12180.wav,6.932
12181.wav,3.392
12182.wav,2.651
12183.wav,2.49
12184.wav,1.3
12185.wav,20.463
12186.wav,2.627
12187.wav,2.116
12188.wav,2.65
12189.wav,5.416
1219.wav,4.504
12190.wav,4.048
12191.wav,4.914
12192.wav,4.579
12193.wav,4.216
12194.wav,7.52
12195.wav,2.974
12196.wav,1.397
12197.wav,3.029
12198.wav,5.547
12199.wav,2.589
122.wav,2.709
1220.wav,1.295
12200.wav,3.612
12201.wav,1.048
12202.wav,3.886
12203.wav,2.242
12204.wav,8.521
12205.wav,3.294
12206.wav,1.593
12207.wav,2.074
12208.wav,3.671
12209.wav,4.456
1221.wav,3.778
12210.wav,1.839
12211.wav,1.588
12212.wav,2.184
12213.wav,4.613
12214.wav,4.619
12215.wav,2.914
12216.wav,5.356
12217.wav,3.853
12218.wav,0.862
12219.wav,1.763
1222.wav,1.124
12220.wav,2.505
12221.wav,2.767
12222.wav,2.322
12223.wav,2.881
12224.wav,5.222
12225.wav,2.387
12226.wav,5.975
12227.wav,2.933
12228.wav,2.079
12229.wav,4.586
1223.wav,4.386
12230.wav,4.154
12231.wav,2.375
12232.wav,2.798
12233.wav,2.23
12234.wav,2.911
12235.wav,3.501
12236.wav,5.208
12237.wav,1.873
12238.wav,5.842
12239.wav,5.564
1224.wav,2.212
12240.wav,1.842
12241.wav,2.91
12242.wav,3.023
12243.wav,3.569
12244.wav,4.608
12245.wav,2.981
12246.wav,4.714
12247.wav,4.862
12248.wav,3.454
12249.wav,3.852
1225.wav,4.423
12250.wav,9.738
12251.wav,3.479
12252.wav,1.501
12253.wav,4.516
12254.wav,5.634
12255.wav,1.266
12256.wav,3.483
12257.wav,4.198
12258.wav,5.367
12259.wav,2.028
1226.wav,4.755
12260.wav,1.972
12261.wav,7.612
12262.wav,2.897
12263.wav,2.105
12264.wav,12.948
12265.wav,2.003
12266.wav,1.972
12267.wav,1.877
12268.wav,1.796
12269.wav,3.777
1227.wav,4.029
12270.wav,7.342
12271.wav,5.679
12272.wav,4.169
12273.wav,5.916
12274.wav,3.516
12275.wav,3.685
12276.wav,1.781
12277.wav,8.667
12278.wav,17.664
12279.wav,7.273
1228.wav,11.388
12280.wav,1.342
12281.wav,9.669
12282.wav,2.64
12283.wav,4.305
12284.wav,3.846
12285.wav,1.974
12286.wav,1.742
12287.wav,1.607
12288.wav,1.616
12289.wav,4.085
1229.wav,6.135
12290.wav,2.906
12291.wav,14.542
12292.wav,2.438
12293.wav,1.599
12294.wav,0.9
12295.wav,0.783
12296.wav,4.739
12297.wav,2.253
12298.wav,0.729
12299.wav,3.016
123.wav,1.869
1230.wav,11.681
12300.wav,2.547
12301.wav,7.671
12302.wav,3.267
12303.wav,2.304
12304.wav,0.958
12305.wav,4.389
12306.wav,2.222
12307.wav,1.64
12308.wav,5.301
12309.wav,0.665
1231.wav,10.733
12310.wav,2.991
12311.wav,3.178
12312.wav,6.096
12313.wav,2.591
12314.wav,2.657
12315.wav,3.782
12316.wav,3.692
12317.wav,6.016
12318.wav,6.489
12319.wav,3.395
1232.wav,4.008
12320.wav,3.855
12321.wav,3.749
12322.wav,2.381
12323.wav,3.175
12324.wav,3.541
12325.wav,3.836
12326.wav,2.242
12327.wav,1.804
12328.wav,4.014
12329.wav,6.113
1233.wav,3.498
12330.wav,1.287
12331.wav,1.681
12332.wav,1.939
12333.wav,1.0
12334.wav,3.094
12335.wav,11.082
12336.wav,4.197
12337.wav,4.337
12338.wav,2.129
12339.wav,5.213
1234.wav,1.165
12340.wav,3.262
12341.wav,2.361
12342.wav,3.803
12343.wav,2.512
12344.wav,6.097
12345.wav,3.988
12346.wav,3.79
12347.wav,10.831
12348.wav,4.263
12349.wav,5.812
1235.wav,3.904
12350.wav,1.812
12351.wav,6.823
12352.wav,6.791
12353.wav,0.554
12354.wav,15.525
12355.wav,2.944
12356.wav,1.303
12357.wav,1.215
12358.wav,8.195
12359.wav,2.74
1236.wav,1.696
12360.wav,7.391
12361.wav,2.076
12362.wav,2.487
12363.wav,2.598
12364.wav,13.52
12365.wav,2.678
12366.wav,4.111
12367.wav,5.237
12368.wav,3.59
12369.wav,4.067
1237.wav,5.709
12370.wav,7.61
12371.wav,2.255
12372.wav,5.226
12373.wav,18.941
12374.wav,1.799
12375.wav,2.656
12376.wav,2.555
12377.wav,2.885
12378.wav,1.985
12379.wav,2.447
1238.wav,5.456
12380.wav,2.169
12381.wav,3.087
12382.wav,4.166
12383.wav,2.95
12384.wav,2.177
12385.wav,1.252
12386.wav,5.885
12387.wav,9.91
12388.wav,9.405
12389.wav,5.749
1239.wav,3.458
12390.wav,2.822
12391.wav,1.615
12392.wav,5.203
12393.wav,2.505
12394.wav,3.02
12395.wav,3.366
12396.wav,1.888
12397.wav,1.592
12398.wav,3.04
12399.wav,3.074
124.wav,2.889
1240.wav,6.36
12400.wav,1.731
12401.wav,4.03
12402.wav,1.598
12403.wav,3.28
12404.wav,11.245
12405.wav,5.092
12406.wav,5.808
12407.wav,7.087
12408.wav,7.544
12409.wav,2.028
1241.wav,8.89
12410.wav,5.224
12411.wav,4.402
12412.wav,6.095
12413.wav,4.123
12414.wav,2.083
12415.wav,1.004
12416.wav,4.277
12417.wav,3.484
12418.wav,11.918
12419.wav,2.081
1242.wav,5.361
12420.wav,1.741
12421.wav,0.813
12422.wav,4.887
12423.wav,2.019
12424.wav,1.843
12425.wav,4.328
12426.wav,5.758
12427.wav,2.187
12428.wav,2.405
12429.wav,11.224
1243.wav,2.227
12430.wav,6.787
12431.wav,4.714
12432.wav,5.435
12433.wav,4.285
12434.wav,1.507
12435.wav,1.514
12436.wav,4.833
12437.wav,1.787
12438.wav,5.533
12439.wav,7.462
1244.wav,6.913
12440.wav,10.423
12441.wav,1.504
12442.wav,7.769
12443.wav,7.037
12444.wav,7.876
12445.wav,1.334
12446.wav,1.242
12447.wav,2.253
12448.wav,1.605
12449.wav,6.096
1245.wav,3.294
12450.wav,2.849
12451.wav,1.979
12452.wav,0.85
12453.wav,4.159
12454.wav,2.255
12455.wav,1.865
12456.wav,2.682
12457.wav,2.37
12458.wav,5.028
12459.wav,2.827
1246.wav,6.556
12460.wav,6.447
12461.wav,4.345
12462.wav,5.329
12463.wav,3.038
12464.wav,1.786
12465.wav,3.357
12466.wav,1.938
12467.wav,3.177
12468.wav,3.459
12469.wav,6.348
1247.wav,1.498
12470.wav,3.602
12471.wav,5.288
12472.wav,5.384
12473.wav,4.368
12474.wav,2.0
12475.wav,1.832
12476.wav,1.532
12477.wav,1.445
12478.wav,1.052
12479.wav,5.53
1248.wav,5.567
12480.wav,4.843
12481.wav,9.43
12482.wav,3.542
12483.wav,1.071
12484.wav,2.38
12485.wav,5.52
12486.wav,2.066
12487.wav,3.758
12488.wav,3.56
12489.wav,3.569
1249.wav,2.616
12490.wav,2.015
12491.wav,2.431
12492.wav,4.594
12493.wav,14.354
12494.wav,3.336
12495.wav,5.721
12496.wav,7.095
12497.wav,3.313
12498.wav,4.097
12499.wav,1.535
125.wav,1.39
1250.wav,2.061
12500.wav,1.115
12501.wav,12.439
12502.wav,3.154
12503.wav,4.964
12504.wav,7.109
12505.wav,1.731
12506.wav,2.008
12507.wav,2.016
12508.wav,3.938
12509.wav,1.291
1251.wav,13.422
12510.wav,3.707
12511.wav,18.755
12512.wav,21.789
12513.wav,0.859
12514.wav,3.809
12515.wav,7.268
12516.wav,2.063
12517.wav,2.209
12518.wav,3.832
12519.wav,5.17
1252.wav,1.108
12520.wav,3.375
12521.wav,4.18
12522.wav,1.308
12523.wav,3.773
12524.wav,1.092
12525.wav,1.72
12526.wav,4.518
12527.wav,1.693
12528.wav,3.487
12529.wav,2.97
1253.wav,6.327
12530.wav,1.383
12531.wav,2.111
12532.wav,4.556
12533.wav,1.467
12534.wav,2.879
12535.wav,3.271
12536.wav,2.036
12537.wav,1.62
12538.wav,13.085
12539.wav,3.467
1254.wav,4.104
12540.wav,2.136
12541.wav,1.497
12542.wav,9.335
12543.wav,3.928
12544.wav,1.534
12545.wav,3.262
12546.wav,1.188
12547.wav,7.241
12548.wav,7.789
12549.wav,13.3
1255.wav,3.334
12550.wav,2.709
12551.wav,1.545
12552.wav,2.287
12553.wav,0.823
12554.wav,2.304
12555.wav,16.533
12556.wav,3.356
12557.wav,8.765
12558.wav,2.379
12559.wav,3.572
1256.wav,1.194
12560.wav,3.392
12561.wav,2.507
12562.wav,4.042
12563.wav,1.961
12564.wav,2.264
12565.wav,4.402
12566.wav,3.035
12567.wav,2.91
12568.wav,4.661
12569.wav,7.036
1257.wav,1.726
12570.wav,2.514
12571.wav,3.595
12572.wav,3.031
12573.wav,19.771
12574.wav,10.612
12575.wav,8.676
12576.wav,3.262
12577.wav,2.264
12578.wav,1.934
12579.wav,0.956
1258.wav,3.12
12580.wav,3.924
12581.wav,8.498
12582.wav,17.926
12583.wav,1.432
12584.wav,7.944
12585.wav,3.257
12586.wav,0.725
12587.wav,2.638
12588.wav,4.41
12589.wav,14.282
1259.wav,2.107
12590.wav,1.007
12591.wav,12.91
12592.wav,3.448
12593.wav,3.362
12594.wav,2.169
12595.wav,3.993
12596.wav,4.462
12597.wav,1.724
12598.wav,3.186
12599.wav,6.642
126.wav,11.881
1260.wav,1.738
12600.wav,3.262
12601.wav,2.411
12602.wav,1.819
12603.wav,1.699
12604.wav,1.598
12605.wav,1.403
12606.wav,1.696
12607.wav,2.726
12608.wav,1.621
12609.wav,1.162
1261.wav,2.756
12610.wav,21.964
12611.wav,6.329
12612.wav,1.616
12613.wav,4.343
12614.wav,8.082
12615.wav,3.817
12616.wav,2.303
12617.wav,1.68
12618.wav,1.712
12619.wav,3.899
1262.wav,2.823
12620.wav,2.092
12621.wav,1.105
12622.wav,1.324
12623.wav,2.072
12624.wav,1.621
12625.wav,2.454
12626.wav,1.128
12627.wav,6.111
12628.wav,5.187
12629.wav,0.895
1263.wav,6.944
12630.wav,1.444
12631.wav,1.655
12632.wav,7.791
12633.wav,7.564
12634.wav,1.857
12635.wav,1.738
12636.wav,2.472
12637.wav,1.257
12638.wav,2.805
12639.wav,1.738
1264.wav,1.812
12640.wav,2.065
12641.wav,16.142
12642.wav,3.356
12643.wav,3.802
12644.wav,3.465
12645.wav,2.397
12646.wav,10.338
12647.wav,2.678
12648.wav,12.533
12649.wav,2.149
1265.wav,2.638
12650.wav,2.337
12651.wav,3.987
12652.wav,1.845
12653.wav,2.072
12654.wav,1.848
12655.wav,6.889
12656.wav,1.27
12657.wav,2.175
12658.wav,3.042
12659.wav,3.328
1266.wav,2.687
12660.wav,8.04
12661.wav,16.083
12662.wav,1.619
12663.wav,1.855
12664.wav,2.953
12665.wav,1.593
12666.wav,3.989
12667.wav,4.504
12668.wav,1.655
12669.wav,6.654
1267.wav,1.751
12670.wav,2.263
12671.wav,17.987
12672.wav,2.869
12673.wav,9.451
12674.wav,8.111
12675.wav,3.496
12676.wav,2.615
12677.wav,4.021
12678.wav,2.156
12679.wav,3.59
1268.wav,3.829
12680.wav,1.287
12681.wav,5.094
12682.wav,1.7
12683.wav,5.585
12684.wav,1.678
12685.wav,2.705
12686.wav,2.412
12687.wav,2.765
12688.wav,3.785
12689.wav,2.011
1269.wav,2.859
12690.wav,4.914
12691.wav,6.042
12692.wav,2.059
12693.wav,5.818
12694.wav,1.855
12695.wav,1.018
12696.wav,1.328
12697.wav,3.315
12698.wav,3.121
12699.wav,21.721
127.wav,5.235
1270.wav,9.699
12700.wav,4.114
12701.wav,2.426
12702.wav,2.159
12703.wav,1.969
12704.wav,6.919
12705.wav,6.379
12706.wav,1.524
12707.wav,3.585
12708.wav,9.825
12709.wav,3.828
1271.wav,11.115
12710.wav,2.225
12711.wav,4.295
12712.wav,3.087
12713.wav,2.191
12714.wav,3.971
12715.wav,1.473
12716.wav,2.384
12717.wav,6.861
12718.wav,5.637
12719.wav,4.062
1272.wav,2.945
12720.wav,2.939
12721.wav,1.861
12722.wav,1.49
12723.wav,9.866
12724.wav,5.615
12725.wav,4.906
12726.wav,1.444
12727.wav,19.482
12728.wav,3.34
12729.wav,2.494
1273.wav,18.808
12730.wav,2.847
12731.wav,4.369
12732.wav,12.677
12733.wav,8.548
12734.wav,2.654
12735.wav,2.984
12736.wav,3.408
12737.wav,6.339
12738.wav,13.088
12739.wav,6.26
1274.wav,6.304
12740.wav,3.389
12741.wav,1.396
12742.wav,2.946
12743.wav,2.412
12744.wav,2.893
12745.wav,3.057
12746.wav,5.161
12747.wav,1.323
12748.wav,4.431
12749.wav,5.949
1275.wav,1.996
12750.wav,3.879
12751.wav,0.859
12752.wav,8.067
12753.wav,3.658
12754.wav,8.226
12755.wav,5.574
12756.wav,4.478
12757.wav,1.737
12758.wav,2.115
12759.wav,5.17
1276.wav,4.037
12760.wav,5.523
12761.wav,3.849
12762.wav,2.72
12763.wav,1.693
12764.wav,1.642
12765.wav,1.177
12766.wav,2.773
12767.wav,2.627
12768.wav,2.514
12769.wav,4.002
1277.wav,10.238
12770.wav,4.88
12771.wav,2.44
12772.wav,2.519
12773.wav,1.251
12774.wav,2.329
12775.wav,2.418
12776.wav,1.411
12777.wav,2.47
12778.wav,15.015
12779.wav,1.154
1278.wav,5.849
12780.wav,5.941
12781.wav,3.389
12782.wav,2.337
12783.wav,6.421
12784.wav,1.837
12785.wav,12.608
12786.wav,1.776
12787.wav,4.094
12788.wav,2.47
12789.wav,8.817
1279.wav,2.322
12790.wav,11.159
12791.wav,2.975
12792.wav,2.77
12793.wav,5.191
12794.wav,2.113
12795.wav,6.871
12796.wav,1.969
12797.wav,2.179
12798.wav,2.321
12799.wav,1.728
128.wav,4.469
1280.wav,1.36
12800.wav,6.117
12801.wav,3.111
12802.wav,2.841
12803.wav,3.688
12804.wav,2.087
12805.wav,0.934
12806.wav,4.681
12807.wav,5.908
12808.wav,1.797
12809.wav,4.6
1281.wav,5.33
12810.wav,8.33
12811.wav,6.934
12812.wav,4.153
12813.wav,1.126
12814.wav,0.903
12815.wav,6.19
12816.wav,9.031
12817.wav,3.094
12818.wav,2.726
12819.wav,7.929
1282.wav,2.463
12820.wav,2.254
12821.wav,1.358
12822.wav,3.485
12823.wav,3.227
12824.wav,2.045
12825.wav,2.085
12826.wav,2.485
12827.wav,2.705
12828.wav,2.492
12829.wav,3.31
1283.wav,0.984
12830.wav,1.841
12831.wav,4.943
12832.wav,4.716
12833.wav,1.152
12834.wav,9.946
12835.wav,2.636
12836.wav,3.094
12837.wav,3.311
12838.wav,3.7
12839.wav,2.396
1284.wav,10.179
12840.wav,4.615
12841.wav,8.069
12842.wav,3.167
12843.wav,8.645
12844.wav,2.606
12845.wav,2.169
12846.wav,2.727
12847.wav,3.796
12848.wav,4.084
12849.wav,3.174
1285.wav,12.809
12850.wav,3.621
12851.wav,1.657
12852.wav,1.794
12853.wav,6.771
12854.wav,8.001
12855.wav,0.889
12856.wav,3.931
12857.wav,10.029
12858.wav,3.347
12859.wav,6.284
1286.wav,3.205
12860.wav,3.146
12861.wav,2.97
12862.wav,6.817
12863.wav,1.403
12864.wav,1.541
12865.wav,3.537
12866.wav,3.158
12867.wav,1.509
12868.wav,1.541
12869.wav,3.22
1287.wav,2.426
12870.wav,5.036
12871.wav,3.12
12872.wav,6.532
12873.wav,4.748
12874.wav,3.082
12875.wav,1.818
12876.wav,20.062
12877.wav,3.023
12878.wav,3.171
12879.wav,3.185
1288.wav,2.782
12880.wav,7.13
12881.wav,2.339
12882.wav,3.464
12883.wav,3.572
12884.wav,0.679
12885.wav,3.952
12886.wav,4.265
12887.wav,7.479
12888.wav,5.436
12889.wav,2.94
1289.wav,1.654
12890.wav,2.039
12891.wav,6.912
12892.wav,4.385
12893.wav,11.792
12894.wav,2.108
12895.wav,5.811
12896.wav,4.509
12897.wav,3.945
12898.wav,4.526
12899.wav,3.407
129.wav,6.199
1290.wav,2.622
12900.wav,1.79
12901.wav,0.889
12902.wav,4.905
12903.wav,4.535
12904.wav,1.508
12905.wav,8.352
12906.wav,3.008
12907.wav,3.794
12908.wav,2.539
12909.wav,13.941
1291.wav,2.099
12910.wav,3.858
12911.wav,5.911
12912.wav,2.562
12913.wav,1.59
12914.wav,4.145
12915.wav,1.228
12916.wav,3.169
12917.wav,6.806
12918.wav,4.77
12919.wav,3.973
1292.wav,2.498
12920.wav,3.954
12921.wav,2.78
12922.wav,2.81
12923.wav,7.397
12924.wav,1.972
12925.wav,5.286
12926.wav,5.406
12927.wav,8.401
12928.wav,3.451
12929.wav,1.914
1293.wav,1.721
12930.wav,1.859
12931.wav,4.501
12932.wav,6.488
12933.wav,1.618
12934.wav,2.56
12935.wav,4.193
12936.wav,3.979
12937.wav,12.174
12938.wav,1.175
12939.wav,4.838
1294.wav,3.507
12940.wav,2.337
12941.wav,2.369
12942.wav,2.011
12943.wav,2.361
12944.wav,5.393
12945.wav,1.561
12946.wav,5.529
12947.wav,12.372
12948.wav,3.976
12949.wav,3.846
1295.wav,0.919
12950.wav,2.183
12951.wav,1.863
12952.wav,1.189
12953.wav,3.79
12954.wav,0.755
12955.wav,2.853
12956.wav,1.821
12957.wav,2.171
12958.wav,11.638
12959.wav,8.963
1296.wav,1.266
12960.wav,1.163
12961.wav,4.921
12962.wav,2.97
12963.wav,6.463
12964.wav,6.146
12965.wav,3.491
12966.wav,2.3
12967.wav,0.836
12968.wav,1.282
12969.wav,4.415
1297.wav,4.147
12970.wav,8.231
12971.wav,5.178
12972.wav,6.866
12973.wav,2.881
12974.wav,2.168
12975.wav,4.199
12976.wav,2.586
12977.wav,5.508
12978.wav,3.646
12979.wav,2.624
1298.wav,1.613
12980.wav,2.259
12981.wav,6.896
12982.wav,1.753
12983.wav,4.886
12984.wav,3.529
12985.wav,2.329
12986.wav,2.582
12987.wav,2.821
12988.wav,2.405
12989.wav,4.484
1299.wav,2.456
12990.wav,2.263
12991.wav,5.466
12992.wav,6.928
12993.wav,4.196
12994.wav,1.074
12995.wav,4.655
12996.wav,2.2
12997.wav,2.243
12998.wav,3.467
12999.wav,2.252
13.wav,1.906
130.wav,1.583
1300.wav,2.369
13000.wav,1.721
13001.wav,3.002
13002.wav,14.061
13003.wav,2.382
13004.wav,2.922
13005.wav,3.33
13006.wav,3.114
13007.wav,2.899
13008.wav,2.341
13009.wav,3.644
1301.wav,1.686
13010.wav,4.146
13011.wav,3.721
13012.wav,2.331
13013.wav,1.254
13014.wav,1.964
13015.wav,7.119
13016.wav,1.629
13017.wav,2.643
13018.wav,9.719
13019.wav,0.996
1302.wav,1.862
13020.wav,5.537
13021.wav,3.798
13022.wav,5.193
13023.wav,1.417
13024.wav,5.052
13025.wav,3.459
13026.wav,2.726
13027.wav,3.273
13028.wav,6.142
13029.wav,1.609
1303.wav,6.909
13030.wav,6.804
13031.wav,2.166
13032.wav,11.415
13033.wav,1.876
13034.wav,20.229
13035.wav,11.252
13036.wav,0.723
13037.wav,2.413
13038.wav,1.522
13039.wav,3.693
1304.wav,3.056
13040.wav,5.887
13041.wav,2.863
13042.wav,0.776
13043.wav,3.64
13044.wav,1.52
13045.wav,2.157
13046.wav,7.399
13047.wav,2.189
13048.wav,2.245
13049.wav,1.705
1305.wav,7.758
13050.wav,2.48
13051.wav,3.226
13052.wav,2.373
13053.wav,5.494
13054.wav,3.178
13055.wav,2.836
13056.wav,3.809
13057.wav,1.809
13058.wav,10.941
13059.wav,2.915
1306.wav,3.846
13060.wav,4.376
13061.wav,1.611
13062.wav,2.305
13063.wav,3.14
13064.wav,2.607
13065.wav,1.134
13066.wav,6.247
13067.wav,1.542
13068.wav,4.565
13069.wav,7.434
1307.wav,3.718
13070.wav,3.082
13071.wav,12.234
13072.wav,8.132
13073.wav,3.954
13074.wav,5.589
13075.wav,8.004
13076.wav,2.712
13077.wav,5.62
13078.wav,1.09
13079.wav,1.412
1308.wav,8.141
13080.wav,2.064
13081.wav,1.158
13082.wav,1.636
13083.wav,2.328
13084.wav,3.315
13085.wav,1.276
13086.wav,1.578
13087.wav,4.27
13088.wav,3.867
13089.wav,4.877
1309.wav,3.347
13090.wav,5.653
13091.wav,5.269
13092.wav,13.224
13093.wav,2.62
13094.wav,0.926
13095.wav,2.943
13096.wav,6.538
13097.wav,6.4
13098.wav,3.595
13099.wav,2.167
131.wav,2.803
1310.wav,3.016
13100.wav,4.922
13101.wav,1.407
13102.wav,7.458
13103.wav,3.486
13104.wav,3.008
13105.wav,3.853
13106.wav,2.981
13107.wav,4.874
13108.wav,12.092
13109.wav,5.446
1311.wav,5.191
13110.wav,6.979
13111.wav,6.219
13112.wav,8.004
13113.wav,3.647
13114.wav,1.15
13115.wav,1.874
13116.wav,8.305
13117.wav,2.849
13118.wav,1.763
13119.wav,3.21
1312.wav,5.832
13120.wav,2.282
13121.wav,7.66
13122.wav,6.635
13123.wav,4.509
13124.wav,4.732
13125.wav,4.872
13126.wav,6.273
13127.wav,2.124
13128.wav,6.213
13129.wav,2.749
1313.wav,5.051
13130.wav,1.473
13131.wav,3.347
13132.wav,4.469
13133.wav,6.532
13134.wav,3.61
13135.wav,4.79
13136.wav,2.169
13137.wav,3.574
13138.wav,1.28
13139.wav,11.244
1314.wav,3.876
13140.wav,4.438
13141.wav,6.058
13142.wav,7.109
13143.wav,2.854
13144.wav,4.319
13145.wav,7.354
13146.wav,9.7
13147.wav,2.559
13148.wav,4.509
13149.wav,3.243
1315.wav,9.987
13150.wav,3.861
13151.wav,3.48
13152.wav,9.121
13153.wav,2.566
13154.wav,2.495
13155.wav,3.983
13156.wav,3.991
13157.wav,4.48
13158.wav,5.322
13159.wav,1.925
1316.wav,1.596
13160.wav,4.518
13161.wav,3.662
13162.wav,2.981
13163.wav,1.864
13164.wav,8.531
13165.wav,5.087
13166.wav,4.317
13167.wav,2.889
13168.wav,4.199
13169.wav,1.69
1317.wav,1.814
13170.wav,3.298
13171.wav,2.886
13172.wav,5.825
13173.wav,6.563
13174.wav,4.626
13175.wav,7.215
13176.wav,4.301
13177.wav,3.381
13178.wav,8.294
13179.wav,1.512
1318.wav,10.315
13180.wav,6.059
13181.wav,3.95
13182.wav,1.949
13183.wav,2.742
13184.wav,1.07
13185.wav,3.57
13186.wav,1.983
13187.wav,2.666
13188.wav,2.819
13189.wav,1.111
1319.wav,2.603
13190.wav,4.413
13191.wav,5.892
13192.wav,3.167
13193.wav,1.72
13194.wav,5.585
13195.wav,2.334
13196.wav,4.739
13197.wav,4.751
13198.wav,1.25
13199.wav,1.988
132.wav,3.882
1320.wav,9.784
13200.wav,2.553
13201.wav,1.164
13202.wav,11.33
13203.wav,8.839
13204.wav,2.226
13205.wav,5.423
13206.wav,4.378
13207.wav,2.026
13208.wav,3.942
13209.wav,3.027
1321.wav,2.804
13210.wav,2.977
13211.wav,4.098
13212.wav,0.878
13213.wav,6.047
13214.wav,1.916
13215.wav,3.921
13216.wav,6.207
13217.wav,2.125
13218.wav,3.766
13219.wav,1.917
1322.wav,6.771
13220.wav,6.425
13221.wav,3.99
13222.wav,3.473
13223.wav,1.999
13224.wav,10.138
13225.wav,14.255
13226.wav,2.923
13227.wav,4.489
13228.wav,3.465
13229.wav,3.9
1323.wav,1.885
13230.wav,4.907
13231.wav,4.355
13232.wav,2.616
13233.wav,4.66
13234.wav,1.588
13235.wav,2.687
13236.wav,2.504
13237.wav,3.768
13238.wav,1.505
13239.wav,9.697
1324.wav,3.745
13240.wav,5.656
13241.wav,2.874
13242.wav,4.879
13243.wav,1.321
13244.wav,2.292
13245.wav,2.262
13246.wav,7.798
13247.wav,8.714
13248.wav,2.935
13249.wav,2.412
1325.wav,5.644
13250.wav,6.976
13251.wav,3.236
13252.wav,3.203
13253.wav,2.021
13254.wav,12.637
13255.wav,1.925
13256.wav,1.48
13257.wav,3.475
13258.wav,13.064
13259.wav,6.332
1326.wav,0.919
13260.wav,1.922
13261.wav,4.062
13262.wav,20.894
13263.wav,7.42
13264.wav,0.972
13265.wav,4.564
13266.wav,1.919
13267.wav,5.109
13268.wav,1.763
13269.wav,2.664
1327.wav,3.968
13270.wav,2.124
13271.wav,9.748
13272.wav,1.846
13273.wav,1.616
13274.wav,2.813
13275.wav,2.058
13276.wav,2.774
13277.wav,1.948
13278.wav,2.866
13279.wav,2.117
1328.wav,5.19
13280.wav,6.705
13281.wav,10.688
13282.wav,2.092
13283.wav,4.174
13284.wav,2.517
13285.wav,1.974
13286.wav,4.105
13287.wav,5.187
13288.wav,3.96
13289.wav,3.116
1329.wav,1.997
13290.wav,1.296
13291.wav,3.241
13292.wav,2.4
13293.wav,14.844
13294.wav,2.759
13295.wav,3.169
13296.wav,4.495
13297.wav,4.366
13298.wav,9.357
13299.wav,2.621
133.wav,1.196
1330.wav,4.685
13300.wav,2.694
13301.wav,2.864
13302.wav,5.36
13303.wav,8.529
13304.wav,2.777
13305.wav,5.757
13306.wav,1.269
13307.wav,1.134
13308.wav,2.033
13309.wav,1.26
1331.wav,2.78
13310.wav,4.552
13311.wav,2.753
13312.wav,4.496
13313.wav,4.121
13314.wav,11.933
13315.wav,3.284
13316.wav,1.906
13317.wav,1.524
13318.wav,1.824
13319.wav,2.812
1332.wav,2.988
13320.wav,1.494
13321.wav,2.763
13322.wav,1.979
13323.wav,4.86
13324.wav,1.618
13325.wav,1.637
13326.wav,1.074
13327.wav,5.893
13328.wav,3.816
13329.wav,3.385
1333.wav,8.681
13330.wav,5.922
13331.wav,4.558
13332.wav,1.952
13333.wav,9.998
13334.wav,3.109
13335.wav,4.719
13336.wav,5.592
13337.wav,0.883
13338.wav,5.623
13339.wav,4.506
1334.wav,1.469
13340.wav,8.697
13341.wav,1.647
13342.wav,7.313
13343.wav,2.318
13344.wav,4.449
13345.wav,2.423
13346.wav,5.241
13347.wav,5.393
13348.wav,9.671
13349.wav,6.291
1335.wav,14.913
13350.wav,1.721
13351.wav,1.357
13352.wav,2.05
13353.wav,17.691
13354.wav,2.573
13355.wav,2.519
13356.wav,1.471
13357.wav,12.323
13358.wav,10.094
13359.wav,3.789
1336.wav,1.179
13360.wav,5.856
13361.wav,1.907
13362.wav,2.111
13363.wav,4.144
13364.wav,5.905
13365.wav,6.541
13366.wav,2.256
13367.wav,1.868
13368.wav,9.117
13369.wav,6.395
1337.wav,1.103
13370.wav,2.955
13371.wav,8.305
13372.wav,1.836
13373.wav,1.627
13374.wav,3.886
13375.wav,1.439
13376.wav,2.212
13377.wav,8.35
13378.wav,3.054
13379.wav,3.759
1338.wav,2.229
13380.wav,1.602
13381.wav,1.782
13382.wav,3.064
13383.wav,2.191
13384.wav,3.116
13385.wav,4.624
13386.wav,1.694
13387.wav,2.206
13388.wav,6.705
13389.wav,5.467
1339.wav,19.64
13390.wav,1.301
13391.wav,12.743
13392.wav,6.396
13393.wav,2.045
13394.wav,6.076
13395.wav,3.982
13396.wav,5.189
13397.wav,12.699
13398.wav,1.213
13399.wav,2.736
134.wav,9.074
1340.wav,8.143
13400.wav,3.794
13401.wav,1.865
13402.wav,5.829
13403.wav,5.405
13404.wav,6.953
13405.wav,2.525
13406.wav,2.789
13407.wav,1.375
13408.wav,5.936
13409.wav,2.53
1341.wav,3.749
13410.wav,2.861
13411.wav,2.935
13412.wav,5.642
13413.wav,2.682
13414.wav,3.069
13415.wav,0.995
13416.wav,1.832
13417.wav,2.909
13418.wav,2.713
13419.wav,6.906
1342.wav,4.019
13420.wav,5.164
13421.wav,6.104
13422.wav,3.081
13423.wav,5.85
13424.wav,2.446
13425.wav,3.927
13426.wav,7.969
13427.wav,1.473
13428.wav,1.548
13429.wav,3.377
1343.wav,6.859
13430.wav,3.017
13431.wav,4.367
13432.wav,3.809
13433.wav,3.04
13434.wav,7.673
13435.wav,1.414
13436.wav,3.519
13437.wav,5.158
13438.wav,4.278
13439.wav,0.788
1344.wav,4.555
13440.wav,0.841
13441.wav,1.108
13442.wav,0.948
13443.wav,1.952
13444.wav,3.093
13445.wav,4.59
13446.wav,3.8
13447.wav,3.236
13448.wav,5.348
13449.wav,1.185
1345.wav,3.149
13450.wav,1.808
13451.wav,9.445
13452.wav,1.951
13453.wav,5.235
13454.wav,2.968
13455.wav,3.996
13456.wav,2.555
13457.wav,3.184
13458.wav,2.239
13459.wav,3.571
1346.wav,2.998
13460.wav,1.685
13461.wav,1.249
13462.wav,4.327
13463.wav,2.889
13464.wav,7.939
13465.wav,2.157
13466.wav,3.119
13467.wav,10.704
13468.wav,1.281
13469.wav,13.883
1347.wav,1.535
13470.wav,1.51
13471.wav,2.819
13472.wav,1.743
13473.wav,4.258
13474.wav,3.389
13475.wav,5.071
13476.wav,3.402
13477.wav,1.979
13478.wav,4.067
13479.wav,2.621
1348.wav,9.53
13480.wav,2.371
13481.wav,14.509
13482.wav,1.748
13483.wav,3.542
13484.wav,5.61
13485.wav,6.673
13486.wav,10.909
13487.wav,3.578
13488.wav,13.801
13489.wav,16.339
1349.wav,4.752
13490.wav,2.451
13491.wav,1.718
13492.wav,4.136
13493.wav,2.771
13494.wav,2.174
13495.wav,13.004
13496.wav,8.015
13497.wav,3.021
13498.wav,4.575
13499.wav,1.404
135.wav,1.433
1350.wav,3.861
13500.wav,4.096
13501.wav,2.718
13502.wav,3.769
13503.wav,4.566
13504.wav,3.701
13505.wav,3.278
13506.wav,1.616
13507.wav,3.883
13508.wav,1.999
13509.wav,5.321
1351.wav,3.681
13510.wav,5.915
13511.wav,1.165
13512.wav,2.739
13513.wav,4.645
13514.wav,2.277
13515.wav,0.924
13516.wav,16.25
13517.wav,2.471
13518.wav,2.238
13519.wav,2.927
1352.wav,3.583
13520.wav,4.63
13521.wav,1.664
13522.wav,1.955
13523.wav,1.71
13524.wav,1.077
13525.wav,10.049
13526.wav,2.327
13527.wav,10.68
13528.wav,0.872
13529.wav,1.607
1353.wav,2.232
13530.wav,2.505
13531.wav,3.495
13532.wav,11.45
13533.wav,3.873
13534.wav,6.088
13535.wav,2.346
13536.wav,3.518
13537.wav,5.169
13538.wav,1.303
13539.wav,5.302
1354.wav,10.285
13540.wav,2.645
13541.wav,0.723
13542.wav,1.978
13543.wav,3.424
13544.wav,1.833
13545.wav,2.262
13546.wav,3.044
13547.wav,3.933
13548.wav,4.158
13549.wav,4.497
1355.wav,1.454
13550.wav,2.69
13551.wav,2.562
13552.wav,3.829
13553.wav,2.863
13554.wav,2.399
13555.wav,13.572
13556.wav,1.667
13557.wav,0.841
13558.wav,4.694
13559.wav,3.661
1356.wav,2.726
13560.wav,5.083
13561.wav,3.178
13562.wav,7.003
13563.wav,5.419
13564.wav,2.298
13565.wav,2.508
13566.wav,8.77
13567.wav,1.883
13568.wav,5.331
13569.wav,0.821
1357.wav,4.808
13570.wav,1.327
13571.wav,5.069
13572.wav,6.074
13573.wav,2.13
13574.wav,0.815
13575.wav,1.994
13576.wav,1.035
13577.wav,4.02
13578.wav,8.615
13579.wav,9.834
1358.wav,0.744
13580.wav,1.318
13581.wav,1.695
13582.wav,1.661
13583.wav,5.816
13584.wav,10.311
13585.wav,4.251
13586.wav,5.85
13587.wav,7.277
13588.wav,1.161
13589.wav,1.755
1359.wav,4.011
13590.wav,3.484
13591.wav,2.009
13592.wav,0.828
13593.wav,6.173
13594.wav,1.595
13595.wav,1.412
13596.wav,5.01
13597.wav,1.604
13598.wav,1.538
13599.wav,3.168
136.wav,7.228
1360.wav,3.038
13600.wav,2.432
13601.wav,3.817
13602.wav,6.699
13603.wav,4.309
13604.wav,1.618
13605.wav,3.268
13606.wav,3.924
13607.wav,4.807
13608.wav,3.153
13609.wav,1.995
1361.wav,3.461
13610.wav,2.469
13611.wav,3.801
13612.wav,0.87
13613.wav,2.683
13614.wav,9.704
13615.wav,1.976
13616.wav,4.245
13617.wav,1.457
13618.wav,1.694
13619.wav,1.869
1362.wav,1.69
13620.wav,2.487
13621.wav,2.155
13622.wav,3.274
13623.wav,1.55
13624.wav,2.147
13625.wav,8.875
13626.wav,9.174
13627.wav,2.509
13628.wav,1.341
13629.wav,8.162
1363.wav,2.732
13630.wav,4.099
13631.wav,6.527
13632.wav,13.003
13633.wav,21.494
13634.wav,1.742
13635.wav,2.079
13636.wav,7.115
13637.wav,3.725
13638.wav,5.918
13639.wav,2.116
1364.wav,2.187
13640.wav,2.65
13641.wav,3.693
13642.wav,2.668
13643.wav,1.815
13644.wav,2.682
13645.wav,6.101
13646.wav,5.458
13647.wav,2.422
13648.wav,2.108
13649.wav,1.592
1365.wav,6.886
13650.wav,9.617
13651.wav,3.086
13652.wav,5.264
13653.wav,4.403
13654.wav,0.883
13655.wav,1.305
13656.wav,1.411
13657.wav,3.683
13658.wav,4.392
13659.wav,3.385
1366.wav,1.814
13660.wav,4.041
13661.wav,4.018
13662.wav,6.54
13663.wav,6.062
13664.wav,3.319
13665.wav,3.545
13666.wav,1.593
13667.wav,2.287
13668.wav,2.654
13669.wav,11.311
1367.wav,9.004
13670.wav,5.063
13671.wav,1.646
13672.wav,2.819
13673.wav,3.614
13674.wav,18.612
13675.wav,6.771
13676.wav,9.09
13677.wav,5.079
13678.wav,4.882
13679.wav,5.482
1368.wav,2.932
13680.wav,5.746
13681.wav,8.377
13682.wav,1.652
13683.wav,3.316
13684.wav,4.008
13685.wav,4.802
13686.wav,3.95
13687.wav,2.253
13688.wav,3.135
13689.wav,3.791
1369.wav,2.614
13690.wav,2.044
13691.wav,6.195
13692.wav,6.101
13693.wav,1.558
13694.wav,2.323
13695.wav,1.162
13696.wav,1.566
13697.wav,4.757
13698.wav,2.163
13699.wav,3.456
137.wav,2.7
1370.wav,1.628
13700.wav,3.352
13701.wav,13.162
13702.wav,2.044
13703.wav,3.376
13704.wav,1.888
13705.wav,1.767
13706.wav,4.374
13707.wav,6.823
13708.wav,3.604
13709.wav,2.578
1371.wav,3.017
13710.wav,1.811
13711.wav,4.183
13712.wav,5.627
13713.wav,4.167
13714.wav,2.018
13715.wav,1.409
13716.wav,6.755
13717.wav,1.722
13718.wav,3.62
13719.wav,4.41
1372.wav,3.642
13720.wav,10.8
13721.wav,2.483
13722.wav,2.562
13723.wav,0.757
13724.wav,1.772
13725.wav,5.161
13726.wav,2.381
13727.wav,2.002
13728.wav,2.568
13729.wav,4.508
1373.wav,11.242
13730.wav,8.73
13731.wav,2.606
13732.wav,3.16
13733.wav,7.81
13734.wav,2.656
13735.wav,6.24
13736.wav,3.665
13737.wav,4.948
13738.wav,7.151
13739.wav,4.125
1374.wav,1.54
13740.wav,8.033
13741.wav,1.559
13742.wav,1.679
13743.wav,1.862
13744.wav,3.868
13745.wav,3.576
13746.wav,18.557
13747.wav,6.75
13748.wav,2.448
13749.wav,4.046
1375.wav,1.617
13750.wav,1.767
13751.wav,6.345
13752.wav,4.94
13753.wav,8.07
13754.wav,3.757
13755.wav,2.533
13756.wav,3.58
13757.wav,1.566
13758.wav,2.18
13759.wav,4.088
1376.wav,2.289
13760.wav,2.253
13761.wav,1.351
13762.wav,6.773
13763.wav,2.77
13764.wav,1.493
13765.wav,5.376
13766.wav,1.349
13767.wav,1.44
13768.wav,1.567
13769.wav,2.376
1377.wav,2.347
13770.wav,4.807
13771.wav,20.495
13772.wav,1.064
13773.wav,3.179
13774.wav,4.532
13775.wav,3.654
13776.wav,1.923
13777.wav,3.818
13778.wav,13.623
13779.wav,6.864
1378.wav,4.089
13780.wav,3.315
13781.wav,1.528
13782.wav,9.858
13783.wav,5.176
13784.wav,3.301
13785.wav,5.166
13786.wav,7.843
13787.wav,0.884
13788.wav,3.237
13789.wav,1.527
1379.wav,1.961
13790.wav,4.139
13791.wav,2.624
13792.wav,6.425
13793.wav,5.094
13794.wav,3.943
13795.wav,2.897
13796.wav,5.833
13797.wav,5.923
13798.wav,4.898
13799.wav,2.355
138.wav,23.304
1380.wav,0.969
13800.wav,2.062
13801.wav,1.429
13802.wav,8.424
13803.wav,2.386
13804.wav,6.031
13805.wav,4.552
13806.wav,2.536
13807.wav,1.292
13808.wav,1.609
13809.wav,2.181
1381.wav,1.828
13810.wav,4.245
13811.wav,2.102
13812.wav,1.489
13813.wav,3.666
13814.wav,1.635
13815.wav,10.491
13816.wav,9.82
13817.wav,7.624
13818.wav,2.204
13819.wav,5.282
1382.wav,1.907
13820.wav,2.391
13821.wav,2.818
13822.wav,1.814
13823.wav,3.644
13824.wav,2.009
13825.wav,3.207
13826.wav,0.765
13827.wav,1.455
13828.wav,4.612
13829.wav,6.29
1383.wav,2.267
13830.wav,4.738
13831.wav,9.172
13832.wav,4.081
13833.wav,3.135
13834.wav,3.03
13835.wav,1.917
13836.wav,2.904
13837.wav,6.312
13838.wav,2.394
13839.wav,1.916
1384.wav,3.388
13840.wav,13.118
13841.wav,7.154
13842.wav,10.617
13843.wav,3.854
13844.wav,3.581
13845.wav,9.734
13846.wav,4.599
13847.wav,1.293
13848.wav,7.242
13849.wav,6.344
1385.wav,1.031
13850.wav,0.867
13851.wav,4.364
13852.wav,10.145
13853.wav,6.799
13854.wav,4.047
13855.wav,8.428
13856.wav,6.045
13857.wav,4.07
13858.wav,1.966
13859.wav,4.944
1386.wav,6.697
13860.wav,9.649
13861.wav,5.93
13862.wav,1.057
13863.wav,3.556
13864.wav,7.956
13865.wav,2.476
13866.wav,5.319
13867.wav,11.198
13868.wav,6.88
13869.wav,11.167
1387.wav,1.51
13870.wav,3.459
13871.wav,3.1
13872.wav,2.619
13873.wav,5.242
13874.wav,1.273
13875.wav,6.605
13876.wav,1.736
13877.wav,2.377
13878.wav,2.053
13879.wav,2.366
1388.wav,1.439
13880.wav,3.096
13881.wav,3.309
13882.wav,4.94
13883.wav,3.956
13884.wav,4.294
13885.wav,7.985
13886.wav,5.775
13887.wav,6.648
13888.wav,5.347
13889.wav,1.097
1389.wav,5.859
13890.wav,2.829
13891.wav,2.831
13892.wav,2.122
13893.wav,3.988
13894.wav,6.146
13895.wav,6.412
13896.wav,3.194
13897.wav,4.578
13898.wav,4.199
13899.wav,2.057
139.wav,8.281
1390.wav,1.293
13900.wav,1.807
13901.wav,5.976
13902.wav,6.359
13903.wav,1.167
13904.wav,6.813
13905.wav,1.146
13906.wav,4.685
13907.wav,2.863
13908.wav,2.882
13909.wav,10.946
1391.wav,4.195
13910.wav,3.495
13911.wav,2.213
13912.wav,3.886
13913.wav,4.181
13914.wav,4.775
13915.wav,4.214
13916.wav,6.37
13917.wav,4.469
13918.wav,5.774
13919.wav,7.971
1392.wav,1.029
13920.wav,4.076
13921.wav,1.769
13922.wav,1.536
13923.wav,4.201
13924.wav,4.906
13925.wav,3.714
13926.wav,4.641
13927.wav,12.48
13928.wav,2.537
13929.wav,1.563
1393.wav,1.337
13930.wav,3.6
13931.wav,3.26
13932.wav,1.437
13933.wav,1.534
13934.wav,1.818
13935.wav,1.728
13936.wav,2.319
13937.wav,6.247
13938.wav,3.643
13939.wav,1.829
1394.wav,5.612
13940.wav,5.283
13941.wav,1.969
13942.wav,1.535
13943.wav,4.046
13944.wav,3.005
13945.wav,2.701
13946.wav,6.518
13947.wav,4.647
13948.wav,20.582
13949.wav,1.822
1395.wav,7.904
13950.wav,2.261
13951.wav,2.021
13952.wav,4.781
13953.wav,1.193
13954.wav,1.035
13955.wav,1.867
13956.wav,8.157
13957.wav,15.294
13958.wav,3.402
13959.wav,2.537
1396.wav,2.536
13960.wav,4.769
13961.wav,2.395
13962.wav,2.336
13963.wav,1.825
13964.wav,1.342
13965.wav,2.169
13966.wav,5.194
13967.wav,0.965
13968.wav,4.21
13969.wav,1.103
1397.wav,3.544
13970.wav,1.145
13971.wav,5.582
13972.wav,8.489
13973.wav,3.553
13974.wav,2.48
13975.wav,6.402
13976.wav,4.171
13977.wav,4.694
13978.wav,1.837
13979.wav,2.87
1398.wav,3.284
13980.wav,2.226
13981.wav,3.14
13982.wav,1.815
13983.wav,1.604
13984.wav,2.036
13985.wav,2.928
13986.wav,23.525
13987.wav,2.574
13988.wav,3.641
13989.wav,2.699
1399.wav,2.212
13990.wav,2.3
13991.wav,1.639
13992.wav,1.548
13993.wav,2.404
13994.wav,1.524
13995.wav,1.159
13996.wav,4.672
13997.wav,2.273
13998.wav,6.615
13999.wav,6.639
14.wav,1.598
140.wav,4.236
1400.wav,2.168
14000.wav,1.568
14001.wav,8.04
14002.wav,4.344
14003.wav,1.167
14004.wav,9.18
14005.wav,10.78
14006.wav,5.8
14007.wav,5.217
14008.wav,7.342
14009.wav,2.747
1401.wav,2.131
14010.wav,2.878
14011.wav,4.42
14012.wav,4.551
14013.wav,2.662
14014.wav,2.318
14015.wav,2.209
14016.wav,2.358
14017.wav,8.276
14018.wav,2.548
14019.wav,2.709
1402.wav,1.417
14020.wav,12.813
14021.wav,5.622
14022.wav,1.53
14023.wav,6.862
14024.wav,1.004
14025.wav,3.991
14026.wav,4.287
14027.wav,1.719
14028.wav,3.241
14029.wav,3.329
1403.wav,2.373
14030.wav,5.197
14031.wav,3.801
14032.wav,5.277
14033.wav,18.195
14034.wav,12.102
14035.wav,4.477
14036.wav,1.223
14037.wav,3.65
14038.wav,1.931
14039.wav,4.4
1404.wav,7.314
14040.wav,2.006
14041.wav,1.574
14042.wav,2.612
14043.wav,4.76
14044.wav,3.144
14045.wav,4.279
14046.wav,1.95
14047.wav,3.876
14048.wav,3.024
14049.wav,3.39
1405.wav,2.699
14050.wav,2.583
14051.wav,5.749
14052.wav,4.51
14053.wav,1.988
14054.wav,1.558
14055.wav,3.021
14056.wav,3.792
14057.wav,1.446
14058.wav,1.966
14059.wav,2.48
1406.wav,2.67
14060.wav,3.407
14061.wav,6.717
14062.wav,6.89
14063.wav,4.458
14064.wav,3.913
14065.wav,2.522
14066.wav,17.908
14067.wav,6.184
14068.wav,2.984
14069.wav,0.928
1407.wav,1.274
14070.wav,5.228
14071.wav,1.689
14072.wav,7.506
14073.wav,6.028
14074.wav,4.418
14075.wav,7.158
14076.wav,8.481
14077.wav,1.404
14078.wav,1.837
14079.wav,1.588
1408.wav,4.481
14080.wav,2.935
14081.wav,1.489
14082.wav,4.722
14083.wav,2.432
14084.wav,2.748
14085.wav,2.059
14086.wav,4.628
14087.wav,1.914
14088.wav,1.427
14089.wav,2.726
1409.wav,3.418
14090.wav,3.69
14091.wav,13.156
14092.wav,1.403
14093.wav,4.382
14094.wav,2.436
14095.wav,5.126
14096.wav,1.422
14097.wav,1.878
14098.wav,2.416
14099.wav,1.21
141.wav,3.649
1410.wav,2.365
14100.wav,5.978
14101.wav,4.47
14102.wav,4.146
14103.wav,6.028
14104.wav,2.026
14105.wav,4.307
14106.wav,3.075
14107.wav,2.184
14108.wav,1.29
14109.wav,2.823
1411.wav,1.142
14110.wav,3.797
14111.wav,9.557
14112.wav,3.387
14113.wav,2.638
14114.wav,9.514
14115.wav,3.066
14116.wav,1.923
14117.wav,4.381
14118.wav,3.153
14119.wav,9.157
1412.wav,5.661
14120.wav,3.518
14121.wav,7.191
14122.wav,4.602
14123.wav,5.745
14124.wav,16.413
14125.wav,3.402
14126.wav,7.667
14127.wav,2.698
14128.wav,3.466
14129.wav,2.961
1413.wav,3.57
14130.wav,24.002
14131.wav,3.718
14132.wav,4.066
14133.wav,20.141
14134.wav,2.321
14135.wav,9.898
14136.wav,1.657
14137.wav,8.03
14138.wav,1.842
14139.wav,4.763
1414.wav,4.739
14140.wav,5.935
14141.wav,10.242
14142.wav,2.067
14143.wav,11.593
14144.wav,4.633
14145.wav,0.8
14146.wav,4.478
14147.wav,15.4
14148.wav,2.304
14149.wav,3.766
1415.wav,3.647
14150.wav,4.453
14151.wav,2.488
14152.wav,16.624
14153.wav,4.598
14154.wav,3.88
14155.wav,4.568
14156.wav,1.684
14157.wav,2.249
14158.wav,6.498
14159.wav,3.133
1416.wav,9.351
14160.wav,2.841
14161.wav,2.58
14162.wav,3.083
14163.wav,1.648
14164.wav,14.633
14165.wav,10.092
14166.wav,9.027
14167.wav,3.238
14168.wav,12.755
14169.wav,5.717
1417.wav,1.357
14170.wav,10.128
14171.wav,4.394
14172.wav,1.462
14173.wav,2.308
14174.wav,1.915
14175.wav,3.141
14176.wav,1.875
14177.wav,2.595
14178.wav,0.802
14179.wav,5.29
1418.wav,7.357
14180.wav,7.988
14181.wav,6.232
14182.wav,3.58
14183.wav,2.283
14184.wav,4.924
14185.wav,8.941
14186.wav,5.27
14187.wav,1.373
14188.wav,9.906
14189.wav,5.942
1419.wav,1.773
14190.wav,2.963
14191.wav,2.533
14192.wav,0.959
14193.wav,2.382
14194.wav,3.751
14195.wav,2.679
14196.wav,2.473
14197.wav,4.013
14198.wav,5.584
14199.wav,1.812
142.wav,5.429
1420.wav,3.232
14200.wav,5.247
14201.wav,1.655
14202.wav,5.535
14203.wav,4.824
14204.wav,5.164
14205.wav,5.844
14206.wav,2.063
14207.wav,9.16
14208.wav,2.912
14209.wav,2.829
1421.wav,8.212
14210.wav,2.352
14211.wav,10.007
14212.wav,2.225
14213.wav,5.363
14214.wav,2.613
14215.wav,5.507
14216.wav,9.136
14217.wav,11.2
14218.wav,2.175
14219.wav,1.654
1422.wav,6.131
14220.wav,2.109
14221.wav,1.073
14222.wav,6.208
14223.wav,2.534
14224.wav,8.25
14225.wav,2.213
14226.wav,1.678
14227.wav,8.316
14228.wav,5.634
14229.wav,8.933
1423.wav,3.226
14230.wav,3.013
14231.wav,2.474
14232.wav,2.246
14233.wav,4.574
14234.wav,2.244
14235.wav,2.698
14236.wav,6.651
14237.wav,1.836
14238.wav,2.206
14239.wav,2.885
1424.wav,3.903
14240.wav,4.394
14241.wav,2.725
14242.wav,7.122
14243.wav,0.667
14244.wav,6.291
14245.wav,2.79
14246.wav,2.282
14247.wav,1.933
14248.wav,2.722
14249.wav,1.465
1425.wav,6.263
14250.wav,7.355
14251.wav,3.243
14252.wav,1.924
14253.wav,2.508
14254.wav,1.941
14255.wav,2.884
14256.wav,5.93
14257.wav,5.49
14258.wav,4.549
14259.wav,2.517
1426.wav,5.348
14260.wav,1.56
14261.wav,1.474
14262.wav,2.403
14263.wav,4.286
14264.wav,3.413
14265.wav,3.31
14266.wav,2.707
14267.wav,2.43
14268.wav,3.208
14269.wav,3.641
1427.wav,1.715
14270.wav,1.343
14271.wav,7.346
14272.wav,5.034
14273.wav,4.607
14274.wav,5.325
14275.wav,2.243
14276.wav,4.118
14277.wav,3.71
14278.wav,3.234
14279.wav,1.314
1428.wav,2.721
14280.wav,2.162
14281.wav,5.547
14282.wav,6.724
14283.wav,2.271
14284.wav,1.219
14285.wav,2.468
14286.wav,3.78
14287.wav,2.181
14288.wav,2.223
14289.wav,4.505
1429.wav,1.779
14290.wav,5.109
14291.wav,1.585
14292.wav,6.874
14293.wav,10.284
14294.wav,2.894
14295.wav,12.209
14296.wav,6.547
14297.wav,2.614
14298.wav,2.806
14299.wav,1.921
143.wav,4.627
1430.wav,2.11
14300.wav,5.756
14301.wav,2.432
14302.wav,4.122
14303.wav,6.435
14304.wav,2.026
14305.wav,7.139
14306.wav,1.627
14307.wav,10.887
14308.wav,1.688
14309.wav,1.602
1431.wav,2.352
14310.wav,9.617
14311.wav,6.66
14312.wav,1.941
14313.wav,3.244
14314.wav,5.313
14315.wav,22.772
14316.wav,4.659
14317.wav,1.314
14318.wav,2.443
14319.wav,3.201
1432.wav,2.919
14320.wav,1.046
14321.wav,7.423
14322.wav,4.783
14323.wav,1.853
14324.wav,1.943
14325.wav,1.304
14326.wav,3.783
14327.wav,5.911
14328.wav,5.835
14329.wav,4.619
1433.wav,2.322
14330.wav,2.33
14331.wav,5.381
14332.wav,8.413
14333.wav,1.996
14334.wav,3.072
14335.wav,4.31
14336.wav,1.365
14337.wav,2.978
14338.wav,9.254
14339.wav,0.955
1434.wav,5.174
14340.wav,17.905
14341.wav,6.823
14342.wav,2.545
14343.wav,2.172
14344.wav,2.327
14345.wav,1.965
14346.wav,4.757
14347.wav,5.913
14348.wav,12.656
14349.wav,1.607
1435.wav,1.363
14350.wav,9.19
14351.wav,3.073
14352.wav,14.725
14353.wav,1.16
14354.wav,18.355
14355.wav,2.395
14356.wav,2.851
14357.wav,5.068
14358.wav,3.195
14359.wav,4.07
1436.wav,13.881
14360.wav,3.111
14361.wav,1.412
14362.wav,7.349
14363.wav,2.431
14364.wav,1.817
14365.wav,1.262
14366.wav,2.146
14367.wav,5.636
14368.wav,2.14
14369.wav,0.797
1437.wav,2.662
14370.wav,4.31
14371.wav,4.506
14372.wav,7.576
14373.wav,6.792
14374.wav,1.094
14375.wav,3.137
14376.wav,1.37
14377.wav,2.509
14378.wav,8.384
14379.wav,4.392
1438.wav,1.726
14380.wav,5.388
14381.wav,1.689
14382.wav,0.854
14383.wav,9.448
14384.wav,3.831
14385.wav,4.272
14386.wav,8.066
14387.wav,3.293
14388.wav,4.405
14389.wav,3.805
1439.wav,1.735
14390.wav,2.193
14391.wav,2.293
14392.wav,2.005
14393.wav,3.071
14394.wav,1.391
14395.wav,4.859
14396.wav,3.086
14397.wav,5.357
14398.wav,3.657
14399.wav,1.983
144.wav,1.847
1440.wav,2.0
14400.wav,16.235
14401.wav,6.068
14402.wav,3.385
14403.wav,10.502
14404.wav,11.331
14405.wav,1.847
14406.wav,3.513
14407.wav,3.324
14408.wav,3.002
14409.wav,4.745
1441.wav,3.075
14410.wav,1.818
14411.wav,1.194
14412.wav,4.855
14413.wav,2.576
14414.wav,2.037
14415.wav,2.246
14416.wav,5.791
14417.wav,3.351
14418.wav,0.938
14419.wav,3.478
1442.wav,3.257
14420.wav,5.601
14421.wav,4.367
14422.wav,2.689
14423.wav,2.768
14424.wav,15.401
14425.wav,4.677
14426.wav,2.723
14427.wav,4.478
14428.wav,7.872
14429.wav,2.995
1443.wav,3.816
14430.wav,2.015
14431.wav,2.564
14432.wav,1.901
14433.wav,9.284
14434.wav,5.571
14435.wav,3.157
14436.wav,5.742
14437.wav,6.795
14438.wav,3.914
14439.wav,9.217
1444.wav,10.089
14440.wav,2.357
14441.wav,3.23
14442.wav,2.634
14443.wav,7.107
14444.wav,7.651
14445.wav,2.212
14446.wav,3.48
14447.wav,1.146
14448.wav,2.569
14449.wav,4.943
1445.wav,5.287
14450.wav,2.351
14451.wav,0.961
14452.wav,2.618
14453.wav,2.168
14454.wav,8.668
14455.wav,4.411
14456.wav,8.022
14457.wav,2.181
14458.wav,4.223
14459.wav,5.164
1446.wav,3.36
14460.wav,1.909
14461.wav,6.635
14462.wav,1.664
14463.wav,1.405
14464.wav,9.569
14465.wav,1.776
14466.wav,6.017
14467.wav,10.643
14468.wav,3.195
14469.wav,1.64
1447.wav,4.26
14470.wav,6.245
14471.wav,1.932
14472.wav,6.901
14473.wav,4.075
14474.wav,6.879
14475.wav,2.136
14476.wav,8.62
14477.wav,5.1
14478.wav,5.451
14479.wav,11.998
1448.wav,1.815
14480.wav,4.2
14481.wav,2.58
14482.wav,2.406
14483.wav,0.775
14484.wav,3.834
14485.wav,4.792
14486.wav,3.011
14487.wav,1.556
14488.wav,1.954
14489.wav,1.054
1449.wav,4.324
14490.wav,1.539
14491.wav,1.947
14492.wav,1.965
14493.wav,1.869
14494.wav,3.544
14495.wav,1.263
14496.wav,1.445
14497.wav,14.962
14498.wav,10.086
14499.wav,5.328
145.wav,1.91
1450.wav,5.611
14500.wav,1.482
14501.wav,4.248
14502.wav,3.024
14503.wav,23.834
14504.wav,9.727
14505.wav,6.538
14506.wav,6.279
14507.wav,1.764
14508.wav,2.9
14509.wav,6.665
1451.wav,3.734
14510.wav,1.333
14511.wav,4.715
14512.wav,1.451
14513.wav,3.985
14514.wav,2.104
14515.wav,2.839
14516.wav,2.763
14517.wav,3.478
14518.wav,3.919
14519.wav,5.838
1452.wav,2.424
14520.wav,0.976
14521.wav,1.837
14522.wav,2.029
14523.wav,2.293
14524.wav,2.066
14525.wav,3.588
14526.wav,1.675
14527.wav,2.475
14528.wav,3.683
14529.wav,1.961
1453.wav,3.186
14530.wav,5.417
14531.wav,1.955
14532.wav,2.928
14533.wav,3.663
14534.wav,1.764
14535.wav,3.143
14536.wav,1.28
14537.wav,5.35
14538.wav,1.123
14539.wav,5.113
1454.wav,2.899
14540.wav,3.12
14541.wav,2.506
14542.wav,0.887
14543.wav,3.681
14544.wav,1.459
14545.wav,2.304
14546.wav,4.19
14547.wav,1.835
14548.wav,1.212
14549.wav,8.774
1455.wav,2.819
14550.wav,2.718
14551.wav,4.701
14552.wav,3.725
14553.wav,2.381
14554.wav,6.999
14555.wav,5.118
14556.wav,2.842
14557.wav,5.321
14558.wav,2.452
14559.wav,22.599
1456.wav,3.422
14560.wav,2.483
14561.wav,5.454
14562.wav,2.311
14563.wav,0.842
14564.wav,1.06
14565.wav,8.569
14566.wav,2.711
14567.wav,5.871
14568.wav,5.563
14569.wav,2.025
1457.wav,4.854
14570.wav,4.097
14571.wav,1.754
14572.wav,1.948
14573.wav,5.191
14574.wav,15.309
14575.wav,3.839
14576.wav,3.332
14577.wav,3.043
14578.wav,2.199
14579.wav,5.154
1458.wav,2.208
14580.wav,5.96
14581.wav,3.285
14582.wav,5.063
14583.wav,3.464
14584.wav,7.995
14585.wav,8.218
14586.wav,1.335
14587.wav,3.138
14588.wav,5.952
14589.wav,5.72
1459.wav,4.246
14590.wav,4.608
14591.wav,6.752
14592.wav,1.958
14593.wav,2.725
14594.wav,1.779
14595.wav,1.915
14596.wav,3.643
14597.wav,3.865
14598.wav,2.099
14599.wav,23.187
146.wav,1.059
1460.wav,2.023
14600.wav,3.995
14601.wav,1.035
14602.wav,4.881
14603.wav,1.732
14604.wav,3.785
14605.wav,4.125
14606.wav,1.639
14607.wav,4.539
14608.wav,2.453
14609.wav,1.216
1461.wav,1.897
14610.wav,2.67
14611.wav,11.315
14612.wav,1.675
14613.wav,7.643
14614.wav,2.412
14615.wav,2.527
14616.wav,2.006
14617.wav,5.731
14618.wav,0.793
14619.wav,6.493
1462.wav,10.411
14620.wav,1.668
14621.wav,1.442
14622.wav,4.52
14623.wav,14.499
14624.wav,1.298
14625.wav,5.834
14626.wav,4.241
14627.wav,24.645
14628.wav,1.004
14629.wav,5.753
1463.wav,1.119
14630.wav,4.167
14631.wav,1.984
14632.wav,6.273
14633.wav,4.552
14634.wav,6.149
14635.wav,6.677
14636.wav,1.577
14637.wav,9.649
14638.wav,2.76
14639.wav,3.985
1464.wav,4.719
14640.wav,2.705
14641.wav,4.152
14642.wav,2.509
14643.wav,4.025
14644.wav,3.228
14645.wav,1.657
14646.wav,1.563
14647.wav,1.482
14648.wav,1.994
14649.wav,7.288
1465.wav,3.734
14650.wav,3.358
14651.wav,2.83
14652.wav,3.735
14653.wav,1.847
14654.wav,7.1
14655.wav,1.831
14656.wav,1.988
14657.wav,16.44
14658.wav,2.267
14659.wav,4.005
1466.wav,1.865
14660.wav,2.712
14661.wav,1.781
14662.wav,13.994
14663.wav,8.308
14664.wav,6.453
14665.wav,4.019
14666.wav,4.338
14667.wav,5.895
14668.wav,1.88
14669.wav,7.94
1467.wav,4.615
14670.wav,4.219
14671.wav,10.137
14672.wav,14.67
14673.wav,5.958
14674.wav,3.181
14675.wav,4.99
14676.wav,1.713
14677.wav,4.826
14678.wav,8.145
14679.wav,10.272
1468.wav,8.32
14680.wav,2.114
14681.wav,1.506
14682.wav,2.305
14683.wav,5.266
14684.wav,8.91
14685.wav,5.323
14686.wav,14.043
14687.wav,2.957
14688.wav,6.421
14689.wav,4.776
1469.wav,3.593
14690.wav,3.341
14691.wav,4.478
14692.wav,18.957
14693.wav,2.369
14694.wav,0.794
14695.wav,9.893
14696.wav,4.371
14697.wav,1.582
14698.wav,3.499
14699.wav,4.781
147.wav,1.7
1470.wav,7.625
14700.wav,1.888
14701.wav,3.396
14702.wav,3.475
14703.wav,2.452
14704.wav,4.519
14705.wav,2.594
14706.wav,5.632
14707.wav,4.022
14708.wav,15.522
14709.wav,11.477
1471.wav,8.995
14710.wav,1.637
14711.wav,7.266
14712.wav,3.625
14713.wav,2.34
14714.wav,1.548
14715.wav,5.371
14716.wav,4.406
14717.wav,14.627
14718.wav,1.795
14719.wav,1.65
1472.wav,3.705
14720.wav,2.783
14721.wav,3.509
14722.wav,4.832
14723.wav,0.953
14724.wav,2.441
14725.wav,5.84
14726.wav,2.51
14727.wav,5.208
14728.wav,4.264
14729.wav,2.336
1473.wav,3.906
14730.wav,2.9
14731.wav,3.953
14732.wav,2.109
14733.wav,1.576
14734.wav,2.623
14735.wav,8.587
14736.wav,3.972
14737.wav,3.686
14738.wav,2.24
14739.wav,6.972
1474.wav,1.301
14740.wav,1.832
14741.wav,3.162
14742.wav,3.561
14743.wav,1.893
14744.wav,9.145
14745.wav,2.161
14746.wav,2.895
14747.wav,7.154
14748.wav,2.133
14749.wav,2.172
1475.wav,0.811
14750.wav,3.877
14751.wav,1.453
14752.wav,4.983
14753.wav,1.227
14754.wav,3.535
14755.wav,1.531
14756.wav,22.816
14757.wav,3.282
14758.wav,0.703
14759.wav,3.533
1476.wav,21.969
14760.wav,1.166
14761.wav,5.858
14762.wav,5.247
14763.wav,3.526
14764.wav,2.122
14765.wav,4.796
14766.wav,1.132
14767.wav,3.09
14768.wav,4.332
14769.wav,1.308
1477.wav,2.833
14770.wav,6.658
14771.wav,5.966
14772.wav,2.666
14773.wav,1.803
14774.wav,6.912
14775.wav,4.955
14776.wav,2.264
14777.wav,8.245
14778.wav,3.581
14779.wav,3.687
1478.wav,3.252
14780.wav,2.688
14781.wav,3.167
14782.wav,2.759
14783.wav,6.663
14784.wav,1.918
14785.wav,3.218
14786.wav,2.498
14787.wav,1.739
14788.wav,2.399
14789.wav,5.079
1479.wav,2.928
14790.wav,4.58
14791.wav,1.661
14792.wav,2.629
14793.wav,9.204
14794.wav,3.446
14795.wav,1.466
14796.wav,1.698
14797.wav,3.459
14798.wav,3.83
14799.wav,1.297
148.wav,4.032
1480.wav,10.956
14800.wav,6.502
14801.wav,3.427
14802.wav,4.791
14803.wav,3.255
14804.wav,5.206
14805.wav,8.747
14806.wav,6.494
14807.wav,1.939
14808.wav,2.872
14809.wav,1.11
1481.wav,5.021
14810.wav,5.308
14811.wav,2.879
14812.wav,3.082
14813.wav,7.129
14814.wav,2.332
14815.wav,6.84
14816.wav,2.773
14817.wav,2.097
14818.wav,1.741
14819.wav,1.964
1482.wav,3.915
14820.wav,2.658
14821.wav,4.878
14822.wav,4.854
14823.wav,2.497
14824.wav,12.48
14825.wav,4.436
14826.wav,3.079
14827.wav,5.733
14828.wav,2.963
14829.wav,2.58
1483.wav,1.648
14830.wav,3.026
14831.wav,12.576
14832.wav,5.742
14833.wav,17.577
14834.wav,13.161
14835.wav,11.497
14836.wav,1.734
14837.wav,1.401
14838.wav,1.099
14839.wav,2.28
1484.wav,9.57
14840.wav,8.767
14841.wav,9.332
14842.wav,2.948
14843.wav,2.677
14844.wav,2.405
14845.wav,3.68
14846.wav,6.955
14847.wav,1.21
14848.wav,3.723
14849.wav,3.783
1485.wav,2.181
14850.wav,3.737
14851.wav,2.559
14852.wav,6.408
14853.wav,2.38
14854.wav,3.369
14855.wav,4.279
14856.wav,8.877
14857.wav,2.04
14858.wav,4.925
14859.wav,2.646
1486.wav,4.218
14860.wav,6.258
14861.wav,8.362
14862.wav,3.271
14863.wav,2.517
14864.wav,11.371
14865.wav,4.085
14866.wav,2.728
14867.wav,8.682
14868.wav,3.48
14869.wav,4.094
1487.wav,2.677
14870.wav,6.396
14871.wav,3.12
14872.wav,19.095
14873.wav,4.424
14874.wav,5.388
14875.wav,4.123
14876.wav,4.57
14877.wav,3.536
14878.wav,3.118
14879.wav,5.655
1488.wav,4.769
14880.wav,2.435
14881.wav,3.054
14882.wav,2.972
14883.wav,1.708
14884.wav,5.957
14885.wav,4.204
14886.wav,4.274
14887.wav,2.188
14888.wav,2.509
14889.wav,8.827
1489.wav,7.603
14890.wav,4.359
14891.wav,4.207
14892.wav,3.148
14893.wav,3.529
14894.wav,3.188
14895.wav,7.033
14896.wav,2.413
14897.wav,8.534
14898.wav,4.338
14899.wav,1.424
149.wav,0.881
1490.wav,6.686
14900.wav,2.847
14901.wav,3.396
14902.wav,1.578
14903.wav,2.738
14904.wav,6.916
14905.wav,1.903
14906.wav,14.297
14907.wav,1.914
14908.wav,1.481
14909.wav,2.033
1491.wav,8.919
14910.wav,8.645
14911.wav,7.151
14912.wav,6.176
14913.wav,6.937
14914.wav,2.465
14915.wav,3.151
14916.wav,1.912
14917.wav,6.686
14918.wav,2.764
14919.wav,5.641
1492.wav,2.001
14920.wav,1.101
14921.wav,12.376
14922.wav,1.636
14923.wav,5.583
14924.wav,5.454
14925.wav,2.474
14926.wav,6.981
14927.wav,3.614
14928.wav,3.499
14929.wav,6.498
1493.wav,1.39
14930.wav,1.574
14931.wav,5.467
14932.wav,5.228
14933.wav,2.156
14934.wav,3.281
14935.wav,1.038
14936.wav,5.349
14937.wav,1.976
14938.wav,3.873
14939.wav,7.296
1494.wav,2.768
14940.wav,4.62
14941.wav,5.113
14942.wav,13.543
14943.wav,1.346
14944.wav,6.15
14945.wav,6.264
14946.wav,1.461
14947.wav,3.846
14948.wav,1.894
14949.wav,5.109
1495.wav,5.81
14950.wav,8.566
14951.wav,2.429
14952.wav,1.01
14953.wav,9.937
14954.wav,2.043
14955.wav,3.455
14956.wav,2.718
14957.wav,1.368
14958.wav,1.568
14959.wav,3.957
1496.wav,17.444
14960.wav,9.469
14961.wav,4.699
14962.wav,1.487
14963.wav,3.163
14964.wav,1.833
14965.wav,1.826
14966.wav,6.238
14967.wav,17.186
14968.wav,3.341
14969.wav,6.57
1497.wav,0.913
14970.wav,3.001
14971.wav,1.354
14972.wav,1.671
14973.wav,5.781
14974.wav,1.157
14975.wav,17.156
14976.wav,2.144
14977.wav,2.567
14978.wav,5.525
14979.wav,5.813
1498.wav,1.603
14980.wav,7.258
14981.wav,2.687
14982.wav,2.523
14983.wav,2.012
14984.wav,1.654
14985.wav,0.654
14986.wav,2.596
14987.wav,6.378
14988.wav,2.064
14989.wav,3.489
1499.wav,2.254
14990.wav,6.403
14991.wav,2.073
14992.wav,23.207
14993.wav,9.041
14994.wav,7.271
14995.wav,4.863
14996.wav,4.891
14997.wav,8.809
14998.wav,3.199
14999.wav,0.945
15.wav,6.705
150.wav,3.283
1500.wav,3.796
15000.wav,5.643
15001.wav,1.631
15002.wav,4.678
15003.wav,2.375
15004.wav,3.805
15005.wav,0.933
15006.wav,2.93
15007.wav,2.388
15008.wav,8.573
15009.wav,7.809
1501.wav,10.677
15010.wav,7.886
15011.wav,2.698
15012.wav,2.0
15013.wav,4.048
15014.wav,6.179
15015.wav,2.753
15016.wav,1.419
15017.wav,4.048
15018.wav,13.446
15019.wav,7.455
1502.wav,8.204
15020.wav,3.066
15021.wav,1.749
15022.wav,1.212
15023.wav,6.251
15024.wav,2.071
15025.wav,4.152
15026.wav,21.874
15027.wav,8.016
15028.wav,3.301
15029.wav,1.976
1503.wav,12.764
15030.wav,3.936
15031.wav,6.514
15032.wav,3.58
15033.wav,4.859
15034.wav,4.213
15035.wav,5.784
15036.wav,1.372
15037.wav,2.377
15038.wav,10.932
15039.wav,1.736
1504.wav,11.168
15040.wav,4.958
15041.wav,1.964
15042.wav,15.91
15043.wav,2.989
15044.wav,14.361
15045.wav,3.71
15046.wav,4.348
15047.wav,3.262
15048.wav,2.408
15049.wav,5.223
1505.wav,2.539
15050.wav,2.565
15051.wav,1.921
15052.wav,2.361
15053.wav,3.685
15054.wav,8.214
15055.wav,1.451
15056.wav,2.159
15057.wav,0.693
15058.wav,1.419
15059.wav,6.296
1506.wav,1.643
15060.wav,2.06
15061.wav,1.788
15062.wav,0.595
15063.wav,5.446
15064.wav,4.71
15065.wav,7.029
15066.wav,5.13
15067.wav,4.701
15068.wav,1.94
15069.wav,7.62
1507.wav,3.746
15070.wav,17.702
15071.wav,4.53
15072.wav,13.445
15073.wav,2.96
15074.wav,5.669
15075.wav,5.144
15076.wav,8.823
15077.wav,2.07
15078.wav,6.185
15079.wav,3.017
1508.wav,6.275
15080.wav,7.086
15081.wav,3.033
15082.wav,2.9
15083.wav,1.916
15084.wav,3.441
15085.wav,2.418
15086.wav,3.646
15087.wav,3.08
15088.wav,3.545
15089.wav,4.69
1509.wav,2.381
15090.wav,3.451
15091.wav,3.556
15092.wav,3.794
15093.wav,4.072
15094.wav,4.782
15095.wav,6.469
15096.wav,4.053
15097.wav,2.378
15098.wav,3.586
15099.wav,4.142
151.wav,2.69
1510.wav,2.97
15100.wav,5.098
15101.wav,2.853
15102.wav,1.548
15103.wav,1.116
15104.wav,2.368
15105.wav,2.389
15106.wav,5.709
15107.wav,1.227
15108.wav,1.453
15109.wav,1.819
1511.wav,1.597
15110.wav,1.269
15111.wav,3.324
15112.wav,4.793
15113.wav,0.584
15114.wav,4.029
15115.wav,5.732
15116.wav,1.39
15117.wav,7.401
15118.wav,5.943
15119.wav,6.101
1512.wav,1.837
15120.wav,5.133
15121.wav,4.745
15122.wav,2.105
15123.wav,4.823
15124.wav,0.918
15125.wav,2.866
15126.wav,4.706
15127.wav,4.403
15128.wav,3.623
15129.wav,2.809
1513.wav,4.097
15130.wav,3.761
15131.wav,4.15
15132.wav,0.982
15133.wav,5.716
15134.wav,4.34
15135.wav,4.284
15136.wav,0.81
15137.wav,5.137
15138.wav,6.557
15139.wav,4.149
1514.wav,2.726
15140.wav,1.772
15141.wav,2.042
15142.wav,7.153
15143.wav,0.813
15144.wav,4.312
15145.wav,4.301
15146.wav,4.632
15147.wav,14.864
15148.wav,1.892
15149.wav,4.799
1515.wav,4.778
15150.wav,5.308
15151.wav,1.231
15152.wav,0.797
15153.wav,4.344
15154.wav,3.522
15155.wav,3.128
15156.wav,2.867
15157.wav,5.959
15158.wav,1.652
15159.wav,2.985
1516.wav,1.925
15160.wav,0.903
15161.wav,1.122
15162.wav,1.416
15163.wav,2.185
15164.wav,4.05
15165.wav,1.813
15166.wav,1.472
15167.wav,2.215
15168.wav,4.612
15169.wav,15.693
1517.wav,3.286
15170.wav,2.813
15171.wav,4.64
15172.wav,3.236
15173.wav,1.696
15174.wav,1.767
15175.wav,1.222
15176.wav,1.967
15177.wav,3.244
15178.wav,10.927
15179.wav,3.224
1518.wav,3.082
15180.wav,4.163
15181.wav,4.732
15182.wav,5.797
15183.wav,2.669
15184.wav,6.421
15185.wav,0.836
15186.wav,7.833
15187.wav,7.137
15188.wav,8.679
15189.wav,13.039
1519.wav,2.037
15190.wav,1.147
15191.wav,5.868
15192.wav,1.969
15193.wav,4.883
15194.wav,2.543
15195.wav,5.765
15196.wav,3.457
15197.wav,4.902
15198.wav,3.854
15199.wav,4.068
152.wav,1.884
1520.wav,5.897
15200.wav,4.254
15201.wav,2.552
15202.wav,4.236
15203.wav,2.407
15204.wav,10.782
15205.wav,5.777
15206.wav,2.011
15207.wav,1.679
15208.wav,2.409
15209.wav,1.595
1521.wav,4.394
15210.wav,4.219
15211.wav,2.991
15212.wav,2.427
15213.wav,7.679
15214.wav,1.83
15215.wav,2.633
15216.wav,3.217
15217.wav,4.754
15218.wav,1.0
15219.wav,1.288
1522.wav,1.383
15220.wav,1.915
15221.wav,2.296
15222.wav,1.606
15223.wav,4.668
15224.wav,5.172
15225.wav,4.02
15226.wav,4.694
15227.wav,1.779
15228.wav,2.16
15229.wav,3.285
1523.wav,2.092
15230.wav,12.513
15231.wav,5.883
15232.wav,5.163
15233.wav,4.222
15234.wav,6.611
15235.wav,0.862
15236.wav,1.6
15237.wav,2.076
15238.wav,3.174
15239.wav,16.047
1524.wav,6.129
15240.wav,5.085
15241.wav,12.955
15242.wav,2.089
15243.wav,3.445
15244.wav,2.059
15245.wav,7.216
15246.wav,5.376
15247.wav,3.478
15248.wav,1.29
15249.wav,19.941
1525.wav,1.857
15250.wav,2.038
15251.wav,6.719
15252.wav,1.635
15253.wav,1.733
15254.wav,4.941
15255.wav,5.506
15256.wav,1.86
15257.wav,1.68
15258.wav,4.639
15259.wav,2.047
1526.wav,2.443
15260.wav,1.591
15261.wav,7.365
15262.wav,3.001
15263.wav,3.161
15264.wav,5.817
15265.wav,4.927
15266.wav,4.894
15267.wav,3.898
15268.wav,2.281
15269.wav,4.109
1527.wav,2.681
15270.wav,3.445
15271.wav,3.053
15272.wav,3.413
15273.wav,1.817
15274.wav,1.322
15275.wav,2.41
15276.wav,1.797
15277.wav,2.036
15278.wav,8.031
15279.wav,5.417
1528.wav,1.707
15280.wav,3.064
15281.wav,3.161
15282.wav,13.778
15283.wav,4.896
15284.wav,4.292
15285.wav,11.251
15286.wav,2.517
15287.wav,0.91
15288.wav,2.36
15289.wav,8.531
1529.wav,7.554
15290.wav,6.719
15291.wav,3.719
15292.wav,5.066
15293.wav,14.38
15294.wav,4.655
15295.wav,1.174
15296.wav,4.01
15297.wav,3.495
15298.wav,5.329
15299.wav,3.527
153.wav,1.027
1530.wav,6.71
15300.wav,5.971
15301.wav,1.259
15302.wav,2.502
15303.wav,2.32
15304.wav,3.407
15305.wav,1.72
15306.wav,2.033
15307.wav,2.534
15308.wav,2.21
15309.wav,3.256
1531.wav,2.112
15310.wav,4.063
15311.wav,1.91
15312.wav,4.835
15313.wav,1.932
15314.wav,5.735
15315.wav,1.813
15316.wav,4.677
15317.wav,1.269
15318.wav,1.634
15319.wav,3.368
1532.wav,7.803
15320.wav,3.916
15321.wav,19.88
15322.wav,3.839
15323.wav,4.818
15324.wav,3.6
15325.wav,4.128
15326.wav,1.184
15327.wav,5.733
15328.wav,1.699
15329.wav,0.722
1533.wav,2.917
15330.wav,3.376
15331.wav,10.44
15332.wav,15.517
15333.wav,2.042
15334.wav,2.019
15335.wav,2.548
15336.wav,4.843
15337.wav,1.429
15338.wav,1.648
15339.wav,3.469
1534.wav,8.171
15340.wav,10.144
15341.wav,2.722
15342.wav,1.958
15343.wav,6.391
15344.wav,4.127
15345.wav,1.524
15346.wav,2.143
15347.wav,6.534
15348.wav,3.444
15349.wav,5.733
1535.wav,1.806
15350.wav,5.584
15351.wav,3.753
15352.wav,1.074
15353.wav,1.461
15354.wav,2.107
15355.wav,1.861
15356.wav,4.967
15357.wav,2.563
15358.wav,3.518
15359.wav,3.93
1536.wav,6.148
15360.wav,6.919
15361.wav,6.935
15362.wav,1.107
15363.wav,12.504
15364.wav,2.368
15365.wav,4.931
15366.wav,5.916
15367.wav,5.841
15368.wav,1.339
15369.wav,9.869
1537.wav,1.173
15370.wav,1.705
15371.wav,10.544
15372.wav,8.546
15373.wav,5.101
15374.wav,4.639
15375.wav,2.391
15376.wav,1.17
15377.wav,1.846
15378.wav,4.01
15379.wav,1.951
1538.wav,6.79
15380.wav,4.269
15381.wav,5.788
15382.wav,2.02
15383.wav,2.479
15384.wav,2.63
15385.wav,1.811
15386.wav,4.76
15387.wav,7.389
15388.wav,3.943
15389.wav,8.574
1539.wav,4.167
15390.wav,9.743
15391.wav,3.795
15392.wav,2.053
15393.wav,1.771
15394.wav,4.297
15395.wav,3.178
15396.wav,6.227
15397.wav,3.729
15398.wav,1.269
15399.wav,6.683
154.wav,1.959
1540.wav,8.005
15400.wav,5.183
15401.wav,3.271
15402.wav,2.821
15403.wav,10.409
15404.wav,4.522
15405.wav,3.368
15406.wav,2.148
15407.wav,3.565
15408.wav,7.422
15409.wav,4.202
1541.wav,3.963
15410.wav,2.268
15411.wav,1.871
15412.wav,1.775
15413.wav,1.736
15414.wav,7.856
15415.wav,5.547
15416.wav,24.768
15417.wav,4.811
15418.wav,1.926
15419.wav,5.684
1542.wav,7.459
15420.wav,1.435
15421.wav,2.232
15422.wav,2.35
15423.wav,6.766
15424.wav,2.761
15425.wav,3.996
15426.wav,1.453
15427.wav,1.434
15428.wav,9.358
15429.wav,18.74
1543.wav,9.236
15430.wav,3.121
15431.wav,5.61
15432.wav,11.297
15433.wav,2.998
15434.wav,2.493
15435.wav,1.982
15436.wav,1.065
15437.wav,1.247
15438.wav,4.143
15439.wav,1.429
1544.wav,5.118
15440.wav,3.349
15441.wav,3.414
15442.wav,2.641
15443.wav,2.294
15444.wav,4.158
15445.wav,1.61
15446.wav,4.063
15447.wav,5.189
15448.wav,4.346
15449.wav,5.564
1545.wav,3.728
15450.wav,4.056
15451.wav,5.768
15452.wav,3.837
15453.wav,2.447
15454.wav,3.245
15455.wav,2.439
15456.wav,15.199
15457.wav,2.257
15458.wav,3.128
15459.wav,2.857
1546.wav,2.463
15460.wav,1.228
15461.wav,2.204
15462.wav,0.778
15463.wav,4.912
15464.wav,1.738
15465.wav,7.18
15466.wav,3.056
15467.wav,21.084
15468.wav,1.216
15469.wav,2.327
1547.wav,2.235
15470.wav,3.637
15471.wav,12.511
15472.wav,1.776
15473.wav,2.533
15474.wav,1.997
15475.wav,3.126
15476.wav,1.869
15477.wav,4.876
15478.wav,3.222
15479.wav,2.476
1548.wav,21.282
15480.wav,3.392
15481.wav,5.179
15482.wav,2.036
15483.wav,1.627
15484.wav,1.693
15485.wav,1.799
15486.wav,2.011
15487.wav,2.742
15488.wav,3.98
15489.wav,2.138
1549.wav,4.855
15490.wav,3.709
15491.wav,2.058
15492.wav,1.461
15493.wav,5.992
15494.wav,8.659
15495.wav,7.935
15496.wav,4.374
15497.wav,5.639
15498.wav,1.679
15499.wav,3.318
155.wav,7.925
1550.wav,3.974
15500.wav,3.109
15501.wav,4.609
15502.wav,4.036
15503.wav,5.296
15504.wav,2.369
15505.wav,2.206
15506.wav,14.551
15507.wav,3.651
15508.wav,1.616
15509.wav,1.986
1551.wav,2.176
15510.wav,1.509
15511.wav,2.181
15512.wav,9.101
15513.wav,1.274
15514.wav,10.34
15515.wav,2.191
15516.wav,2.745
15517.wav,3.676
15518.wav,1.868
15519.wav,1.356
1552.wav,4.028
15520.wav,4.298
15521.wav,1.822
15522.wav,8.254
15523.wav,5.243
15524.wav,3.264
15525.wav,1.958
15526.wav,2.078
15527.wav,3.433
15528.wav,1.943
15529.wav,5.365
1553.wav,4.797
15530.wav,2.953
15531.wav,2.274
15532.wav,2.744
15533.wav,2.75
15534.wav,5.742
15535.wav,5.2
15536.wav,3.884
15537.wav,5.642
15538.wav,5.558
15539.wav,2.528
1554.wav,7.68
15540.wav,2.098
15541.wav,1.728
15542.wav,3.197
15543.wav,4.927
15544.wav,1.618
15545.wav,5.62
15546.wav,3.504
15547.wav,1.596
15548.wav,3.8
15549.wav,3.229
1555.wav,6.744
15550.wav,4.069
15551.wav,5.255
15552.wav,3.309
15553.wav,3.047
15554.wav,1.526
15555.wav,3.268
15556.wav,6.646
15557.wav,2.908
15558.wav,1.956
15559.wav,3.213
1556.wav,3.762
15560.wav,2.462
15561.wav,6.924
15562.wav,2.143
15563.wav,18.325
15564.wav,3.928
15565.wav,0.847
15566.wav,2.169
15567.wav,7.523
15568.wav,3.377
15569.wav,2.171
1557.wav,1.89
15570.wav,0.791
15571.wav,4.867
15572.wav,2.444
15573.wav,3.252
15574.wav,4.129
15575.wav,3.719
15576.wav,11.161
15577.wav,4.735
15578.wav,1.48
15579.wav,11.389
1558.wav,1.819
15580.wav,0.723
15581.wav,3.61
15582.wav,15.387
15583.wav,2.422
15584.wav,4.794
15585.wav,5.282
15586.wav,4.973
15587.wav,1.369
15588.wav,1.487
15589.wav,1.828
1559.wav,2.575
15590.wav,14.896
15591.wav,2.268
15592.wav,4.294
15593.wav,3.845
15594.wav,0.761
15595.wav,3.052
15596.wav,2.156
15597.wav,3.072
15598.wav,3.881
15599.wav,1.836
156.wav,3.088
1560.wav,3.13
15600.wav,1.879
15601.wav,7.954
15602.wav,3.114
15603.wav,4.28
15604.wav,1.861
15605.wav,2.492
15606.wav,3.372
15607.wav,3.427
15608.wav,10.032
15609.wav,2.205
1561.wav,1.92
15610.wav,1.556
15611.wav,1.431
15612.wav,1.528
15613.wav,3.957
15614.wav,3.282
15615.wav,2.187
15616.wav,3.029
15617.wav,1.246
15618.wav,3.623
15619.wav,3.931
1562.wav,3.163
15620.wav,4.206
15621.wav,8.284
15622.wav,2.6
15623.wav,7.192
15624.wav,0.858
15625.wav,3.584
15626.wav,3.712
15627.wav,0.742
15628.wav,10.665
15629.wav,2.047
1563.wav,4.31
15630.wav,10.108
15631.wav,10.612
15632.wav,3.006
15633.wav,1.477
15634.wav,10.77
15635.wav,1.36
15636.wav,10.916
15637.wav,0.736
15638.wav,1.298
15639.wav,4.475
1564.wav,5.104
15640.wav,1.213
15641.wav,7.614
15642.wav,4.7
15643.wav,5.216
15644.wav,4.162
15645.wav,3.77
15646.wav,18.494
15647.wav,3.694
15648.wav,3.38
15649.wav,3.499
1565.wav,1.888
15650.wav,10.655
15651.wav,2.522
15652.wav,1.147
15653.wav,3.517
15654.wav,2.539
15655.wav,2.787
15656.wav,2.062
15657.wav,2.29
15658.wav,2.429
15659.wav,8.844
1566.wav,0.927
15660.wav,20.318
15661.wav,4.167
15662.wav,11.284
15663.wav,5.55
15664.wav,9.216
15665.wav,6.823
15666.wav,1.686
15667.wav,3.164
15668.wav,3.382
15669.wav,3.559
1567.wav,5.302
15670.wav,1.299
15671.wav,3.479
15672.wav,3.145
15673.wav,2.748
15674.wav,2.381
15675.wav,7.006
15676.wav,9.514
15677.wav,2.413
15678.wav,0.908
15679.wav,1.889
1568.wav,10.018
15680.wav,5.723
15681.wav,6.916
15682.wav,5.399
15683.wav,3.78
15684.wav,3.343
15685.wav,6.507
15686.wav,3.339
15687.wav,4.703
15688.wav,4.867
15689.wav,10.831
1569.wav,5.816
15690.wav,1.717
15691.wav,4.376
15692.wav,2.024
15693.wav,8.524
15694.wav,3.494
15695.wav,3.78
15696.wav,2.059
15697.wav,7.747
15698.wav,1.867
15699.wav,1.797
157.wav,3.749
1570.wav,4.763
15700.wav,7.759
15701.wav,1.575
15702.wav,4.852
15703.wav,2.222
15704.wav,4.41
15705.wav,3.591
15706.wav,3.801
15707.wav,6.871
15708.wav,3.645
15709.wav,2.808
1571.wav,8.296
15710.wav,3.363
15711.wav,5.739
15712.wav,6.065
15713.wav,1.363
15714.wav,3.294
15715.wav,1.869
15716.wav,5.961
15717.wav,7.843
15718.wav,1.325
15719.wav,2.912
1572.wav,2.83
15720.wav,1.43
15721.wav,1.016
15722.wav,2.812
15723.wav,1.491
15724.wav,3.291
15725.wav,3.516
15726.wav,2.584
15727.wav,7.279
15728.wav,2.394
15729.wav,2.453
1573.wav,3.535
15730.wav,6.042
15731.wav,4.221
15732.wav,3.551
15733.wav,3.547
15734.wav,3.158
15735.wav,6.107
15736.wav,0.745
15737.wav,10.737
15738.wav,12.526
15739.wav,2.314
1574.wav,5.75
15740.wav,7.285
15741.wav,3.702
15742.wav,3.386
15743.wav,1.852
15744.wav,3.511
15745.wav,2.919
15746.wav,21.426
15747.wav,5.853
15748.wav,2.273
15749.wav,1.568
1575.wav,4.001
15750.wav,6.355
15751.wav,1.926
15752.wav,0.856
15753.wav,2.477
15754.wav,3.914
15755.wav,3.066
15756.wav,1.617
15757.wav,2.691
15758.wav,1.491
15759.wav,3.237
1576.wav,11.891
15760.wav,9.725
15761.wav,1.898
15762.wav,2.597
15763.wav,3.53
15764.wav,12.357
15765.wav,2.448
15766.wav,2.609
15767.wav,4.831
15768.wav,2.948
15769.wav,6.423
1577.wav,4.86
15770.wav,2.041
15771.wav,5.325
15772.wav,4.375
15773.wav,4.749
15774.wav,1.492
15775.wav,2.229
15776.wav,16.397
15777.wav,10.253
15778.wav,2.514
15779.wav,2.287
1578.wav,1.129
15780.wav,1.559
15781.wav,1.965
15782.wav,2.07
15783.wav,2.75
15784.wav,2.402
15785.wav,6.149
15786.wav,0.818
15787.wav,3.65
15788.wav,2.265
15789.wav,5.82
1579.wav,3.155
15790.wav,3.76
15791.wav,3.517
15792.wav,2.561
15793.wav,4.612
15794.wav,5.16
15795.wav,1.998
15796.wav,7.985
15797.wav,5.869
15798.wav,1.867
15799.wav,2.374
158.wav,11.58
1580.wav,5.809
15800.wav,5.651
15801.wav,2.076
15802.wav,10.726
15803.wav,1.8
15804.wav,2.287
15805.wav,1.561
15806.wav,3.102
15807.wav,1.308
15808.wav,4.579
15809.wav,2.136
1581.wav,3.175
15810.wav,2.642
15811.wav,9.911
15812.wav,2.386
15813.wav,11.502
15814.wav,2.181
15815.wav,2.282
15816.wav,4.138
15817.wav,3.403
15818.wav,8.331
15819.wav,3.956
1582.wav,3.419
15820.wav,0.954
15821.wav,1.706
15822.wav,2.441
15823.wav,1.979
15824.wav,4.882
15825.wav,3.372
15826.wav,2.742
15827.wav,3.895
15828.wav,3.258
15829.wav,8.873
1583.wav,1.451
15830.wav,1.922
15831.wav,1.9
15832.wav,7.23
15833.wav,8.97
15834.wav,3.137
15835.wav,2.565
15836.wav,15.471
15837.wav,6.068
15838.wav,2.362
15839.wav,5.865
1584.wav,4.082
15840.wav,5.759
15841.wav,5.609
15842.wav,1.525
15843.wav,17.392
15844.wav,1.433
15845.wav,3.665
15846.wav,3.243
15847.wav,10.655
15848.wav,7.529
15849.wav,2.635
1585.wav,3.044
15850.wav,5.185
15851.wav,3.213
15852.wav,1.045
15853.wav,2.525
15854.wav,10.142
15855.wav,1.463
15856.wav,3.96
15857.wav,1.18
15858.wav,3.92
15859.wav,2.387
1586.wav,6.396
15860.wav,13.888
15861.wav,7.397
15862.wav,9.417
15863.wav,4.973
15864.wav,2.066
15865.wav,7.517
15866.wav,2.634
15867.wav,4.555
15868.wav,2.291
15869.wav,1.729
1587.wav,3.003
15870.wav,1.664
15871.wav,0.684
15872.wav,5.664
15873.wav,5.705
15874.wav,7.358
15875.wav,1.095
15876.wav,0.804
15877.wav,1.956
15878.wav,3.071
15879.wav,13.367
1588.wav,2.257
15880.wav,6.244
15881.wav,3.681
15882.wav,3.63
15883.wav,2.083
15884.wav,0.815
15885.wav,7.067
15886.wav,3.368
15887.wav,5.542
15888.wav,1.154
15889.wav,1.404
1589.wav,3.273
15890.wav,1.794
15891.wav,5.938
15892.wav,6.751
15893.wav,2.402
15894.wav,1.817
15895.wav,5.303
15896.wav,1.811
15897.wav,2.886
15898.wav,5.565
15899.wav,1.719
159.wav,4.555
1590.wav,4.022
15900.wav,3.969
15901.wav,2.505
15902.wav,4.269
15903.wav,3.257
15904.wav,3.077
15905.wav,6.404
15906.wav,7.109
15907.wav,1.352
15908.wav,2.182
15909.wav,0.882
1591.wav,5.064
15910.wav,1.447
15911.wav,4.54
15912.wav,5.958
15913.wav,4.513
15914.wav,3.48
15915.wav,3.72
15916.wav,2.299
15917.wav,4.085
15918.wav,8.337
15919.wav,4.843
1592.wav,4.367
15920.wav,6.506
15921.wav,3.032
15922.wav,5.171
15923.wav,2.92
15924.wav,5.781
15925.wav,1.255
15926.wav,2.657
15927.wav,2.591
15928.wav,2.641
15929.wav,1.858
1593.wav,2.386
15930.wav,6.096
15931.wav,3.238
15932.wav,2.436
15933.wav,1.65
15934.wav,1.77
15935.wav,2.033
15936.wav,5.544
15937.wav,6.358
15938.wav,4.191
15939.wav,3.803
1594.wav,1.97
15940.wav,2.237
15941.wav,3.783
15942.wav,8.065
15943.wav,0.895
15944.wav,1.866
15945.wav,2.125
15946.wav,4.004
15947.wav,4.126
15948.wav,7.898
15949.wav,2.74
1595.wav,5.795
15950.wav,1.753
15951.wav,10.433
15952.wav,1.133
15953.wav,5.265
15954.wav,6.74
15955.wav,4.626
15956.wav,7.296
15957.wav,2.699
15958.wav,4.198
15959.wav,2.331
1596.wav,1.92
15960.wav,8.282
15961.wav,3.222
15962.wav,3.328
15963.wav,2.124
15964.wav,3.715
15965.wav,2.634
15966.wav,3.308
15967.wav,7.287
15968.wav,1.592
15969.wav,4.302
1597.wav,2.71
15970.wav,6.942
15971.wav,6.757
15972.wav,8.193
15973.wav,4.176
15974.wav,5.751
15975.wav,1.87
15976.wav,1.664
15977.wav,8.928
15978.wav,2.454
15979.wav,0.858
1598.wav,22.18
15980.wav,4.519
15981.wav,5.971
15982.wav,1.602
15983.wav,5.8
15984.wav,2.002
15985.wav,6.116
15986.wav,2.796
15987.wav,2.186
15988.wav,5.497
15989.wav,5.175
1599.wav,1.452
15990.wav,2.238
15991.wav,2.978
15992.wav,4.688
15993.wav,2.199
15994.wav,2.94
15995.wav,2.866
15996.wav,7.105
15997.wav,5.367
15998.wav,4.818
15999.wav,5.347
16.wav,3.143
160.wav,1.583
1600.wav,3.02
16000.wav,2.54
16001.wav,2.23
16002.wav,2.925
16003.wav,5.439
16004.wav,1.776
16005.wav,5.351
16006.wav,5.25
16007.wav,2.22
16008.wav,8.954
16009.wav,13.053
1601.wav,1.738
16010.wav,2.197
16011.wav,3.33
16012.wav,5.218
16013.wav,1.236
16014.wav,1.6
16015.wav,9.113
16016.wav,5.243
16017.wav,1.697
16018.wav,1.518
16019.wav,2.596
1602.wav,1.674
16020.wav,7.639
16021.wav,4.338
16022.wav,4.36
16023.wav,2.124
16024.wav,7.874
16025.wav,3.133
16026.wav,3.073
16027.wav,0.746
16028.wav,2.7
16029.wav,3.518
1603.wav,6.461
16030.wav,1.401
16031.wav,2.317
16032.wav,3.0
16033.wav,1.497
16034.wav,7.859
16035.wav,7.607
16036.wav,2.106
16037.wav,4.387
16038.wav,3.193
16039.wav,2.628
1604.wav,1.494
16040.wav,3.743
16041.wav,5.625
16042.wav,3.657
16043.wav,7.485
16044.wav,0.828
16045.wav,1.064
16046.wav,3.252
16047.wav,6.817
16048.wav,6.543
16049.wav,2.547
1605.wav,1.777
16050.wav,0.721
16051.wav,2.075
16052.wav,6.97
16053.wav,4.933
16054.wav,1.171
16055.wav,2.977
16056.wav,2.292
16057.wav,8.906
16058.wav,10.502
16059.wav,4.083
1606.wav,1.826
16060.wav,5.151
16061.wav,2.328
16062.wav,4.24
16063.wav,5.487
16064.wav,4.533
16065.wav,4.409
16066.wav,3.082
16067.wav,3.323
16068.wav,8.546
16069.wav,21.13
1607.wav,2.606
16070.wav,2.026
16071.wav,2.197
16072.wav,7.345
16073.wav,4.41
16074.wav,6.014
16075.wav,6.084
16076.wav,1.04
16077.wav,2.883
16078.wav,5.606
16079.wav,3.354
1608.wav,1.637
16080.wav,3.681
16081.wav,1.689
16082.wav,6.092
16083.wav,3.448
16084.wav,4.373
16085.wav,2.121
16086.wav,7.054
16087.wav,1.737
16088.wav,4.027
16089.wav,6.058
1609.wav,10.616
16090.wav,2.173
16091.wav,3.473
16092.wav,1.817
16093.wav,3.032
16094.wav,2.385
16095.wav,10.453
16096.wav,6.386
16097.wav,4.067
16098.wav,6.96
16099.wav,1.768
161.wav,1.984
1610.wav,5.843
16100.wav,6.178
16101.wav,3.221
16102.wav,12.257
16103.wav,4.404
16104.wav,5.905
16105.wav,2.22
16106.wav,5.192
16107.wav,2.88
16108.wav,2.375
16109.wav,8.044
1611.wav,1.925
16110.wav,2.818
16111.wav,2.28
16112.wav,2.498
16113.wav,6.335
16114.wav,3.263
16115.wav,1.595
16116.wav,1.343
16117.wav,8.919
16118.wav,1.753
16119.wav,10.133
1612.wav,5.006
16120.wav,0.955
16121.wav,3.604
16122.wav,2.111
16123.wav,6.783
16124.wav,4.19
16125.wav,1.814
16126.wav,7.991
16127.wav,4.15
16128.wav,2.855
16129.wav,6.331
1613.wav,9.255
16130.wav,2.164
16131.wav,2.902
16132.wav,2.364
16133.wav,20.695
16134.wav,0.978
16135.wav,10.935
16136.wav,2.947
16137.wav,5.875
16138.wav,3.94
16139.wav,11.959
1614.wav,16.067
16140.wav,10.378
16141.wav,8.188
16142.wav,5.393
16143.wav,4.259
16144.wav,0.984
16145.wav,8.476
16146.wav,1.362
16147.wav,10.925
16148.wav,3.594
16149.wav,4.182
1615.wav,2.813
16150.wav,2.523
16151.wav,3.528
16152.wav,4.215
16153.wav,6.849
16154.wav,2.456
16155.wav,0.689
16156.wav,2.238
16157.wav,9.259
16158.wav,4.766
16159.wav,3.749
1616.wav,2.335
16160.wav,1.931
16161.wav,3.464
16162.wav,6.72
16163.wav,2.836
16164.wav,4.027
16165.wav,5.287
16166.wav,3.263
16167.wav,6.823
16168.wav,14.834
16169.wav,2.565
1617.wav,1.353
16170.wav,1.542
16171.wav,3.918
16172.wav,18.279
16173.wav,1.582
16174.wav,3.896
16175.wav,0.84
16176.wav,3.48
16177.wav,13.428
16178.wav,3.132
16179.wav,1.429
1618.wav,1.394
16180.wav,2.828
16181.wav,4.447
16182.wav,2.408
16183.wav,3.196
16184.wav,18.42
16185.wav,0.738
16186.wav,0.804
16187.wav,2.106
16188.wav,3.921
16189.wav,16.247
1619.wav,7.434
16190.wav,2.859
16191.wav,1.039
16192.wav,4.126
16193.wav,2.312
16194.wav,1.064
16195.wav,5.238
16196.wav,1.117
16197.wav,5.359
16198.wav,9.027
16199.wav,1.473
162.wav,3.735
1620.wav,9.311
16200.wav,6.374
16201.wav,1.914
16202.wav,5.465
16203.wav,3.544
16204.wav,3.028
16205.wav,5.887
16206.wav,3.334
16207.wav,3.648
16208.wav,3.974
16209.wav,3.569
1621.wav,4.35
16210.wav,6.34
16211.wav,1.597
16212.wav,1.811
16213.wav,2.33
16214.wav,2.188
16215.wav,1.652
16216.wav,1.989
16217.wav,2.079
16218.wav,2.018
16219.wav,4.989
1622.wav,1.519
16220.wav,2.592
16221.wav,3.073
16222.wav,5.466
16223.wav,3.092
16224.wav,6.811
16225.wav,6.73
16226.wav,1.388
16227.wav,2.382
16228.wav,3.805
16229.wav,17.767
1623.wav,1.66
16230.wav,1.834
16231.wav,10.762
16232.wav,1.029
16233.wav,3.801
16234.wav,5.674
16235.wav,3.264
16236.wav,0.866
16237.wav,3.041
16238.wav,9.311
16239.wav,9.515
1624.wav,1.65
16240.wav,2.909
16241.wav,3.032
16242.wav,2.73
16243.wav,5.376
16244.wav,6.078
16245.wav,0.93
16246.wav,12.601
16247.wav,2.867
16248.wav,4.324
16249.wav,3.889
1625.wav,6.117
16250.wav,2.28
16251.wav,2.306
16252.wav,4.763
16253.wav,6.325
16254.wav,2.777
16255.wav,2.063
16256.wav,1.022
16257.wav,2.702
16258.wav,8.814
16259.wav,1.643
1626.wav,2.54
16260.wav,13.014
16261.wav,1.804
16262.wav,4.334
16263.wav,1.226
16264.wav,2.024
16265.wav,4.645
16266.wav,3.763
16267.wav,3.526
16268.wav,1.779
16269.wav,2.713
1627.wav,1.913
16270.wav,3.019
16271.wav,1.367
16272.wav,3.337
16273.wav,4.815
16274.wav,1.815
16275.wav,6.568
16276.wav,10.489
16277.wav,1.441
16278.wav,7.133
16279.wav,2.741
1628.wav,4.179
16280.wav,6.651
16281.wav,3.167
16282.wav,2.464
16283.wav,4.694
16284.wav,1.975
16285.wav,4.709
16286.wav,2.417
16287.wav,2.738
16288.wav,6.742
16289.wav,2.033
1629.wav,2.929
16290.wav,2.786
16291.wav,3.316
16292.wav,3.183
16293.wav,2.543
16294.wav,3.262
16295.wav,2.909
16296.wav,9.144
16297.wav,3.412
16298.wav,3.529
16299.wav,1.603
163.wav,2.409
1630.wav,3.227
16300.wav,14.05
16301.wav,2.251
16302.wav,2.574
16303.wav,5.255
16304.wav,3.816
16305.wav,1.752
16306.wav,1.86
16307.wav,1.766
16308.wav,2.823
16309.wav,3.518
1631.wav,3.307
16310.wav,2.653
16311.wav,4.553
16312.wav,1.488
16313.wav,3.139
16314.wav,1.951
16315.wav,1.682
16316.wav,3.634
16317.wav,2.403
16318.wav,2.649
16319.wav,17.022
1632.wav,1.471
16320.wav,1.319
16321.wav,3.622
16322.wav,3.963
16323.wav,4.076
16324.wav,1.084
16325.wav,4.103
16326.wav,4.159
16327.wav,8.134
16328.wav,9.979
16329.wav,3.752
1633.wav,5.935
16330.wav,2.413
16331.wav,6.127
16332.wav,3.447
16333.wav,3.307
16334.wav,7.598
16335.wav,10.558
16336.wav,3.939
16337.wav,5.208
16338.wav,4.567
16339.wav,2.641
1634.wav,7.915
16340.wav,3.316
16341.wav,2.734
16342.wav,2.149
16343.wav,1.248
16344.wav,0.824
16345.wav,1.503
16346.wav,2.838
16347.wav,1.773
16348.wav,3.375
16349.wav,3.894
1635.wav,4.346
16350.wav,1.604
16351.wav,1.482
16352.wav,2.07
16353.wav,3.24
16354.wav,1.093
16355.wav,9.154
16356.wav,2.858
16357.wav,5.804
16358.wav,3.111
16359.wav,3.091
1636.wav,2.733
16360.wav,4.9
16361.wav,1.659
16362.wav,5.233
16363.wav,3.51
16364.wav,2.809
16365.wav,1.555
16366.wav,7.401
16367.wav,10.295
16368.wav,1.466
16369.wav,1.041
1637.wav,2.458
16370.wav,1.874
16371.wav,5.759
16372.wav,10.027
16373.wav,1.769
16374.wav,2.889
16375.wav,1.349
16376.wav,4.506
16377.wav,5.432
16378.wav,0.944
16379.wav,6.703
1638.wav,7.149
16380.wav,8.488
16381.wav,6.545
16382.wav,8.374
16383.wav,1.582
16384.wav,3.085
16385.wav,6.144
16386.wav,2.716
16387.wav,1.84
16388.wav,0.803
16389.wav,1.518
1639.wav,1.178
16390.wav,9.377
16391.wav,2.887
16392.wav,2.411
16393.wav,22.466
16394.wav,1.8
16395.wav,9.111
16396.wav,1.328
16397.wav,1.123
16398.wav,9.319
16399.wav,2.119
164.wav,2.137
1640.wav,3.772
16400.wav,0.91
16401.wav,4.665
16402.wav,1.829
16403.wav,0.879
16404.wav,4.29
16405.wav,2.433
16406.wav,2.545
16407.wav,1.965
16408.wav,18.976
16409.wav,10.307
1641.wav,3.131
16410.wav,6.695
16411.wav,4.99
16412.wav,3.531
16413.wav,8.56
16414.wav,1.695
16415.wav,3.994
16416.wav,2.347
16417.wav,0.87
16418.wav,4.737
16419.wav,2.547
1642.wav,11.477
16420.wav,3.899
16421.wav,3.547
16422.wav,0.976
16423.wav,1.731
16424.wav,6.805
16425.wav,1.171
16426.wav,4.079
16427.wav,4.545
16428.wav,1.524
16429.wav,2.42
1643.wav,5.064
16430.wav,7.211
16431.wav,2.909
16432.wav,17.242
16433.wav,1.123
16434.wav,3.846
16435.wav,2.835
16436.wav,3.072
16437.wav,1.628
16438.wav,3.221
16439.wav,1.812
1644.wav,10.584
16440.wav,12.243
16441.wav,2.148
16442.wav,17.063
16443.wav,2.175
16444.wav,2.91
16445.wav,3.582
16446.wav,0.857
16447.wav,2.484
16448.wav,1.92
16449.wav,4.339
1645.wav,0.936
16450.wav,2.156
16451.wav,2.989
16452.wav,4.595
16453.wav,2.301
16454.wav,1.101
16455.wav,3.966
16456.wav,1.795
16457.wav,5.457
16458.wav,2.431
16459.wav,2.228
1646.wav,2.541
16460.wav,2.015
16461.wav,3.223
16462.wav,9.378
16463.wav,2.926
16464.wav,4.33
16465.wav,1.866
16466.wav,2.125
16467.wav,1.776
16468.wav,2.931
16469.wav,2.287
1647.wav,2.517
16470.wav,2.062
16471.wav,0.813
16472.wav,2.367
16473.wav,8.466
16474.wav,4.499
16475.wav,2.793
16476.wav,1.267
16477.wav,1.706
16478.wav,5.621
16479.wav,2.958
1648.wav,1.897
16480.wav,10.028
16481.wav,1.52
16482.wav,4.774
16483.wav,5.577
16484.wav,3.289
16485.wav,6.918
16486.wav,1.738
16487.wav,6.091
16488.wav,2.081
16489.wav,10.587
1649.wav,4.556
16490.wav,14.096
16491.wav,11.85
16492.wav,5.108
16493.wav,1.255
16494.wav,10.274
16495.wav,3.44
16496.wav,7.813
16497.wav,1.514
16498.wav,2.154
16499.wav,3.87
165.wav,8.659
1650.wav,1.855
16500.wav,3.44
16501.wav,2.805
16502.wav,2.724
16503.wav,2.991
16504.wav,1.599
16505.wav,7.48
16506.wav,4.298
16507.wav,12.042
16508.wav,5.728
16509.wav,9.034
1651.wav,4.438
16510.wav,4.483
16511.wav,2.025
16512.wav,1.679
16513.wav,2.735
16514.wav,2.726
16515.wav,4.724
16516.wav,1.763
16517.wav,18.189
16518.wav,5.944
16519.wav,8.373
1652.wav,3.84
16520.wav,5.839
16521.wav,0.837
16522.wav,2.93
16523.wav,4.062
16524.wav,2.299
16525.wav,0.899
16526.wav,2.874
16527.wav,10.206
16528.wav,1.223
16529.wav,2.2
1653.wav,2.324
16530.wav,2.469
16531.wav,8.611
16532.wav,4.981
16533.wav,2.834
16534.wav,3.957
16535.wav,2.146
16536.wav,1.408
16537.wav,1.839
16538.wav,10.91
16539.wav,1.712
1654.wav,5.679
16540.wav,4.19
16541.wav,2.324
16542.wav,4.209
16543.wav,0.961
16544.wav,2.993
16545.wav,2.657
16546.wav,2.412
16547.wav,4.09
16548.wav,3.67
16549.wav,3.939
1655.wav,5.704
16550.wav,3.268
16551.wav,10.611
16552.wav,6.596
16553.wav,4.298
16554.wav,8.954
16555.wav,1.485
16556.wav,0.874
16557.wav,2.335
16558.wav,5.226
16559.wav,2.322
1656.wav,5.416
16560.wav,2.608
16561.wav,4.227
16562.wav,19.139
16563.wav,2.767
16564.wav,6.376
16565.wav,3.013
16566.wav,2.842
16567.wav,2.198
16568.wav,1.605
16569.wav,1.696
1657.wav,3.346
16570.wav,0.889
16571.wav,8.669
16572.wav,6.628
16573.wav,2.011
16574.wav,6.209
16575.wav,12.248
16576.wav,3.549
16577.wav,7.993
16578.wav,2.019
16579.wav,7.844
1658.wav,2.869
16580.wav,1.178
16581.wav,18.48
16582.wav,4.005
16583.wav,16.056
16584.wav,1.682
16585.wav,1.295
16586.wav,2.565
16587.wav,3.386
16588.wav,3.456
16589.wav,2.659
1659.wav,3.316
16590.wav,2.675
16591.wav,2.456
16592.wav,3.068
16593.wav,4.174
16594.wav,4.664
16595.wav,4.464
16596.wav,2.165
16597.wav,2.743
16598.wav,8.566
16599.wav,3.767
166.wav,1.701
1660.wav,2.498
16600.wav,5.637
16601.wav,3.51
16602.wav,5.578
16603.wav,7.174
16604.wav,2.788
16605.wav,2.635
16606.wav,2.279
16607.wav,8.342
16608.wav,2.619
16609.wav,4.212
1661.wav,4.664
16610.wav,1.728
16611.wav,3.652
16612.wav,18.319
16613.wav,16.882
16614.wav,3.619
16615.wav,2.707
16616.wav,2.782
16617.wav,3.158
16618.wav,3.302
16619.wav,3.264
1662.wav,4.032
16620.wav,4.363
16621.wav,2.453
16622.wav,8.715
16623.wav,0.642
16624.wav,4.908
16625.wav,3.472
16626.wav,2.406
16627.wav,2.484
16628.wav,1.919
16629.wav,3.999
1663.wav,2.307
16630.wav,3.166
16631.wav,15.783
16632.wav,4.717
16633.wav,5.431
16634.wav,2.944
16635.wav,1.632
16636.wav,3.251
16637.wav,2.302
16638.wav,1.517
16639.wav,3.117
1664.wav,3.483
16640.wav,9.966
16641.wav,4.027
16642.wav,6.332
16643.wav,2.469
16644.wav,1.439
16645.wav,2.647
16646.wav,2.823
16647.wav,5.265
16648.wav,3.014
16649.wav,3.037
1665.wav,6.038
16650.wav,2.956
16651.wav,6.938
16652.wav,2.583
16653.wav,0.979
16654.wav,1.844
16655.wav,2.043
16656.wav,3.376
16657.wav,10.381
16658.wav,11.683
16659.wav,2.081
1666.wav,3.169
16660.wav,7.043
16661.wav,6.849
16662.wav,2.201
16663.wav,3.573
16664.wav,3.026
16665.wav,1.888
16666.wav,7.564
16667.wav,2.703
16668.wav,4.925
16669.wav,20.028
1667.wav,1.973
16670.wav,5.834
16671.wav,3.881
16672.wav,4.351
16673.wav,0.992
16674.wav,3.006
16675.wav,3.408
16676.wav,3.339
16677.wav,3.258
16678.wav,1.7
16679.wav,5.391
1668.wav,4.954
16680.wav,0.787
16681.wav,3.943
16682.wav,1.894
16683.wav,7.575
16684.wav,4.218
16685.wav,1.656
16686.wav,1.049
16687.wav,2.371
16688.wav,1.021
16689.wav,2.493
1669.wav,1.742
16690.wav,2.287
16691.wav,11.649
16692.wav,8.369
16693.wav,2.746
16694.wav,6.078
16695.wav,2.203
16696.wav,1.628
16697.wav,1.418
16698.wav,4.114
16699.wav,6.734
167.wav,5.03
1670.wav,2.324
16700.wav,3.425
16701.wav,3.527
16702.wav,2.922
16703.wav,1.725
16704.wav,1.247
16705.wav,2.327
16706.wav,2.184
16707.wav,4.358
16708.wav,22.224
16709.wav,5.539
1671.wav,0.909
16710.wav,4.78
16711.wav,0.701
16712.wav,3.771
16713.wav,0.755
16714.wav,5.678
16715.wav,5.373
16716.wav,7.304
16717.wav,3.666
16718.wav,1.253
16719.wav,1.234
1672.wav,13.142
16720.wav,6.989
16721.wav,6.038
16722.wav,5.888
16723.wav,2.855
16724.wav,3.22
16725.wav,7.52
16726.wav,5.873
16727.wav,2.395
16728.wav,4.559
16729.wav,4.136
1673.wav,5.027
16730.wav,2.262
16731.wav,1.659
16732.wav,2.416
16733.wav,5.022
16734.wav,6.797
16735.wav,2.956
16736.wav,3.935
16737.wav,2.393
16738.wav,12.813
16739.wav,6.612
1674.wav,8.552
16740.wav,3.028
16741.wav,3.104
16742.wav,5.26
16743.wav,3.018
16744.wav,4.397
16745.wav,2.441
16746.wav,1.472
16747.wav,2.017
16748.wav,5.336
16749.wav,3.134
1675.wav,4.733
16750.wav,2.736
16751.wav,5.711
16752.wav,5.948
16753.wav,3.213
16754.wav,4.437
16755.wav,4.414
16756.wav,4.41
16757.wav,2.813
16758.wav,5.454
16759.wav,4.5
1676.wav,2.872
16760.wav,2.902
16761.wav,5.971
16762.wav,0.796
16763.wav,3.485
16764.wav,3.147
16765.wav,8.782
16766.wav,1.108
16767.wav,2.775
16768.wav,2.41
16769.wav,8.432
1677.wav,3.963
16770.wav,5.083
16771.wav,3.517
16772.wav,2.516
16773.wav,9.132
16774.wav,2.205
16775.wav,2.896
16776.wav,7.166
16777.wav,6.02
16778.wav,2.09
16779.wav,11.25
1678.wav,1.601
16780.wav,2.461
16781.wav,6.626
16782.wav,1.978
16783.wav,4.352
16784.wav,3.292
16785.wav,9.194
16786.wav,1.333
16787.wav,1.888
16788.wav,4.158
16789.wav,4.592
1679.wav,2.16
16790.wav,9.529
16791.wav,2.282
16792.wav,2.083
16793.wav,10.851
16794.wav,10.219
16795.wav,2.325
16796.wav,2.048
16797.wav,7.593
16798.wav,8.204
16799.wav,9.861
168.wav,6.977
1680.wav,15.552
16800.wav,5.494
16801.wav,6.889
16802.wav,2.912
16803.wav,4.088
16804.wav,1.997
16805.wav,5.781
16806.wav,3.323
16807.wav,7.593
16808.wav,3.144
16809.wav,3.782
1681.wav,2.818
16810.wav,2.007
16811.wav,7.481
16812.wav,3.015
16813.wav,2.333
16814.wav,4.636
16815.wav,2.721
16816.wav,5.821
16817.wav,4.013
16818.wav,2.471
16819.wav,12.239
1682.wav,1.914
16820.wav,8.303
16821.wav,10.861
16822.wav,8.363
16823.wav,7.774
16824.wav,1.688
16825.wav,14.448
16826.wav,6.774
16827.wav,11.329
16828.wav,4.904
16829.wav,0.809
1683.wav,2.63
16830.wav,4.162
16831.wav,14.009
16832.wav,2.327
16833.wav,2.339
16834.wav,2.947
16835.wav,2.264
16836.wav,1.509
16837.wav,13.152
16838.wav,4.961
16839.wav,6.473
1684.wav,1.188
16840.wav,0.805
16841.wav,5.371
16842.wav,2.528
16843.wav,1.709
16844.wav,9.083
16845.wav,1.432
16846.wav,7.765
16847.wav,2.76
16848.wav,2.144
16849.wav,5.409
1685.wav,0.931
16850.wav,3.463
16851.wav,2.846
16852.wav,1.014
16853.wav,2.727
16854.wav,4.046
16855.wav,6.389
16856.wav,9.042
16857.wav,4.693
16858.wav,4.466
16859.wav,10.223
1686.wav,1.663
16860.wav,3.206
16861.wav,13.458
16862.wav,6.606
16863.wav,1.733
16864.wav,3.774
16865.wav,4.076
16866.wav,4.468
16867.wav,3.356
16868.wav,0.783
16869.wav,2.956
1687.wav,8.117
16870.wav,1.807
16871.wav,1.902
16872.wav,3.793
16873.wav,2.715
16874.wav,11.383
16875.wav,3.638
16876.wav,1.75
16877.wav,2.732
16878.wav,6.079
16879.wav,4.275
1688.wav,15.536
16880.wav,1.883
16881.wav,3.097
16882.wav,2.443
16883.wav,1.882
16884.wav,2.839
16885.wav,3.513
16886.wav,0.846
16887.wav,8.794
16888.wav,3.134
16889.wav,3.553
1689.wav,4.046
16890.wav,0.811
16891.wav,4.764
16892.wav,2.716
16893.wav,3.255
16894.wav,9.95
16895.wav,2.828
16896.wav,2.664
16897.wav,0.714
16898.wav,1.211
16899.wav,18.514
169.wav,2.641
1690.wav,4.155
16900.wav,2.583
16901.wav,2.357
16902.wav,1.574
16903.wav,4.454
16904.wav,1.985
16905.wav,7.591
16906.wav,6.591
16907.wav,1.244
16908.wav,2.679
16909.wav,7.936
1691.wav,2.03
16910.wav,4.758
16911.wav,2.703
16912.wav,5.817
16913.wav,2.008
16914.wav,3.161
16915.wav,2.999
16916.wav,2.503
16917.wav,8.759
16918.wav,3.475
16919.wav,1.943
1692.wav,3.081
16920.wav,3.917
16921.wav,3.502
16922.wav,2.774
16923.wav,8.876
16924.wav,11.02
16925.wav,5.545
16926.wav,3.676
16927.wav,2.42
16928.wav,2.713
16929.wav,4.751
1693.wav,2.611
16930.wav,4.522
16931.wav,3.623
16932.wav,2.354
16933.wav,3.946
16934.wav,4.561
16935.wav,4.301
16936.wav,14.302
16937.wav,3.472
16938.wav,1.568
16939.wav,9.292
1694.wav,1.342
16940.wav,5.662
16941.wav,2.424
16942.wav,4.29
16943.wav,2.764
16944.wav,1.489
16945.wav,2.342
16946.wav,3.022
16947.wav,1.571
16948.wav,4.882
16949.wav,1.989
1695.wav,5.343
16950.wav,2.978
16951.wav,2.948
16952.wav,3.031
16953.wav,3.188
16954.wav,2.064
16955.wav,4.459
16956.wav,1.565
16957.wav,3.858
16958.wav,2.277
16959.wav,1.484
1696.wav,4.15
16960.wav,2.674
16961.wav,8.447
16962.wav,1.655
16963.wav,5.596
16964.wav,1.776
16965.wav,1.531
16966.wav,6.954
16967.wav,1.254
16968.wav,13.199
16969.wav,3.172
1697.wav,5.788
16970.wav,7.573
16971.wav,4.017
16972.wav,2.412
16973.wav,4.348
16974.wav,1.466
16975.wav,4.184
16976.wav,3.916
16977.wav,1.867
16978.wav,1.774
16979.wav,2.339
1698.wav,1.306
16980.wav,9.193
16981.wav,4.272
16982.wav,1.228
16983.wav,3.304
16984.wav,5.741
16985.wav,3.246
16986.wav,22.839
16987.wav,8.637
16988.wav,2.41
16989.wav,4.676
1699.wav,8.029
16990.wav,3.368
16991.wav,2.949
16992.wav,4.627
16993.wav,2.315
16994.wav,3.357
16995.wav,2.72
16996.wav,3.985
16997.wav,0.837
16998.wav,5.139
16999.wav,2.788
17.wav,3.122
170.wav,3.017
1700.wav,4.997
17000.wav,1.149
17001.wav,2.887
17002.wav,2.987
17003.wav,1.317
17004.wav,2.12
17005.wav,4.703
17006.wav,0.855
17007.wav,7.605
17008.wav,2.156
17009.wav,3.198
1701.wav,1.452
17010.wav,6.377
17011.wav,1.12
17012.wav,2.763
17013.wav,4.07
17014.wav,1.271
17015.wav,1.647
17016.wav,0.79
17017.wav,24.676
17018.wav,6.945
17019.wav,19.069
1702.wav,18.066
17020.wav,2.234
17021.wav,3.073
17022.wav,3.035
17023.wav,3.057
17024.wav,1.407
17025.wav,2.013
17026.wav,10.196
17027.wav,4.456
17028.wav,3.682
17029.wav,2.836
1703.wav,6.284
17030.wav,3.495
17031.wav,2.4
17032.wav,6.987
17033.wav,2.338
17034.wav,1.114
17035.wav,4.029
17036.wav,11.764
17037.wav,2.609
17038.wav,1.057
17039.wav,1.873
1704.wav,8.018
17040.wav,5.669
17041.wav,3.014
17042.wav,8.571
17043.wav,3.51
17044.wav,1.598
17045.wav,2.723
17046.wav,5.602
17047.wav,13.276
17048.wav,2.653
17049.wav,6.944
1705.wav,5.778
17050.wav,2.326
17051.wav,3.166
17052.wav,12.078
17053.wav,6.329
17054.wav,2.95
17055.wav,2.357
17056.wav,3.523
17057.wav,7.751
17058.wav,1.655
17059.wav,3.014
1706.wav,3.258
17060.wav,2.526
17061.wav,6.987
17062.wav,6.402
17063.wav,1.449
17064.wav,4.658
17065.wav,1.475
17066.wav,4.765
17067.wav,4.601
17068.wav,2.117
17069.wav,5.103
1707.wav,11.874
17070.wav,1.671
17071.wav,7.782
17072.wav,2.057
17073.wav,1.085
17074.wav,2.123
17075.wav,1.486
17076.wav,4.148
17077.wav,1.423
17078.wav,2.366
17079.wav,2.328
1708.wav,2.127
17080.wav,3.508
17081.wav,3.083
17082.wav,4.438
17083.wav,1.418
17084.wav,5.665
17085.wav,2.356
17086.wav,2.918
17087.wav,3.696
17088.wav,3.738
17089.wav,3.863
1709.wav,1.5
17090.wav,2.456
17091.wav,1.413
17092.wav,2.896
17093.wav,2.76
17094.wav,4.106
17095.wav,1.653
17096.wav,4.159
17097.wav,1.402
17098.wav,2.459
17099.wav,3.087
171.wav,3.933
1710.wav,1.594
17100.wav,1.766
17101.wav,4.416
17102.wav,2.873
17103.wav,1.917
17104.wav,8.184
17105.wav,9.331
17106.wav,2.424
17107.wav,7.032
17108.wav,2.864
17109.wav,7.032
1711.wav,5.155
17110.wav,2.728
17111.wav,6.596
17112.wav,2.267
17113.wav,7.377
17114.wav,2.356
17115.wav,7.506
17116.wav,2.685
17117.wav,7.828
17118.wav,3.927
17119.wav,1.647
1712.wav,10.823
17120.wav,4.529
17121.wav,0.761
17122.wav,8.315
17123.wav,4.489
17124.wav,2.238
17125.wav,1.646
17126.wav,4.428
17127.wav,1.4
17128.wav,1.728
17129.wav,1.343
1713.wav,4.932
17130.wav,6.348
17131.wav,2.97
17132.wav,2.733
17133.wav,3.485
17134.wav,4.236
17135.wav,3.131
17136.wav,1.726
17137.wav,2.405
17138.wav,4.498
17139.wav,1.22
1714.wav,3.649
17140.wav,1.18
17141.wav,3.171
17142.wav,0.804
17143.wav,2.734
17144.wav,3.895
17145.wav,2.624
17146.wav,12.286
17147.wav,1.769
17148.wav,4.881
17149.wav,4.791
1715.wav,10.853
17150.wav,3.532
17151.wav,2.503
17152.wav,2.669
17153.wav,6.861
17154.wav,2.21
17155.wav,4.762
17156.wav,2.274
17157.wav,6.474
17158.wav,4.32
17159.wav,19.016
1716.wav,1.018
17160.wav,5.29
17161.wav,9.507
17162.wav,4.196
17163.wav,1.674
17164.wav,3.336
17165.wav,2.901
17166.wav,5.432
17167.wav,1.895
17168.wav,7.291
17169.wav,7.06
1717.wav,2.833
17170.wav,1.261
17171.wav,3.695
17172.wav,1.528
17173.wav,13.638
17174.wav,4.624
17175.wav,5.59
17176.wav,1.29
17177.wav,4.15
17178.wav,10.441
17179.wav,1.029
1718.wav,2.417
17180.wav,4.427
17181.wav,2.288
17182.wav,8.17
17183.wav,2.094
17184.wav,1.498
17185.wav,5.329
17186.wav,1.547
17187.wav,3.916
17188.wav,8.27
17189.wav,2.308
1719.wav,1.618
17190.wav,0.971
17191.wav,2.003
17192.wav,5.048
17193.wav,2.898
17194.wav,5.854
17195.wav,3.244
17196.wav,22.093
17197.wav,2.665
17198.wav,4.345
17199.wav,3.067
172.wav,6.247
1720.wav,3.632
17200.wav,8.949
17201.wav,6.266
17202.wav,1.445
17203.wav,4.258
17204.wav,2.831
17205.wav,3.011
17206.wav,1.718
17207.wav,6.689
17208.wav,5.295
17209.wav,2.758
1721.wav,2.362
17210.wav,3.705
17211.wav,2.668
17212.wav,1.378
17213.wav,5.439
17214.wav,4.448
17215.wav,4.892
17216.wav,3.636
17217.wav,4.66
17218.wav,1.914
17219.wav,1.999
1722.wav,1.733
17220.wav,7.857
17221.wav,1.386
17222.wav,2.656
17223.wav,3.066
17224.wav,4.026
17225.wav,3.24
17226.wav,3.527
17227.wav,1.074
17228.wav,2.841
17229.wav,2.29
1723.wav,3.159
17230.wav,1.938
17231.wav,2.407
17232.wav,2.029
17233.wav,4.151
17234.wav,10.933
17235.wav,3.028
17236.wav,4.629
17237.wav,2.685
17238.wav,1.923
17239.wav,1.27
1724.wav,5.778
17240.wav,4.064
17241.wav,1.107
17242.wav,2.939
17243.wav,5.187
17244.wav,2.678
17245.wav,1.985
17246.wav,5.003
17247.wav,3.249
17248.wav,2.368
17249.wav,10.36
1725.wav,1.801
17250.wav,3.639
17251.wav,3.526
17252.wav,1.651
17253.wav,6.08
17254.wav,6.504
17255.wav,1.66
17256.wav,11.837
17257.wav,4.94
17258.wav,2.901
17259.wav,4.108
1726.wav,4.125
17260.wav,6.695
17261.wav,14.005
17262.wav,3.44
17263.wav,6.276
17264.wav,6.996
17265.wav,1.643
17266.wav,1.672
17267.wav,1.607
17268.wav,2.308
17269.wav,2.218
1727.wav,1.859
17270.wav,6.114
17271.wav,6.223
17272.wav,3.617
17273.wav,5.302
17274.wav,2.066
17275.wav,7.135
17276.wav,4.951
17277.wav,1.848
17278.wav,4.166
17279.wav,2.794
1728.wav,3.14
17280.wav,4.651
17281.wav,2.054
17282.wav,1.416
17283.wav,2.402
17284.wav,7.829
17285.wav,4.989
17286.wav,1.811
17287.wav,1.503
17288.wav,2.248
17289.wav,2.73
1729.wav,1.768
17290.wav,6.631
17291.wav,2.54
17292.wav,4.14
17293.wav,2.762
17294.wav,2.121
17295.wav,3.694
17296.wav,3.705
17297.wav,4.215
17298.wav,11.58
17299.wav,2.426
173.wav,1.314
1730.wav,4.021
17300.wav,3.853
17301.wav,8.487
17302.wav,4.472
17303.wav,1.495
17304.wav,2.505
17305.wav,1.34
17306.wav,6.491
17307.wav,0.947
17308.wav,3.11
17309.wav,7.671
1731.wav,1.393
17310.wav,3.825
17311.wav,2.4
17312.wav,3.448
17313.wav,3.634
17314.wav,1.342
17315.wav,6.78
17316.wav,2.787
17317.wav,1.915
17318.wav,2.109
17319.wav,3.353
1732.wav,1.653
17320.wav,4.886
17321.wav,11.114
17322.wav,3.129
17323.wav,5.451
17324.wav,1.718
17325.wav,2.56
17326.wav,19.385
17327.wav,3.806
17328.wav,2.194
17329.wav,2.324
1733.wav,1.559
17330.wav,2.662
17331.wav,3.413
17332.wav,2.423
17333.wav,3.911
17334.wav,1.477
17335.wav,3.661
17336.wav,1.224
17337.wav,11.329
17338.wav,4.446
17339.wav,1.633
1734.wav,15.514
17340.wav,4.179
17341.wav,1.603
17342.wav,18.314
17343.wav,6.165
17344.wav,16.101
17345.wav,2.087
17346.wav,3.49
17347.wav,2.373
17348.wav,6.526
17349.wav,5.04
1735.wav,1.304
17350.wav,0.747
17351.wav,19.507
17352.wav,2.436
17353.wav,4.083
17354.wav,1.931
17355.wav,1.614
17356.wav,2.42
17357.wav,1.075
17358.wav,2.004
17359.wav,1.476
1736.wav,2.759
17360.wav,2.284
17361.wav,0.884
17362.wav,3.102
17363.wav,13.869
17364.wav,9.706
17365.wav,3.533
17366.wav,4.053
17367.wav,3.598
17368.wav,4.858
17369.wav,6.45
1737.wav,12.042
17370.wav,3.08
17371.wav,2.177
17372.wav,1.559
17373.wav,5.164
17374.wav,5.826
17375.wav,1.141
17376.wav,9.059
17377.wav,1.677
17378.wav,1.569
17379.wav,9.718
1738.wav,2.006
17380.wav,2.824
17381.wav,3.093
17382.wav,4.486
17383.wav,1.714
17384.wav,7.68
17385.wav,6.99
17386.wav,6.504
17387.wav,2.154
17388.wav,2.583
17389.wav,1.471
1739.wav,2.868
17390.wav,2.869
17391.wav,2.906
17392.wav,10.442
17393.wav,2.797
17394.wav,3.641
17395.wav,1.209
17396.wav,1.999
17397.wav,3.656
17398.wav,1.848
17399.wav,1.366
174.wav,14.885
1740.wav,4.433
17400.wav,2.516
17401.wav,3.459
17402.wav,16.077
17403.wav,2.716
17404.wav,3.235
17405.wav,3.243
17406.wav,4.341
17407.wav,4.587
17408.wav,2.214
17409.wav,2.735
1741.wav,0.817
17410.wav,8.218
17411.wav,5.241
17412.wav,8.626
17413.wav,0.795
17414.wav,0.976
17415.wav,6.532
17416.wav,5.162
17417.wav,2.661
17418.wav,7.918
17419.wav,6.418
1742.wav,14.818
17420.wav,2.659
17421.wav,3.301
17422.wav,6.523
17423.wav,14.47
17424.wav,2.443
17425.wav,3.368
17426.wav,10.639
17427.wav,9.229
17428.wav,2.391
17429.wav,3.093
1743.wav,2.994
17430.wav,2.158
17431.wav,5.344
17432.wav,14.135
17433.wav,1.361
17434.wav,4.956
17435.wav,3.96
17436.wav,8.575
17437.wav,7.979
17438.wav,1.335
17439.wav,2.848
1744.wav,2.901
17440.wav,2.021
17441.wav,2.746
17442.wav,3.916
17443.wav,1.879
17444.wav,2.969
17445.wav,8.584
17446.wav,7.121
17447.wav,4.734
17448.wav,2.252
17449.wav,11.191
1745.wav,2.447
17450.wav,4.905
17451.wav,4.326
17452.wav,9.423
17453.wav,2.326
17454.wav,4.207
17455.wav,13.398
17456.wav,2.098
17457.wav,9.175
17458.wav,5.087
17459.wav,1.259
1746.wav,2.287
17460.wav,11.281
17461.wav,2.263
17462.wav,1.217
17463.wav,1.269
17464.wav,1.989
17465.wav,1.329
17466.wav,4.191
17467.wav,3.47
17468.wav,1.93
17469.wav,11.525
1747.wav,3.532
17470.wav,3.824
17471.wav,2.468
17472.wav,2.621
17473.wav,3.831
17474.wav,7.648
17475.wav,16.862
17476.wav,2.038
17477.wav,6.034
17478.wav,2.485
17479.wav,2.87
1748.wav,1.587
17480.wav,5.263
17481.wav,9.695
17482.wav,4.844
17483.wav,5.713
17484.wav,3.253
17485.wav,2.441
17486.wav,2.745
17487.wav,12.678
17488.wav,4.993
17489.wav,4.948
1749.wav,3.137
17490.wav,2.357
17491.wav,1.726
17492.wav,4.685
17493.wav,4.603
17494.wav,4.027
17495.wav,1.046
17496.wav,6.175
17497.wav,7.372
17498.wav,3.329
17499.wav,1.931
175.wav,1.045
1750.wav,2.336
17500.wav,10.796
17501.wav,3.611
17502.wav,5.714
17503.wav,2.219
17504.wav,2.373
17505.wav,1.819
17506.wav,4.508
17507.wav,3.166
17508.wav,7.197
17509.wav,2.932
1751.wav,5.791
17510.wav,3.347
17511.wav,1.688
17512.wav,3.107
17513.wav,7.461
17514.wav,4.669
17515.wav,5.048
17516.wav,4.518
17517.wav,6.113
17518.wav,1.672
17519.wav,2.31
1752.wav,4.495
17520.wav,4.523
17521.wav,5.946
17522.wav,1.548
17523.wav,3.978
17524.wav,3.994
17525.wav,1.003
17526.wav,2.918
17527.wav,0.802
17528.wav,0.702
17529.wav,2.704
1753.wav,2.023
17530.wav,4.459
17531.wav,4.105
17532.wav,1.627
17533.wav,1.999
17534.wav,4.318
17535.wav,3.621
17536.wav,4.196
17537.wav,3.48
17538.wav,10.685
17539.wav,4.19
1754.wav,3.101
17540.wav,3.863
17541.wav,4.373
17542.wav,1.694
17543.wav,1.454
17544.wav,1.382
17545.wav,3.551
17546.wav,4.674
17547.wav,1.833
17548.wav,1.437
17549.wav,1.369
1755.wav,1.381
17550.wav,1.791
17551.wav,3.559
17552.wav,15.26
17553.wav,2.679
17554.wav,3.691
17555.wav,0.805
17556.wav,4.504
17557.wav,3.105
17558.wav,1.979
17559.wav,4.635
1756.wav,4.802
17560.wav,10.061
17561.wav,7.618
17562.wav,4.937
17563.wav,4.906
17564.wav,1.702
17565.wav,1.611
17566.wav,6.665
17567.wav,1.835
17568.wav,6.889
17569.wav,3.932
1757.wav,5.55
17570.wav,4.276
17571.wav,1.666
17572.wav,5.725
17573.wav,6.209
17574.wav,1.375
17575.wav,3.745
17576.wav,1.544
17577.wav,4.0
17578.wav,2.575
17579.wav,1.64
1758.wav,1.609
17580.wav,4.42
17581.wav,5.684
17582.wav,1.562
17583.wav,1.902
17584.wav,0.707
17585.wav,5.993
17586.wav,1.738
17587.wav,3.859
17588.wav,3.202
17589.wav,1.256
1759.wav,6.545
17590.wav,7.122
17591.wav,5.918
17592.wav,6.345
17593.wav,1.751
17594.wav,3.863
17595.wav,7.218
17596.wav,1.831
17597.wav,2.139
17598.wav,12.864
17599.wav,2.657
176.wav,1.479
1760.wav,7.751
17600.wav,4.092
17601.wav,2.007
17602.wav,19.05
17603.wav,1.3
17604.wav,6.993
17605.wav,1.888
17606.wav,18.992
17607.wav,0.77
17608.wav,2.18
17609.wav,3.1
1761.wav,6.591
17610.wav,11.075
17611.wav,1.038
17612.wav,2.363
17613.wav,2.702
17614.wav,3.985
17615.wav,5.015
17616.wav,6.558
17617.wav,2.135
17618.wav,2.873
17619.wav,7.492
1762.wav,2.112
17620.wav,3.377
17621.wav,1.881
17622.wav,6.117
17623.wav,2.386
17624.wav,1.241
17625.wav,0.977
17626.wav,2.626
17627.wav,5.0
17628.wav,6.837
17629.wav,8.387
1763.wav,3.502
17630.wav,6.741
17631.wav,7.641
17632.wav,1.948
17633.wav,2.122
17634.wav,13.044
17635.wav,5.834
17636.wav,3.937
17637.wav,4.559
17638.wav,3.363
17639.wav,7.753
1764.wav,1.645
17640.wav,0.879
17641.wav,8.475
17642.wav,2.56
17643.wav,6.443
17644.wav,3.539
17645.wav,6.302
17646.wav,8.806
17647.wav,2.648
17648.wav,3.415
17649.wav,5.155
1765.wav,1.881
17650.wav,11.801
17651.wav,23.434
17652.wav,2.129
17653.wav,1.789
17654.wav,3.46
17655.wav,1.266
17656.wav,2.804
17657.wav,1.286
17658.wav,1.565
17659.wav,1.26
1766.wav,5.589
17660.wav,2.78
17661.wav,2.123
17662.wav,8.834
17663.wav,2.788
17664.wav,4.011
17665.wav,3.045
17666.wav,13.8
17667.wav,5.327
17668.wav,9.001
17669.wav,2.643
1767.wav,2.595
17670.wav,7.888
17671.wav,5.03
17672.wav,1.969
17673.wav,2.415
17674.wav,1.547
17675.wav,2.998
17676.wav,5.104
17677.wav,4.243
17678.wav,2.403
17679.wav,2.59
1768.wav,11.363
17680.wav,3.042
17681.wav,5.811
17682.wav,2.671
17683.wav,11.102
17684.wav,3.026
17685.wav,5.278
17686.wav,4.772
17687.wav,2.129
17688.wav,7.702
17689.wav,2.917
1769.wav,2.294
17690.wav,1.322
17691.wav,4.554
17692.wav,3.323
17693.wav,7.559
17694.wav,0.801
17695.wav,1.136
17696.wav,7.714
17697.wav,1.888
17698.wav,7.615
17699.wav,1.559
177.wav,1.958
1770.wav,3.831
17700.wav,4.197
17701.wav,1.543
17702.wav,5.887
17703.wav,3.415
17704.wav,9.442
17705.wav,3.213
17706.wav,1.792
17707.wav,1.355
17708.wav,1.317
17709.wav,2.193
1771.wav,5.893
17710.wav,3.55
17711.wav,1.908
17712.wav,7.564
17713.wav,3.197
17714.wav,1.659
17715.wav,1.14
17716.wav,1.922
17717.wav,1.803
17718.wav,2.205
17719.wav,1.55
1772.wav,6.013
17720.wav,1.835
17721.wav,1.487
17722.wav,1.211
17723.wav,8.269
17724.wav,10.725
17725.wav,1.262
17726.wav,2.353
17727.wav,0.963
17728.wav,7.065
17729.wav,1.125
1773.wav,2.529
17730.wav,5.42
17731.wav,5.479
17732.wav,4.951
17733.wav,0.844
17734.wav,2.845
17735.wav,9.871
17736.wav,7.936
17737.wav,2.042
17738.wav,5.303
17739.wav,1.092
1774.wav,3.353
17740.wav,3.818
17741.wav,3.56
17742.wav,3.843
17743.wav,5.951
17744.wav,2.252
17745.wav,1.489
17746.wav,11.068
17747.wav,10.767
17748.wav,3.513
17749.wav,1.986
1775.wav,1.487
17750.wav,5.31
17751.wav,7.998
17752.wav,1.188
17753.wav,3.971
17754.wav,5.077
17755.wav,6.649
17756.wav,2.438
17757.wav,3.517
17758.wav,2.49
17759.wav,6.319
1776.wav,6.852
17760.wav,8.481
17761.wav,2.727
17762.wav,5.648
17763.wav,2.888
17764.wav,2.203
17765.wav,11.734
17766.wav,5.353
17767.wav,2.427
17768.wav,4.801
17769.wav,1.969
1777.wav,2.589
17770.wav,1.525
17771.wav,1.439
17772.wav,5.735
17773.wav,4.281
17774.wav,3.719
17775.wav,4.642
17776.wav,10.585
17777.wav,7.604
17778.wav,3.708
17779.wav,6.959
1778.wav,2.876
17780.wav,3.188
17781.wav,9.81
17782.wav,2.715
17783.wav,1.215
17784.wav,2.449
17785.wav,4.326
17786.wav,3.543
17787.wav,9.686
17788.wav,1.54
17789.wav,1.667
1779.wav,11.42
17790.wav,15.14
17791.wav,2.158
17792.wav,19.573
17793.wav,1.479
17794.wav,8.954
17795.wav,4.014
17796.wav,3.704
17797.wav,5.416
17798.wav,2.571
17799.wav,3.308
178.wav,5.46
1780.wav,1.52
17800.wav,2.463
17801.wav,1.247
17802.wav,2.166
17803.wav,5.348
17804.wav,1.406
17805.wav,12.112
17806.wav,2.753
17807.wav,0.811
17808.wav,1.214
17809.wav,3.919
1781.wav,3.005
17810.wav,4.992
17811.wav,4.49
17812.wav,13.616
17813.wav,3.456
17814.wav,2.101
17815.wav,2.179
17816.wav,3.042
17817.wav,4.83
17818.wav,2.499
17819.wav,14.115
1782.wav,1.255
17820.wav,5.231
17821.wav,2.269
17822.wav,3.295
17823.wav,2.177
17824.wav,6.369
17825.wav,5.074
17826.wav,1.634
17827.wav,7.902
17828.wav,3.818
17829.wav,1.882
1783.wav,2.323
17830.wav,4.242
17831.wav,3.177
17832.wav,1.12
17833.wav,1.555
17834.wav,1.547
17835.wav,4.487
17836.wav,8.871
17837.wav,7.155
17838.wav,1.587
17839.wav,3.85
1784.wav,0.778
17840.wav,3.196
17841.wav,4.555
17842.wav,6.382
17843.wav,2.172
17844.wav,4.339
17845.wav,4.363
17846.wav,2.781
17847.wav,3.616
17848.wav,1.711
17849.wav,1.298
1785.wav,6.975
17850.wav,3.857
17851.wav,1.448
17852.wav,1.083
17853.wav,6.826
17854.wav,2.271
17855.wav,1.528
17856.wav,3.002
17857.wav,2.643
17858.wav,2.164
17859.wav,2.56
1786.wav,5.166
17860.wav,2.12
17861.wav,4.826
17862.wav,1.907
17863.wav,2.84
17864.wav,5.292
17865.wav,1.971
17866.wav,4.115
17867.wav,4.425
17868.wav,7.529
17869.wav,1.315
1787.wav,5.678
17870.wav,1.649
17871.wav,3.888
17872.wav,1.213
17873.wav,2.15
17874.wav,1.407
17875.wav,5.74
17876.wav,3.703
17877.wav,3.618
17878.wav,5.522
17879.wav,4.397
1788.wav,7.644
17880.wav,6.578
17881.wav,2.375
17882.wav,2.766
17883.wav,3.216
17884.wav,6.394
17885.wav,5.042
17886.wav,3.311
17887.wav,9.833
17888.wav,9.489
17889.wav,2.887
1789.wav,2.278
17890.wav,6.069
17891.wav,7.466
17892.wav,0.927
17893.wav,3.013
17894.wav,8.257
17895.wav,3.538
17896.wav,1.685
17897.wav,5.362
17898.wav,1.227
17899.wav,2.654
179.wav,7.351
1790.wav,3.597
17900.wav,4.714
17901.wav,2.475
17902.wav,9.276
17903.wav,4.13
17904.wav,5.341
17905.wav,4.183
17906.wav,1.959
17907.wav,1.473
17908.wav,5.587
17909.wav,3.939
1791.wav,10.56
17910.wav,2.568
17911.wav,1.523
17912.wav,1.663
17913.wav,4.014
17914.wav,1.822
17915.wav,5.077
17916.wav,7.549
17917.wav,2.636
17918.wav,1.609
17919.wav,3.232
1792.wav,5.768
17920.wav,2.579
17921.wav,1.145
17922.wav,4.613
17923.wav,5.933
17924.wav,6.893
17925.wav,7.594
17926.wav,1.669
17927.wav,19.162
17928.wav,1.968
17929.wav,2.294
1793.wav,2.965
17930.wav,2.554
17931.wav,9.83
17932.wav,4.965
17933.wav,1.365
17934.wav,1.633
17935.wav,3.558
17936.wav,1.578
17937.wav,2.263
17938.wav,3.885
17939.wav,7.227
1794.wav,5.23
17940.wav,5.069
17941.wav,6.927
17942.wav,3.73
17943.wav,10.021
17944.wav,5.689
17945.wav,3.893
17946.wav,6.29
17947.wav,4.246
17948.wav,3.83
17949.wav,4.829
1795.wav,7.386
17950.wav,8.658
17951.wav,7.512
17952.wav,3.522
17953.wav,11.122
17954.wav,4.677
17955.wav,1.142
17956.wav,2.803
17957.wav,5.497
17958.wav,1.817
17959.wav,2.637
1796.wav,5.43
17960.wav,2.375
17961.wav,2.658
17962.wav,1.221
17963.wav,0.802
17964.wav,1.755
17965.wav,7.505
17966.wav,1.291
17967.wav,0.956
17968.wav,10.978
17969.wav,2.601
1797.wav,6.883
17970.wav,5.185
17971.wav,1.229
17972.wav,1.753
17973.wav,1.092
17974.wav,3.155
17975.wav,9.205
17976.wav,2.427
17977.wav,6.108
17978.wav,3.411
17979.wav,2.353
1798.wav,2.059
17980.wav,2.912
17981.wav,5.87
17982.wav,1.122
17983.wav,2.682
17984.wav,4.294
17985.wav,4.031
17986.wav,3.358
17987.wav,5.069
17988.wav,1.187
17989.wav,6.203
1799.wav,3.785
17990.wav,2.968
17991.wav,10.309
17992.wav,1.732
17993.wav,2.401
17994.wav,2.685
17995.wav,1.742
17996.wav,1.336
17997.wav,3.315
17998.wav,1.521
17999.wav,4.584
18.wav,1.739
180.wav,4.246
1800.wav,1.764
18000.wav,4.272
18001.wav,2.247
18002.wav,1.356
18003.wav,4.827
18004.wav,2.173
18005.wav,5.305
18006.wav,6.714
18007.wav,10.046
18008.wav,3.026
18009.wav,10.117
1801.wav,6.925
18010.wav,3.661
18011.wav,1.017
18012.wav,15.566
18013.wav,5.388
18014.wav,1.628
18015.wav,2.125
18016.wav,0.872
18017.wav,4.533
18018.wav,11.896
18019.wav,3.437
1802.wav,4.268
18020.wav,14.228
18021.wav,6.017
18022.wav,7.975
18023.wav,2.395
18024.wav,2.749
18025.wav,16.575
18026.wav,2.837
18027.wav,15.557
18028.wav,6.137
18029.wav,6.322
1803.wav,8.255
18030.wav,1.354
18031.wav,2.748
18032.wav,0.667
18033.wav,6.088
18034.wav,2.461
18035.wav,3.08
18036.wav,3.308
18037.wav,3.427
18038.wav,2.817
18039.wav,0.977
1804.wav,1.658
18040.wav,2.817
18041.wav,10.101
18042.wav,0.673
18043.wav,1.538
18044.wav,1.383
18045.wav,5.563
18046.wav,1.884
18047.wav,2.08
18048.wav,3.379
18049.wav,4.613
1805.wav,2.764
18050.wav,2.674
18051.wav,11.353
18052.wav,2.404
18053.wav,7.351
18054.wav,1.547
18055.wav,3.54
18056.wav,1.862
18057.wav,2.053
18058.wav,8.651
18059.wav,1.229
1806.wav,6.993
18060.wav,3.756
18061.wav,6.7
18062.wav,1.816
18063.wav,6.638
18064.wav,5.184
18065.wav,2.554
18066.wav,5.689
18067.wav,3.802
18068.wav,1.569
18069.wav,9.572
1807.wav,1.307
18070.wav,5.751
18071.wav,5.51
18072.wav,2.929
18073.wav,4.237
18074.wav,2.08
18075.wav,5.395
18076.wav,5.347
18077.wav,1.701
18078.wav,3.094
18079.wav,3.033
1808.wav,2.404
18080.wav,2.679
18081.wav,2.409
18082.wav,2.414
18083.wav,2.993
18084.wav,7.632
18085.wav,4.274
18086.wav,2.225
18087.wav,2.858
18088.wav,1.651
18089.wav,4.298
1809.wav,2.397
18090.wav,3.325
18091.wav,7.444
18092.wav,3.188
18093.wav,14.087
18094.wav,3.056
18095.wav,1.776
18096.wav,2.672
18097.wav,2.81
18098.wav,14.919
18099.wav,0.881
181.wav,4.218
1810.wav,3.155
18100.wav,1.684
18101.wav,1.961
18102.wav,6.11
18103.wav,2.312
18104.wav,5.512
18105.wav,2.243
18106.wav,3.499
18107.wav,4.806
18108.wav,5.746
18109.wav,9.641
1811.wav,0.977
18110.wav,2.888
18111.wav,4.796
18112.wav,2.603
18113.wav,8.121
18114.wav,2.049
18115.wav,2.464
18116.wav,1.867
18117.wav,0.703
18118.wav,3.307
18119.wav,5.515
1812.wav,5.036
18120.wav,4.526
18121.wav,1.195
18122.wav,4.57
18123.wav,3.584
18124.wav,4.682
18125.wav,9.611
18126.wav,2.035
18127.wav,4.347
18128.wav,3.518
18129.wav,6.732
1813.wav,1.196
18130.wav,6.469
18131.wav,2.525
18132.wav,6.835
18133.wav,1.182
18134.wav,2.576
18135.wav,4.018
18136.wav,4.846
18137.wav,2.094
18138.wav,2.686
18139.wav,2.233
1814.wav,2.288
18140.wav,2.45
18141.wav,3.86
18142.wav,3.193
18143.wav,3.151
18144.wav,5.397
18145.wav,1.922
18146.wav,2.9
18147.wav,2.471
18148.wav,3.268
18149.wav,3.194
1815.wav,1.836
18150.wav,13.612
18151.wav,9.432
18152.wav,1.696
18153.wav,2.371
18154.wav,3.31
18155.wav,1.108
18156.wav,3.899
18157.wav,2.326
18158.wav,4.334
18159.wav,2.06
1816.wav,10.358
18160.wav,2.324
18161.wav,9.661
18162.wav,11.184
18163.wav,4.607
18164.wav,1.986
18165.wav,1.702
18166.wav,1.304
18167.wav,3.109
18168.wav,4.282
18169.wav,3.523
1817.wav,2.694
18170.wav,0.712
18171.wav,8.291
18172.wav,11.956
18173.wav,6.676
18174.wav,3.722
18175.wav,3.058
18176.wav,2.543
18177.wav,3.156
18178.wav,3.15
18179.wav,1.338
1818.wav,4.324
18180.wav,1.613
18181.wav,2.339
18182.wav,1.931
18183.wav,13.081
18184.wav,11.211
18185.wav,1.704
18186.wav,4.721
18187.wav,1.987
18188.wav,3.311
18189.wav,11.581
1819.wav,3.514
18190.wav,3.926
18191.wav,4.385
18192.wav,4.237
18193.wav,1.218
18194.wav,3.309
18195.wav,2.576
18196.wav,2.962
18197.wav,5.354
18198.wav,5.686
18199.wav,1.856
182.wav,15.072
1820.wav,4.216
18200.wav,1.173
18201.wav,4.351
18202.wav,4.108
18203.wav,1.322
18204.wav,1.302
18205.wav,16.989
18206.wav,1.914
18207.wav,2.535
18208.wav,1.411
18209.wav,7.729
1821.wav,3.438
18210.wav,2.713
18211.wav,3.146
18212.wav,1.774
18213.wav,2.657
18214.wav,4.044
18215.wav,2.674
18216.wav,5.175
18217.wav,2.122
18218.wav,3.52
18219.wav,3.067
1822.wav,2.485
18220.wav,3.658
18221.wav,1.701
18222.wav,3.749
18223.wav,0.985
18224.wav,1.578
18225.wav,3.565
18226.wav,4.928
18227.wav,4.148
18228.wav,1.489
18229.wav,4.755
1823.wav,10.017
18230.wav,1.526
18231.wav,2.184
18232.wav,3.346
18233.wav,3.28
18234.wav,1.687
18235.wav,4.423
18236.wav,2.199
18237.wav,3.921
18238.wav,2.509
18239.wav,3.967
1824.wav,1.706
18240.wav,1.884
18241.wav,3.241
18242.wav,2.989
18243.wav,3.676
18244.wav,1.301
18245.wav,1.065
18246.wav,3.142
18247.wav,2.55
18248.wav,14.642
18249.wav,3.306
1825.wav,1.818
18250.wav,2.564
18251.wav,3.833
18252.wav,1.257
18253.wav,9.487
18254.wav,7.039
18255.wav,4.577
18256.wav,3.478
18257.wav,1.307
18258.wav,0.712
18259.wav,2.917
1826.wav,10.323
18260.wav,2.812
18261.wav,8.427
18262.wav,3.481
18263.wav,2.683
18264.wav,4.775
18265.wav,2.589
18266.wav,2.894
18267.wav,6.537
18268.wav,10.179
18269.wav,10.568
1827.wav,1.714
18270.wav,3.112
18271.wav,14.133
18272.wav,9.36
18273.wav,6.659
18274.wav,3.453
18275.wav,1.755
18276.wav,0.577
18277.wav,1.237
18278.wav,8.523
18279.wav,10.152
1828.wav,2.014
18280.wav,8.934
18281.wav,1.749
18282.wav,5.581
18283.wav,3.96
18284.wav,0.843
18285.wav,5.385
18286.wav,5.502
18287.wav,2.518
18288.wav,2.12
18289.wav,1.777
1829.wav,1.078
18290.wav,10.187
18291.wav,1.822
18292.wav,0.927
18293.wav,1.788
18294.wav,4.317
18295.wav,2.105
18296.wav,4.441
18297.wav,0.8
18298.wav,9.296
18299.wav,1.723
183.wav,2.455
1830.wav,1.763
18300.wav,7.472
18301.wav,3.504
18302.wav,3.784
18303.wav,2.049
18304.wav,3.58
18305.wav,2.525
18306.wav,6.02
18307.wav,1.349
18308.wav,5.913
18309.wav,2.411
1831.wav,3.699
18310.wav,8.33
18311.wav,3.077
18312.wav,1.664
18313.wav,4.554
18314.wav,2.565
18315.wav,2.602
18316.wav,4.833
18317.wav,2.253
18318.wav,9.565
18319.wav,2.38
1832.wav,1.015
18320.wav,2.264
18321.wav,2.729
18322.wav,5.42
18323.wav,4.237
18324.wav,1.983
18325.wav,11.885
18326.wav,2.896
18327.wav,0.838
18328.wav,4.985
18329.wav,8.973
1833.wav,2.388
18330.wav,5.987
18331.wav,1.532
18332.wav,2.403
18333.wav,5.107
18334.wav,8.804
18335.wav,1.138
18336.wav,4.635
18337.wav,2.288
18338.wav,4.354
18339.wav,2.61
1834.wav,3.289
18340.wav,3.595
18341.wav,2.106
18342.wav,4.057
18343.wav,3.95
18344.wav,3.004
18345.wav,15.302
18346.wav,1.475
18347.wav,2.98
18348.wav,1.658
18349.wav,3.728
1835.wav,4.805
18350.wav,3.391
18351.wav,16.507
18352.wav,4.425
18353.wav,3.673
18354.wav,3.355
18355.wav,4.214
18356.wav,1.71
18357.wav,2.299
18358.wav,1.703
18359.wav,9.167
1836.wav,5.097
18360.wav,2.821
18361.wav,2.626
18362.wav,2.521
18363.wav,2.213
18364.wav,4.406
18365.wav,3.932
18366.wav,3.558
18367.wav,3.131
18368.wav,5.928
18369.wav,3.825
1837.wav,2.036
18370.wav,5.645
18371.wav,5.28
18372.wav,1.767
18373.wav,3.078
18374.wav,3.214
18375.wav,3.974
18376.wav,2.812
18377.wav,11.962
18378.wav,2.922
18379.wav,5.49
1838.wav,3.975
18380.wav,3.569
18381.wav,7.436
18382.wav,7.446
18383.wav,1.554
18384.wav,4.239
18385.wav,1.888
18386.wav,2.247
18387.wav,1.95
18388.wav,2.387
18389.wav,3.01
1839.wav,1.407
18390.wav,3.505
18391.wav,6.985
18392.wav,7.471
18393.wav,2.003
18394.wav,1.25
18395.wav,4.68
18396.wav,2.226
18397.wav,1.46
18398.wav,2.051
18399.wav,3.983
184.wav,1.532
1840.wav,1.512
18400.wav,9.207
18401.wav,3.451
18402.wav,2.758
18403.wav,10.14
18404.wav,1.253
18405.wav,20.606
18406.wav,1.232
18407.wav,6.186
18408.wav,2.022
18409.wav,7.211
1841.wav,1.808
18410.wav,2.9
18411.wav,1.534
18412.wav,2.335
18413.wav,2.153
18414.wav,3.629
18415.wav,1.447
18416.wav,3.922
18417.wav,2.708
18418.wav,2.452
18419.wav,2.107
1842.wav,6.605
18420.wav,7.292
18421.wav,1.883
18422.wav,4.024
18423.wav,3.571
18424.wav,0.819
18425.wav,3.409
18426.wav,2.072
18427.wav,1.336
18428.wav,3.47
18429.wav,3.968
1843.wav,4.393
18430.wav,0.91
18431.wav,5.624
18432.wav,13.803
18433.wav,1.772
18434.wav,7.988
18435.wav,1.851
18436.wav,0.815
18437.wav,3.24
18438.wav,7.89
18439.wav,2.806
1844.wav,1.769
18440.wav,2.999
18441.wav,2.341
18442.wav,9.681
18443.wav,4.342
18444.wav,5.139
18445.wav,1.804
18446.wav,6.309
18447.wav,6.203
18448.wav,3.495
18449.wav,5.677
1845.wav,4.319
18450.wav,1.59
18451.wav,2.49
18452.wav,2.837
18453.wav,3.224
18454.wav,2.133
18455.wav,1.336
18456.wav,1.802
18457.wav,2.07
18458.wav,4.698
18459.wav,2.716
1846.wav,1.332
18460.wav,3.258
18461.wav,17.663
18462.wav,7.501
18463.wav,1.676
18464.wav,1.864
18465.wav,3.703
18466.wav,15.716
18467.wav,8.793
18468.wav,3.028
18469.wav,1.292
1847.wav,3.753
18470.wav,3.197
18471.wav,5.066
18472.wav,4.904
18473.wav,9.826
18474.wav,16.714
18475.wav,5.848
18476.wav,3.076
18477.wav,2.291
18478.wav,8.691
18479.wav,1.814
1848.wav,6.737
18480.wav,3.622
18481.wav,2.438
18482.wav,7.079
18483.wav,11.284
18484.wav,1.098
18485.wav,2.677
18486.wav,6.278
18487.wav,3.609
18488.wav,2.972
18489.wav,5.938
1849.wav,1.187
18490.wav,2.181
18491.wav,4.965
18492.wav,4.183
18493.wav,8.123
18494.wav,1.427
18495.wav,2.956
18496.wav,4.939
18497.wav,4.53
18498.wav,2.313
18499.wav,3.911
185.wav,4.897
1850.wav,4.55
18500.wav,3.086
18501.wav,4.525
18502.wav,5.353
18503.wav,6.761
18504.wav,4.371
18505.wav,3.86
18506.wav,2.091
18507.wav,1.735
18508.wav,1.722
18509.wav,8.519
1851.wav,2.923
18510.wav,4.798
18511.wav,3.617
18512.wav,0.867
18513.wav,4.528
18514.wav,1.578
18515.wav,3.86
18516.wav,1.607
18517.wav,3.288
18518.wav,5.328
18519.wav,1.812
1852.wav,2.079
18520.wav,1.984
18521.wav,0.684
18522.wav,3.869
18523.wav,4.688
18524.wav,0.723
18525.wav,2.368
18526.wav,6.927
18527.wav,1.958
18528.wav,1.737
18529.wav,1.654
1853.wav,1.407
18530.wav,1.068
18531.wav,0.462
18532.wav,8.613
18533.wav,17.968
18534.wav,7.288
18535.wav,5.561
18536.wav,2.65
18537.wav,8.158
18538.wav,3.119
18539.wav,2.676
1854.wav,1.964
18540.wav,2.779
18541.wav,4.275
18542.wav,1.153
18543.wav,5.822
18544.wav,2.147
18545.wav,5.713
18546.wav,1.645
18547.wav,1.819
18548.wav,10.981
18549.wav,4.147
1855.wav,1.66
18550.wav,2.144
18551.wav,1.65
18552.wav,4.591
18553.wav,1.9
18554.wav,3.503
18555.wav,1.26
18556.wav,1.387
18557.wav,2.872
18558.wav,1.398
18559.wav,4.875
1856.wav,2.933
18560.wav,2.017
18561.wav,2.277
18562.wav,4.18
18563.wav,10.211
18564.wav,8.621
18565.wav,1.326
18566.wav,5.675
18567.wav,4.441
18568.wav,2.442
18569.wav,8.573
1857.wav,2.217
18570.wav,4.317
18571.wav,1.236
18572.wav,5.516
18573.wav,1.987
18574.wav,3.64
18575.wav,2.24
18576.wav,6.602
18577.wav,2.281
18578.wav,2.721
18579.wav,9.016
1858.wav,4.276
18580.wav,5.702
18581.wav,1.032
18582.wav,1.321
18583.wav,2.084
18584.wav,2.861
18585.wav,10.273
18586.wav,3.199
18587.wav,3.139
18588.wav,7.807
18589.wav,1.888
1859.wav,3.491
18590.wav,4.278
18591.wav,2.764
18592.wav,1.105
18593.wav,3.372
18594.wav,2.414
18595.wav,2.659
18596.wav,5.495
18597.wav,2.208
18598.wav,1.776
18599.wav,9.788
186.wav,2.457
1860.wav,5.398
18600.wav,5.497
18601.wav,3.895
18602.wav,2.598
18603.wav,12.47
18604.wav,5.967
18605.wav,2.863
18606.wav,3.484
18607.wav,1.73
18608.wav,5.053
18609.wav,2.0
1861.wav,5.853
18610.wav,2.929
18611.wav,7.256
18612.wav,3.418
18613.wav,2.019
18614.wav,2.101
18615.wav,3.547
18616.wav,3.686
18617.wav,2.508
18618.wav,3.071
18619.wav,2.114
1862.wav,2.091
18620.wav,4.429
18621.wav,2.706
18622.wav,3.867
18623.wav,5.126
18624.wav,4.11
18625.wav,1.157
18626.wav,2.287
18627.wav,5.742
18628.wav,3.665
18629.wav,1.504
1863.wav,9.119
18630.wav,2.463
18631.wav,4.598
18632.wav,5.479
18633.wav,3.146
18634.wav,3.517
18635.wav,17.936
18636.wav,3.766
18637.wav,4.962
18638.wav,3.587
18639.wav,22.384
1864.wav,3.075
18640.wav,1.624
18641.wav,2.497
18642.wav,8.163
18643.wav,2.82
18644.wav,0.705
18645.wav,4.108
18646.wav,3.129
18647.wav,1.486
18648.wav,3.484
18649.wav,1.441
1865.wav,1.733
18650.wav,4.159
18651.wav,2.097
18652.wav,1.267
18653.wav,2.456
18654.wav,5.699
18655.wav,4.25
18656.wav,5.098
18657.wav,6.047
18658.wav,2.406
18659.wav,2.369
1866.wav,2.04
18660.wav,2.851
18661.wav,3.228
18662.wav,2.721
18663.wav,1.983
18664.wav,1.428
18665.wav,2.08
18666.wav,1.474
18667.wav,5.029
18668.wav,2.078
18669.wav,1.239
1867.wav,2.166
18670.wav,3.341
18671.wav,6.877
18672.wav,5.072
18673.wav,2.045
18674.wav,2.179
18675.wav,2.511
18676.wav,3.743
18677.wav,2.694
18678.wav,2.151
18679.wav,4.933
1868.wav,1.553
18680.wav,4.681
18681.wav,6.529
18682.wav,1.701
18683.wav,5.185
18684.wav,1.692
18685.wav,5.666
18686.wav,3.617
18687.wav,5.061
18688.wav,5.446
18689.wav,1.167
1869.wav,1.945
18690.wav,3.226
18691.wav,10.076
18692.wav,2.988
18693.wav,3.674
18694.wav,1.304
18695.wav,2.923
18696.wav,1.353
18697.wav,5.483
18698.wav,0.93
18699.wav,1.915
187.wav,1.267
1870.wav,7.662
18700.wav,3.67
18701.wav,3.015
18702.wav,7.094
18703.wav,2.087
18704.wav,2.445
18705.wav,4.864
18706.wav,8.946
18707.wav,3.049
18708.wav,3.111
18709.wav,7.78
1871.wav,9.262
18710.wav,8.579
18711.wav,1.189
18712.wav,3.252
18713.wav,11.0
18714.wav,3.569
18715.wav,4.669
18716.wav,1.047
18717.wav,3.369
18718.wav,3.233
18719.wav,4.419
1872.wav,7.323
18720.wav,2.834
18721.wav,1.343
18722.wav,1.811
18723.wav,2.282
18724.wav,2.756
18725.wav,5.11
18726.wav,4.299
18727.wav,2.233
18728.wav,2.169
18729.wav,2.758
1873.wav,2.132
18730.wav,3.049
18731.wav,4.487
18732.wav,1.966
18733.wav,1.547
18734.wav,4.914
18735.wav,7.236
18736.wav,2.966
18737.wav,4.057
18738.wav,2.886
18739.wav,5.108
1874.wav,3.31
18740.wav,6.506
18741.wav,2.089
18742.wav,5.46
18743.wav,11.756
18744.wav,0.841
18745.wav,7.69
18746.wav,6.488
18747.wav,2.558
18748.wav,3.568
18749.wav,1.686
1875.wav,1.295
18750.wav,0.765
18751.wav,1.832
18752.wav,13.724
18753.wav,3.111
18754.wav,3.527
18755.wav,7.144
18756.wav,3.08
18757.wav,1.035
18758.wav,4.612
18759.wav,1.568
1876.wav,3.866
18760.wav,4.132
18761.wav,0.987
18762.wav,1.65
18763.wav,3.237
18764.wav,9.956
18765.wav,6.962
18766.wav,3.459
18767.wav,1.996
18768.wav,4.232
18769.wav,0.846
1877.wav,2.76
18770.wav,3.697
18771.wav,1.31
18772.wav,5.381
18773.wav,5.528
18774.wav,4.247
18775.wav,5.04
18776.wav,6.47
18777.wav,2.955
18778.wav,2.632
18779.wav,1.67
1878.wav,5.359
18780.wav,4.314
18781.wav,1.122
18782.wav,5.34
18783.wav,7.088
18784.wav,6.534
18785.wav,2.775
18786.wav,9.969
18787.wav,3.952
18788.wav,1.652
18789.wav,2.914
1879.wav,4.274
18790.wav,3.39
18791.wav,5.913
18792.wav,1.882
18793.wav,6.325
18794.wav,2.808
18795.wav,14.137
18796.wav,5.695
18797.wav,11.705
18798.wav,2.435
18799.wav,3.54
188.wav,7.979
1880.wav,2.398
18800.wav,2.111
18801.wav,1.977
18802.wav,4.271
18803.wav,3.757
18804.wav,4.68
18805.wav,2.617
18806.wav,1.57
18807.wav,6.439
18808.wav,9.55
18809.wav,9.764
1881.wav,2.128
18810.wav,13.414
18811.wav,3.359
18812.wav,5.929
18813.wav,3.125
18814.wav,2.547
18815.wav,2.157
18816.wav,5.591
18817.wav,4.849
18818.wav,1.332
18819.wav,6.991
1882.wav,20.144
18820.wav,2.872
18821.wav,0.934
18822.wav,1.657
18823.wav,1.486
18824.wav,1.686
18825.wav,8.923
18826.wav,2.298
18827.wav,5.586
18828.wav,2.397
18829.wav,1.481
1883.wav,4.022
18830.wav,2.815
18831.wav,16.416
18832.wav,2.56
18833.wav,3.081
18834.wav,1.764
18835.wav,8.464
18836.wav,15.048
18837.wav,4.442
18838.wav,5.117
18839.wav,2.116
1884.wav,2.528
18840.wav,1.885
18841.wav,2.279
18842.wav,7.261
18843.wav,3.176
18844.wav,9.593
18845.wav,1.351
18846.wav,8.158
18847.wav,1.618
18848.wav,1.516
18849.wav,5.093
1885.wav,3.793
18850.wav,2.277
18851.wav,2.002
18852.wav,8.124
18853.wav,1.495
18854.wav,6.076
18855.wav,2.145
18856.wav,13.302
18857.wav,6.314
18858.wav,8.272
18859.wav,6.412
1886.wav,4.476
18860.wav,4.241
18861.wav,3.393
18862.wav,5.786
18863.wav,1.318
18864.wav,2.481
18865.wav,1.415
18866.wav,1.947
18867.wav,2.921
18868.wav,3.034
18869.wav,7.216
1887.wav,6.19
18870.wav,2.176
18871.wav,2.16
18872.wav,10.988
18873.wav,7.825
18874.wav,3.17
18875.wav,0.864
18876.wav,4.064
18877.wav,1.683
18878.wav,2.738
18879.wav,3.568
1888.wav,0.923
18880.wav,2.068
18881.wav,2.578
18882.wav,2.575
18883.wav,5.904
18884.wav,5.306
18885.wav,2.501
18886.wav,1.093
18887.wav,2.239
18888.wav,1.068
18889.wav,1.323
1889.wav,4.542
18890.wav,3.396
18891.wav,4.472
18892.wav,3.242
18893.wav,4.486
18894.wav,2.091
18895.wav,8.127
18896.wav,3.867
18897.wav,1.461
18898.wav,3.134
18899.wav,7.559
189.wav,1.315
1890.wav,3.038
18900.wav,2.691
18901.wav,0.803
18902.wav,8.311
18903.wav,1.348
18904.wav,1.757
18905.wav,3.997
18906.wav,1.655
18907.wav,2.269
18908.wav,3.989
18909.wav,3.351
1891.wav,8.541
18910.wav,3.852
18911.wav,1.495
18912.wav,6.661
18913.wav,1.614
18914.wav,5.256
18915.wav,13.49
18916.wav,6.319
18917.wav,4.421
18918.wav,4.063
18919.wav,8.844
1892.wav,2.317
18920.wav,4.423
18921.wav,4.782
18922.wav,3.331
18923.wav,3.681
18924.wav,1.496
18925.wav,2.43
18926.wav,0.801
18927.wav,2.81
18928.wav,3.024
18929.wav,4.926
1893.wav,4.043
18930.wav,4.093
18931.wav,2.534
18932.wav,2.165
18933.wav,6.739
18934.wav,1.617
18935.wav,6.429
18936.wav,4.845
18937.wav,10.63
18938.wav,4.86
18939.wav,2.296
1894.wav,6.118
18940.wav,11.292
18941.wav,4.004
18942.wav,13.033
18943.wav,5.784
18944.wav,3.17
18945.wav,1.146
18946.wav,3.628
18947.wav,3.571
18948.wav,4.251
18949.wav,14.273
1895.wav,1.738
18950.wav,4.673
18951.wav,1.865
18952.wav,3.958
18953.wav,3.388
18954.wav,6.555
18955.wav,1.769
18956.wav,1.523
18957.wav,4.477
18958.wav,2.321
18959.wav,2.367
1896.wav,2.304
18960.wav,3.52
18961.wav,1.957
18962.wav,22.877
18963.wav,2.359
18964.wav,1.629
18965.wav,4.413
18966.wav,5.259
18967.wav,5.795
18968.wav,3.011
18969.wav,5.226
1897.wav,4.482
18970.wav,3.52
18971.wav,2.825
18972.wav,1.83
18973.wav,3.073
18974.wav,5.034
18975.wav,1.692
18976.wav,3.894
18977.wav,4.52
18978.wav,9.166
18979.wav,2.507
1898.wav,3.57
18980.wav,2.413
18981.wav,10.711
18982.wav,1.578
18983.wav,4.174
18984.wav,4.727
18985.wav,2.797
18986.wav,2.544
18987.wav,8.081
18988.wav,9.081
18989.wav,2.836
1899.wav,2.162
18990.wav,2.643
18991.wav,5.988
18992.wav,7.053
18993.wav,3.676
18994.wav,1.672
18995.wav,7.154
18996.wav,1.939
18997.wav,2.193
18998.wav,4.857
18999.wav,8.258
19.wav,7.584
190.wav,4.53
1900.wav,6.487
19000.wav,1.217
19001.wav,4.899
19002.wav,3.074
19003.wav,5.063
19004.wav,2.465
19005.wav,4.644
19006.wav,1.36
19007.wav,6.306
19008.wav,3.389
19009.wav,2.73
1901.wav,1.782
19010.wav,3.552
19011.wav,1.737
19012.wav,4.154
19013.wav,3.848
19014.wav,2.103
19015.wav,10.648
19016.wav,1.701
19017.wav,2.054
19018.wav,6.722
19019.wav,5.545
1902.wav,8.917
19020.wav,2.752
19021.wav,2.522
19022.wav,6.773
19023.wav,14.034
19024.wav,4.083
19025.wav,8.825
19026.wav,2.431
19027.wav,10.342
19028.wav,5.406
19029.wav,1.65
1903.wav,17.946
19030.wav,2.615
19031.wav,5.371
19032.wav,3.573
19033.wav,2.29
19034.wav,3.27
19035.wav,3.374
19036.wav,5.837
19037.wav,2.318
19038.wav,1.743
19039.wav,7.984
1904.wav,4.023
19040.wav,5.74
19041.wav,1.25
19042.wav,7.667
19043.wav,2.041
19044.wav,1.405
19045.wav,3.527
19046.wav,1.995
19047.wav,4.634
19048.wav,4.577
19049.wav,3.59
1905.wav,1.903
19050.wav,1.826
19051.wav,6.889
19052.wav,3.478
19053.wav,12.998
19054.wav,2.275
19055.wav,4.999
19056.wav,2.736
19057.wav,6.972
19058.wav,3.215
19059.wav,3.521
1906.wav,2.666
19060.wav,3.454
19061.wav,1.349
19062.wav,1.823
19063.wav,2.611
19064.wav,3.046
19065.wav,3.327
19066.wav,4.559
19067.wav,4.477
19068.wav,4.671
19069.wav,2.077
1907.wav,3.606
19070.wav,2.553
19071.wav,1.824
19072.wav,8.735
19073.wav,5.402
19074.wav,4.838
19075.wav,1.356
19076.wav,1.793
19077.wav,2.217
19078.wav,2.689
19079.wav,3.629
1908.wav,6.175
19080.wav,3.855
19081.wav,4.709
19082.wav,2.013
19083.wav,0.926
19084.wav,2.492
19085.wav,8.231
19086.wav,2.08
19087.wav,5.02
19088.wav,18.538
19089.wav,7.503
1909.wav,3.579
19090.wav,4.243
19091.wav,7.442
19092.wav,1.431
19093.wav,3.594
19094.wav,0.937
19095.wav,1.183
19096.wav,1.354
19097.wav,11.915
19098.wav,5.016
19099.wav,1.018
191.wav,4.817
1910.wav,2.887
19100.wav,3.274
19101.wav,1.701
19102.wav,2.591
19103.wav,2.215
19104.wav,19.609
19105.wav,4.353
19106.wav,2.214
19107.wav,1.079
19108.wav,3.167
19109.wav,3.081
1911.wav,5.845
19110.wav,14.478
19111.wav,3.355
19112.wav,4.179
19113.wav,4.144
19114.wav,10.799
19115.wav,1.213
19116.wav,1.81
19117.wav,4.224
19118.wav,7.247
19119.wav,2.759
1912.wav,9.835
19120.wav,4.022
19121.wav,2.322
19122.wav,1.401
19123.wav,7.77
19124.wav,3.269
19125.wav,1.103
19126.wav,12.362
19127.wav,3.082
19128.wav,5.978
19129.wav,4.219
1913.wav,1.678
19130.wav,2.472
19131.wav,1.916
19132.wav,3.45
19133.wav,4.813
19134.wav,2.825
19135.wav,2.415
19136.wav,1.981
19137.wav,3.063
19138.wav,9.928
19139.wav,0.847
1914.wav,1.739
19140.wav,3.901
19141.wav,2.802
19142.wav,2.05
19143.wav,5.436
19144.wav,2.715
19145.wav,0.781
19146.wav,2.93
19147.wav,2.707
19148.wav,7.433
19149.wav,2.21
1915.wav,2.643
19150.wav,3.968
19151.wav,4.261
19152.wav,3.173
19153.wav,3.878
19154.wav,4.127
19155.wav,1.445
19156.wav,4.764
19157.wav,4.007
19158.wav,1.849
19159.wav,8.713
1916.wav,1.838
19160.wav,2.037
19161.wav,1.683
19162.wav,7.363
19163.wav,1.618
19164.wav,7.944
19165.wav,4.554
19166.wav,10.609
19167.wav,3.47
19168.wav,2.389
19169.wav,6.115
1917.wav,13.219
19170.wav,6.221
19171.wav,4.142
19172.wav,1.91
19173.wav,10.734
19174.wav,5.659
19175.wav,3.182
19176.wav,1.378
19177.wav,1.236
19178.wav,3.997
19179.wav,2.534
1918.wav,4.263
19180.wav,0.751
19181.wav,3.222
19182.wav,5.781
19183.wav,2.609
19184.wav,2.736
19185.wav,11.733
19186.wav,1.382
19187.wav,9.523
19188.wav,1.874
19189.wav,1.88
1919.wav,4.377
19190.wav,3.527
19191.wav,18.02
19192.wav,1.876
19193.wav,3.342
19194.wav,9.881
19195.wav,2.073
19196.wav,8.591
19197.wav,1.857
19198.wav,1.421
19199.wav,1.794
192.wav,2.06
1920.wav,11.347
19200.wav,1.487
19201.wav,3.452
19202.wav,1.31
19203.wav,4.922
19204.wav,1.937
19205.wav,3.381
19206.wav,3.313
19207.wav,5.759
19208.wav,2.275
19209.wav,1.777
1921.wav,0.87
19210.wav,0.956
19211.wav,5.219
19212.wav,2.222
19213.wav,3.869
19214.wav,5.964
19215.wav,3.716
19216.wav,1.005
19217.wav,3.157
19218.wav,4.565
19219.wav,5.281
1922.wav,6.657
19220.wav,2.806
19221.wav,1.823
19222.wav,2.902
19223.wav,5.126
19224.wav,22.524
19225.wav,2.838
19226.wav,1.526
19227.wav,4.546
19228.wav,3.431
19229.wav,1.306
1923.wav,2.97
19230.wav,2.82
19231.wav,2.485
19232.wav,4.287
19233.wav,2.019
19234.wav,2.087
19235.wav,3.889
19236.wav,2.518
19237.wav,1.854
19238.wav,4.829
19239.wav,0.672
1924.wav,2.245
19240.wav,1.286
19241.wav,1.31
19242.wav,2.475
19243.wav,7.687
19244.wav,4.309
19245.wav,0.983
19246.wav,2.963
19247.wav,15.261
19248.wav,4.045
19249.wav,8.049
1925.wav,11.166
19250.wav,1.318
19251.wav,4.132
19252.wav,6.686
19253.wav,2.361
19254.wav,5.247
19255.wav,2.426
19256.wav,2.291
19257.wav,1.653
19258.wav,6.94
19259.wav,2.95
1926.wav,0.93
19260.wav,1.776
19261.wav,2.001
19262.wav,4.92
19263.wav,1.404
19264.wav,1.564
19265.wav,2.718
19266.wav,6.126
19267.wav,2.797
19268.wav,2.646
19269.wav,2.066
1927.wav,1.646
19270.wav,3.135
19271.wav,13.724
19272.wav,3.305
19273.wav,2.06
19274.wav,2.367
19275.wav,10.819
19276.wav,1.853
19277.wav,2.57
19278.wav,9.842
19279.wav,2.103
1928.wav,0.881
19280.wav,2.477
19281.wav,4.045
19282.wav,12.29
19283.wav,3.497
19284.wav,1.151
19285.wav,2.676
19286.wav,3.743
19287.wav,1.981
19288.wav,1.839
19289.wav,15.213
1929.wav,5.884
19290.wav,6.282
19291.wav,2.634
19292.wav,1.435
19293.wav,4.92
19294.wav,2.111
19295.wav,1.928
19296.wav,0.906
19297.wav,2.776
19298.wav,1.449
19299.wav,2.312
193.wav,1.576
1930.wav,4.418
19300.wav,4.627
19301.wav,2.701
19302.wav,12.085
19303.wav,2.319
19304.wav,2.408
19305.wav,11.771
19306.wav,1.185
19307.wav,3.872
19308.wav,1.679
19309.wav,2.943
1931.wav,5.466
19310.wav,3.312
19311.wav,2.982
19312.wav,0.882
19313.wav,4.213
19314.wav,21.795
19315.wav,9.362
19316.wav,1.338
19317.wav,3.336
19318.wav,1.555
19319.wav,1.494
1932.wav,3.706
19320.wav,8.142
19321.wav,8.826
19322.wav,2.208
19323.wav,2.088
19324.wav,4.035
19325.wav,1.645
19326.wav,3.704
19327.wav,2.381
19328.wav,1.755
19329.wav,12.489
1933.wav,4.054
19330.wav,8.802
19331.wav,2.092
19332.wav,4.267
19333.wav,0.811
19334.wav,7.468
19335.wav,4.423
19336.wav,1.433
19337.wav,8.059
19338.wav,3.553
19339.wav,1.683
1934.wav,2.396
19340.wav,2.355
19341.wav,2.835
19342.wav,2.333
19343.wav,2.937
19344.wav,3.85
19345.wav,8.108
19346.wav,4.214
19347.wav,14.803
19348.wav,5.905
19349.wav,2.053
1935.wav,6.388
19350.wav,1.321
19351.wav,9.276
19352.wav,2.42
19353.wav,1.78
19354.wav,10.76
19355.wav,2.459
19356.wav,1.916
19357.wav,3.652
19358.wav,1.876
19359.wav,5.173
1936.wav,1.599
19360.wav,1.902
19361.wav,0.72
19362.wav,4.914
19363.wav,10.227
19364.wav,6.202
19365.wav,4.065
19366.wav,4.672
19367.wav,5.981
19368.wav,5.074
19369.wav,1.978
1937.wav,4.627
19370.wav,3.132
19371.wav,5.75
19372.wav,1.764
19373.wav,4.317
19374.wav,3.343
19375.wav,5.836
19376.wav,3.577
19377.wav,4.611
19378.wav,2.343
19379.wav,3.164
1938.wav,2.708
19380.wav,5.261
19381.wav,3.232
19382.wav,9.496
19383.wav,3.346
19384.wav,2.376
19385.wav,7.804
19386.wav,5.148
19387.wav,8.291
19388.wav,3.326
19389.wav,2.452
1939.wav,4.942
19390.wav,2.862
19391.wav,2.679
19392.wav,3.916
19393.wav,2.581
19394.wav,1.59
19395.wav,3.685
19396.wav,6.966
19397.wav,6.961
19398.wav,1.096
19399.wav,0.812
194.wav,5.52
1940.wav,3.68
19400.wav,1.547
19401.wav,2.898
19402.wav,2.175
19403.wav,1.081
19404.wav,1.673
19405.wav,4.308
19406.wav,2.181
19407.wav,1.193
19408.wav,6.048
19409.wav,7.85
1941.wav,2.049
19410.wav,1.347
19411.wav,2.259
19412.wav,1.55
19413.wav,1.337
19414.wav,1.261
19415.wav,5.493
19416.wav,1.78
19417.wav,5.42
19418.wav,3.629
19419.wav,2.36
1942.wav,2.104
19420.wav,7.204
19421.wav,3.401
19422.wav,1.114
19423.wav,3.004
19424.wav,2.443
19425.wav,1.679
19426.wav,3.797
19427.wav,3.462
19428.wav,1.229
19429.wav,1.974
1943.wav,2.214
19430.wav,1.133
19431.wav,15.63
19432.wav,8.721
19433.wav,6.907
19434.wav,1.942
19435.wav,2.336
19436.wav,4.57
19437.wav,4.682
19438.wav,2.795
19439.wav,2.604
1944.wav,1.942
19440.wav,2.966
19441.wav,5.986
19442.wav,2.449
19443.wav,5.772
19444.wav,1.462
19445.wav,2.869
19446.wav,3.011
19447.wav,5.369
19448.wav,2.12
19449.wav,1.934
1945.wav,2.273
19450.wav,2.265
19451.wav,10.38
19452.wav,1.315
19453.wav,4.16
19454.wav,6.704
19455.wav,5.21
19456.wav,7.593
19457.wav,2.033
19458.wav,2.533
19459.wav,3.466
1946.wav,3.585
19460.wav,1.13
19461.wav,5.094
19462.wav,4.945
19463.wav,4.504
19464.wav,7.576
19465.wav,1.171
19466.wav,7.4
19467.wav,4.618
19468.wav,3.004
19469.wav,2.308
1947.wav,2.577
19470.wav,4.928
19471.wav,2.809
19472.wav,3.233
19473.wav,2.25
19474.wav,1.888
19475.wav,2.995
19476.wav,6.374
19477.wav,4.11
19478.wav,6.492
19479.wav,1.789
1948.wav,7.4
19480.wav,2.549
19481.wav,8.839
19482.wav,2.047
19483.wav,1.886
19484.wav,1.663
19485.wav,8.929
19486.wav,3.904
19487.wav,5.361
19488.wav,3.06
19489.wav,3.951
1949.wav,1.757
19490.wav,3.032
19491.wav,10.62
19492.wav,2.736
19493.wav,2.987
19494.wav,4.776
19495.wav,2.733
19496.wav,3.906
19497.wav,3.202
19498.wav,6.879
19499.wav,1.575
195.wav,0.832
1950.wav,1.072
19500.wav,2.091
19501.wav,1.599
19502.wav,3.846
19503.wav,2.18
19504.wav,7.847
19505.wav,4.841
19506.wav,2.946
19507.wav,2.65
19508.wav,1.577
19509.wav,2.296
1951.wav,1.035
19510.wav,1.808
19511.wav,4.71
19512.wav,2.143
19513.wav,1.546
19514.wav,2.109
19515.wav,1.036
19516.wav,3.744
19517.wav,2.522
19518.wav,8.513
19519.wav,10.131
1952.wav,4.948
19520.wav,9.05
19521.wav,2.726
19522.wav,1.189
19523.wav,2.871
19524.wav,0.806
19525.wav,3.22
19526.wav,1.583
19527.wav,2.483
19528.wav,4.388
19529.wav,2.061
1953.wav,0.838
19530.wav,9.366
19531.wav,2.223
19532.wav,4.462
19533.wav,5.237
19534.wav,1.983
19535.wav,13.782
19536.wav,1.78
19537.wav,5.485
19538.wav,1.884
19539.wav,2.138
1954.wav,6.417
19540.wav,5.24
19541.wav,1.929
19542.wav,1.432
19543.wav,1.771
19544.wav,5.918
19545.wav,4.269
19546.wav,6.322
19547.wav,3.233
19548.wav,2.336
19549.wav,2.308
1955.wav,7.576
19550.wav,3.621
19551.wav,7.846
19552.wav,14.185
19553.wav,9.106
19554.wav,5.419
19555.wav,2.422
19556.wav,2.904
19557.wav,2.606
19558.wav,6.784
19559.wav,3.555
1956.wav,4.872
19560.wav,2.323
19561.wav,4.253
19562.wav,13.225
19563.wav,2.399
19564.wav,0.832
19565.wav,3.076
19566.wav,4.032
19567.wav,4.437
19568.wav,3.678
19569.wav,2.936
1957.wav,8.736
19570.wav,1.87
19571.wav,1.479
19572.wav,1.584
19573.wav,4.402
19574.wav,1.505
19575.wav,2.566
19576.wav,5.105
19577.wav,1.817
19578.wav,6.986
19579.wav,7.328
1958.wav,2.221
19580.wav,1.999
19581.wav,4.235
19582.wav,3.464
19583.wav,7.311
19584.wav,7.758
19585.wav,3.211
19586.wav,1.024
19587.wav,5.199
19588.wav,2.719
19589.wav,5.564
1959.wav,18.546
19590.wav,5.067
19591.wav,6.19
19592.wav,3.038
19593.wav,2.809
19594.wav,2.642
19595.wav,3.579
19596.wav,1.541
19597.wav,4.232
19598.wav,1.774
19599.wav,2.04
196.wav,6.554
1960.wav,3.149
19600.wav,1.723
19601.wav,21.207
19602.wav,1.744
19603.wav,15.91
19604.wav,14.569
19605.wav,1.118
19606.wav,9.679
19607.wav,3.58
19608.wav,4.683
19609.wav,2.716
1961.wav,3.187
19610.wav,9.422
19611.wav,4.881
19612.wav,6.147
19613.wav,4.166
19614.wav,1.961
19615.wav,5.941
19616.wav,4.063
19617.wav,13.524
19618.wav,1.276
19619.wav,2.596
1962.wav,4.887
19620.wav,4.467
19621.wav,2.182
19622.wav,2.869
19623.wav,2.417
19624.wav,9.76
19625.wav,2.853
19626.wav,1.74
19627.wav,21.956
19628.wav,2.628
19629.wav,12.07
1963.wav,2.071
19630.wav,7.435
19631.wav,1.691
19632.wav,2.834
19633.wav,7.573
19634.wav,1.289
19635.wav,5.051
19636.wav,1.871
19637.wav,4.509
19638.wav,4.737
19639.wav,0.813
1964.wav,1.046
19640.wav,4.134
19641.wav,2.753
19642.wav,3.821
19643.wav,4.803
19644.wav,2.368
19645.wav,3.48
19646.wav,6.883
19647.wav,2.496
19648.wav,2.819
19649.wav,1.002
1965.wav,4.28
19650.wav,1.339
19651.wav,1.156
19652.wav,7.758
19653.wav,3.486
19654.wav,1.882
19655.wav,2.934
19656.wav,3.649
19657.wav,10.423
19658.wav,2.593
19659.wav,2.865
1966.wav,2.446
19660.wav,3.301
19661.wav,2.115
19662.wav,2.735
19663.wav,3.531
19664.wav,4.547
19665.wav,3.832
19666.wav,2.838
19667.wav,4.052
19668.wav,2.185
19669.wav,3.206
1967.wav,4.514
19670.wav,3.172
19671.wav,4.738
19672.wav,1.095
19673.wav,1.594
19674.wav,2.317
19675.wav,4.298
19676.wav,2.995
19677.wav,2.097
19678.wav,3.064
19679.wav,1.887
1968.wav,4.624
19680.wav,4.41
19681.wav,4.484
19682.wav,3.934
19683.wav,11.356
19684.wav,5.734
19685.wav,1.226
19686.wav,1.714
19687.wav,2.802
19688.wav,2.491
19689.wav,5.076
1969.wav,3.063
19690.wav,2.448
19691.wav,8.732
19692.wav,1.392
19693.wav,1.589
19694.wav,6.829
19695.wav,10.299
19696.wav,5.498
19697.wav,3.033
19698.wav,15.985
19699.wav,4.316
197.wav,5.029
1970.wav,6.78
19700.wav,1.983
19701.wav,2.226
19702.wav,1.511
19703.wav,2.194
19704.wav,3.949
19705.wav,5.68
19706.wav,4.655
19707.wav,3.701
19708.wav,3.565
19709.wav,5.612
1971.wav,2.621
19710.wav,3.61
19711.wav,14.604
19712.wav,3.507
19713.wav,1.557
19714.wav,1.546
19715.wav,8.236
19716.wav,0.618
19717.wav,0.856
19718.wav,2.024
19719.wav,0.438
1972.wav,0.966
19720.wav,21.212
19721.wav,4.435
19722.wav,1.796
19723.wav,14.856
19724.wav,2.58
19725.wav,1.776
19726.wav,3.426
19727.wav,3.725
19728.wav,2.682
19729.wav,2.352
1973.wav,11.527
19730.wav,1.736
19731.wav,3.254
19732.wav,6.625
19733.wav,1.221
19734.wav,13.895
19735.wav,5.973
19736.wav,3.259
19737.wav,1.12
19738.wav,2.683
19739.wav,1.373
1974.wav,1.979
19740.wav,1.715
19741.wav,2.674
19742.wav,2.405
19743.wav,5.876
19744.wav,1.131
19745.wav,1.629
19746.wav,3.532
19747.wav,2.1
19748.wav,6.767
19749.wav,7.121
1975.wav,2.556
19750.wav,1.88
19751.wav,1.713
19752.wav,1.123
19753.wav,3.609
19754.wav,1.379
19755.wav,6.081
19756.wav,11.062
19757.wav,4.675
19758.wav,6.941
19759.wav,3.533
1976.wav,3.778
19760.wav,2.756
19761.wav,2.192
19762.wav,2.216
19763.wav,3.26
19764.wav,2.072
19765.wav,7.923
19766.wav,1.852
19767.wav,12.662
19768.wav,5.074
19769.wav,5.994
1977.wav,5.205
19770.wav,8.793
19771.wav,2.104
19772.wav,3.699
19773.wav,3.139
19774.wav,1.99
19775.wav,3.494
19776.wav,7.5
19777.wav,16.892
19778.wav,0.826
19779.wav,2.012
1978.wav,1.674
19780.wav,7.23
19781.wav,6.866
19782.wav,6.037
19783.wav,1.443
19784.wav,10.214
19785.wav,4.19
19786.wav,2.778
19787.wav,3.048
19788.wav,3.079
19789.wav,4.272
1979.wav,3.389
19790.wav,7.229
19791.wav,2.975
19792.wav,2.303
19793.wav,2.73
19794.wav,6.758
19795.wav,6.019
19796.wav,3.885
19797.wav,1.765
19798.wav,4.498
19799.wav,2.574
198.wav,1.249
1980.wav,7.054
19800.wav,1.408
19801.wav,3.982
19802.wav,6.394
19803.wav,6.137
19804.wav,4.453
19805.wav,2.693
19806.wav,3.156
19807.wav,3.192
19808.wav,2.029
19809.wav,4.383
1981.wav,2.226
19810.wav,5.514
19811.wav,5.409
19812.wav,2.227
19813.wav,2.096
19814.wav,2.823
19815.wav,0.953
19816.wav,1.042
19817.wav,7.717
19818.wav,1.879
19819.wav,0.835
1982.wav,3.634
19820.wav,7.382
19821.wav,7.636
19822.wav,3.415
19823.wav,3.091
19824.wav,2.431
19825.wav,4.316
19826.wav,1.957
19827.wav,4.042
19828.wav,4.545
19829.wav,3.396
1983.wav,2.22
19830.wav,2.482
19831.wav,2.817
19832.wav,8.893
19833.wav,2.127
19834.wav,4.204
19835.wav,8.453
19836.wav,3.045
19837.wav,4.921
19838.wav,4.075
19839.wav,3.378
1984.wav,1.978
19840.wav,1.316
19841.wav,4.058
19842.wav,2.389
19843.wav,8.884
19844.wav,1.651
19845.wav,2.782
19846.wav,8.47
19847.wav,1.99
19848.wav,3.721
19849.wav,3.053
1985.wav,4.024
19850.wav,2.42
19851.wav,2.278
19852.wav,1.561
19853.wav,1.573
19854.wav,6.3
19855.wav,2.628
19856.wav,4.471
19857.wav,4.677
19858.wav,1.907
19859.wav,3.87
1986.wav,1.212
19860.wav,3.137
19861.wav,2.963
19862.wav,3.831
19863.wav,5.282
19864.wav,6.062
19865.wav,4.632
19866.wav,5.143
19867.wav,2.386
19868.wav,18.541
19869.wav,1.408
1987.wav,4.23
19870.wav,1.937
19871.wav,1.997
19872.wav,1.628
19873.wav,1.205
19874.wav,2.023
19875.wav,11.496
19876.wav,2.584
19877.wav,11.89
19878.wav,3.252
19879.wav,1.039
1988.wav,7.642
19880.wav,6.251
19881.wav,7.732
19882.wav,1.527
19883.wav,4.993
19884.wav,6.886
19885.wav,1.99
19886.wav,4.821
19887.wav,5.107
19888.wav,4.821
19889.wav,1.711
1989.wav,7.17
19890.wav,9.808
19891.wav,2.079
19892.wav,1.851
19893.wav,7.813
19894.wav,4.092
19895.wav,5.943
19896.wav,2.219
19897.wav,4.959
19898.wav,3.784
19899.wav,9.163
199.wav,1.994
1990.wav,11.511
19900.wav,8.015
19901.wav,2.483
19902.wav,0.758
19903.wav,2.927
19904.wav,10.44
19905.wav,2.962
19906.wav,4.595
19907.wav,5.112
19908.wav,5.523
19909.wav,12.716
1991.wav,4.822
19910.wav,3.709
19911.wav,4.865
19912.wav,3.276
19913.wav,3.226
19914.wav,2.427
19915.wav,5.745
19916.wav,2.609
19917.wav,2.599
19918.wav,2.752
19919.wav,1.399
1992.wav,2.931
19920.wav,3.132
19921.wav,3.253
19922.wav,5.384
19923.wav,3.525
19924.wav,2.186
19925.wav,10.315
19926.wav,1.861
19927.wav,1.447
19928.wav,7.531
19929.wav,1.658
1993.wav,2.077
19930.wav,11.299
19931.wav,4.495
19932.wav,3.143
19933.wav,6.122
19934.wav,2.449
19935.wav,2.78
19936.wav,3.546
19937.wav,3.713
19938.wav,2.853
19939.wav,3.458
1994.wav,4.861
19940.wav,6.524
19941.wav,2.271
19942.wav,16.691
19943.wav,3.115
19944.wav,1.479
19945.wav,3.201
19946.wav,5.138
19947.wav,1.389
19948.wav,4.282
19949.wav,1.916
1995.wav,2.036
19950.wav,5.388
19951.wav,10.064
19952.wav,1.401
19953.wav,1.683
19954.wav,5.708
19955.wav,2.287
19956.wav,2.87
19957.wav,1.261
19958.wav,3.776
19959.wav,2.773
1996.wav,6.726
19960.wav,1.472
19961.wav,1.341
19962.wav,7.641
19963.wav,2.49
19964.wav,2.931
19965.wav,13.963
19966.wav,6.622
19967.wav,2.425
19968.wav,7.712
19969.wav,10.543
1997.wav,5.124
19970.wav,2.453
19971.wav,2.174
19972.wav,9.829
19973.wav,4.988
19974.wav,2.329
19975.wav,1.939
19976.wav,5.323
19977.wav,4.424
19978.wav,11.37
19979.wav,2.349
1998.wav,1.13
19980.wav,6.864
19981.wav,22.219
19982.wav,1.494
19983.wav,7.455
19984.wav,1.032
19985.wav,2.541
19986.wav,1.621
19987.wav,1.315
19988.wav,3.96
19989.wav,3.008
1999.wav,2.237
19990.wav,1.826
19991.wav,1.169
19992.wav,2.476
19993.wav,4.474
19994.wav,5.074
19995.wav,2.154
19996.wav,1.214
19997.wav,1.44
19998.wav,1.143
19999.wav,3.63
2.wav,8.098
20.wav,1.523
200.wav,3.128
2000.wav,1.124
20000.wav,2.099
20001.wav,1.79
20002.wav,1.364
20003.wav,9.786
20004.wav,1.792
20005.wav,7.913
20006.wav,1.746
20007.wav,2.698
20008.wav,4.255
20009.wav,11.477
2001.wav,5.783
20010.wav,3.035
20011.wav,0.97
20012.wav,3.871
20013.wav,6.468
20014.wav,3.138
20015.wav,2.89
20016.wav,2.236
20017.wav,6.693
20018.wav,1.895
20019.wav,1.733
2002.wav,1.099
20020.wav,10.002
20021.wav,1.616
20022.wav,6.974
20023.wav,5.909
20024.wav,1.423
20025.wav,14.893
20026.wav,1.492
20027.wav,4.944
20028.wav,2.25
20029.wav,1.491
2003.wav,3.151
20030.wav,4.199
20031.wav,6.454
20032.wav,4.382
20033.wav,1.194
20034.wav,8.818
20035.wav,2.954
20036.wav,13.176
20037.wav,2.501
20038.wav,2.221
20039.wav,2.163
2004.wav,1.838
20040.wav,2.838
20041.wav,1.366
20042.wav,1.097
20043.wav,2.716
20044.wav,8.595
20045.wav,2.151
20046.wav,1.424
20047.wav,1.731
20048.wav,5.06
20049.wav,2.84
2005.wav,0.903
20050.wav,3.64
20051.wav,8.127
20052.wav,4.492
20053.wav,6.378
20054.wav,3.473
20055.wav,5.22
20056.wav,1.683
20057.wav,10.141
20058.wav,7.908
20059.wav,2.236
2006.wav,8.832
20060.wav,4.053
20061.wav,1.868
20062.wav,2.438
20063.wav,2.963
20064.wav,3.666
20065.wav,7.923
20066.wav,11.062
20067.wav,2.811
20068.wav,1.891
20069.wav,4.189
2007.wav,2.818
20070.wav,6.796
20071.wav,3.922
20072.wav,3.498
20073.wav,2.432
20074.wav,3.416
20075.wav,3.989
20076.wav,7.096
20077.wav,3.91
20078.wav,4.007
20079.wav,2.56
2008.wav,2.312
20080.wav,1.969
20081.wav,5.858
20082.wav,4.32
20083.wav,1.451
20084.wav,3.409
20085.wav,2.705
20086.wav,3.008
20087.wav,7.675
20088.wav,2.915
20089.wav,7.438
2009.wav,5.032
20090.wav,2.704
20091.wav,1.634
20092.wav,0.88
20093.wav,5.084
20094.wav,8.81
20095.wav,4.844
20096.wav,5.139
20097.wav,3.361
20098.wav,3.291
20099.wav,6.131
201.wav,3.144
2010.wav,1.591
20100.wav,8.778
20101.wav,7.589
20102.wav,3.345
20103.wav,2.393
20104.wav,1.039
20105.wav,2.988
20106.wav,1.247
20107.wav,2.94
20108.wav,1.727
20109.wav,1.185
2011.wav,2.555
20110.wav,2.253
20111.wav,3.723
20112.wav,1.252
20113.wav,1.638
20114.wav,2.858
20115.wav,5.794
20116.wav,1.545
20117.wav,2.546
20118.wav,1.787
20119.wav,7.668
2012.wav,8.97
20120.wav,4.465
20121.wav,1.267
20122.wav,6.361
20123.wav,5.572
20124.wav,3.075
20125.wav,2.641
20126.wav,3.474
20127.wav,4.535
20128.wav,1.075
20129.wav,4.468
2013.wav,4.457
20130.wav,3.686
20131.wav,5.319
20132.wav,3.43
20133.wav,22.032
20134.wav,2.27
20135.wav,4.793
20136.wav,3.311
20137.wav,20.718
20138.wav,2.698
20139.wav,12.558
2014.wav,1.393
20140.wav,2.272
20141.wav,6.445
20142.wav,4.741
20143.wav,2.091
20144.wav,4.058
20145.wav,2.752
20146.wav,1.339
20147.wav,3.41
20148.wav,2.025
20149.wav,4.549
2015.wav,3.265
20150.wav,2.123
20151.wav,9.301
20152.wav,6.059
20153.wav,5.662
20154.wav,1.946
20155.wav,2.529
20156.wav,7.923
20157.wav,2.613
20158.wav,3.191
20159.wav,5.672
2016.wav,3.473
20160.wav,4.304
20161.wav,1.527
20162.wav,1.633
20163.wav,2.846
20164.wav,2.279
20165.wav,2.269
20166.wav,2.372
20167.wav,0.979
20168.wav,15.282
20169.wav,3.872
2017.wav,1.194
20170.wav,11.291
20171.wav,3.244
20172.wav,1.131
20173.wav,2.346
20174.wav,2.293
20175.wav,1.591
20176.wav,5.982
20177.wav,2.079
20178.wav,4.148
20179.wav,1.191
2018.wav,3.711
20180.wav,1.685
20181.wav,1.174
20182.wav,6.07
20183.wav,2.109
20184.wav,2.005
20185.wav,2.709
20186.wav,8.293
20187.wav,7.544
20188.wav,4.317
20189.wav,5.436
2019.wav,3.962
20190.wav,1.857
20191.wav,1.537
20192.wav,6.574
20193.wav,3.421
20194.wav,3.378
20195.wav,5.169
20196.wav,5.67
20197.wav,3.829
20198.wav,3.372
20199.wav,1.771
202.wav,1.592
2020.wav,1.56
20200.wav,1.407
20201.wav,4.267
20202.wav,3.812
20203.wav,8.411
20204.wav,1.797
20205.wav,7.371
20206.wav,2.479
20207.wav,2.074
20208.wav,7.322
20209.wav,13.393
2021.wav,1.122
20210.wav,3.738
20211.wav,9.574
20212.wav,3.584
20213.wav,5.606
20214.wav,1.967
20215.wav,5.167
20216.wav,3.109
20217.wav,19.606
20218.wav,4.908
20219.wav,2.3
2022.wav,2.332
20220.wav,1.197
20221.wav,5.903
20222.wav,2.322
20223.wav,1.887
20224.wav,3.327
20225.wav,8.469
20226.wav,3.968
20227.wav,5.816
20228.wav,5.313
20229.wav,9.153
2023.wav,5.279
20230.wav,6.635
20231.wav,2.678
20232.wav,1.101
20233.wav,0.898
20234.wav,4.01
20235.wav,2.094
20236.wav,4.392
20237.wav,3.805
20238.wav,0.952
20239.wav,9.753
2024.wav,12.448
20240.wav,4.762
20241.wav,2.649
20242.wav,13.714
20243.wav,3.447
20244.wav,3.773
20245.wav,1.681
20246.wav,3.924
20247.wav,1.371
20248.wav,6.352
20249.wav,18.932
2025.wav,5.221
20250.wav,1.261
20251.wav,3.618
20252.wav,2.868
20253.wav,4.772
20254.wav,4.088
20255.wav,2.951
20256.wav,4.17
20257.wav,2.736
20258.wav,1.511
20259.wav,1.319
2026.wav,11.913
20260.wav,0.657
20261.wav,2.316
20262.wav,2.535
20263.wav,1.404
20264.wav,4.835
20265.wav,6.018
20266.wav,2.971
20267.wav,5.338
20268.wav,1.741
20269.wav,6.115
2027.wav,1.36
20270.wav,2.082
20271.wav,2.781
20272.wav,4.654
20273.wav,9.901
20274.wav,5.985
20275.wav,4.109
20276.wav,16.888
20277.wav,7.249
20278.wav,2.417
20279.wav,8.716
2028.wav,3.593
20280.wav,9.828
20281.wav,7.106
20282.wav,1.404
20283.wav,2.333
20284.wav,7.142
20285.wav,9.606
20286.wav,1.744
20287.wav,2.014
20288.wav,3.304
20289.wav,3.117
2029.wav,3.493
20290.wav,1.699
20291.wav,1.117
20292.wav,1.273
20293.wav,2.878
20294.wav,3.645
20295.wav,2.205
20296.wav,3.395
20297.wav,5.223
20298.wav,5.842
20299.wav,6.444
203.wav,1.746
2030.wav,7.698
20300.wav,4.223
20301.wav,2.527
20302.wav,1.082
20303.wav,2.519
20304.wav,3.813
20305.wav,9.897
20306.wav,6.002
20307.wav,4.33
20308.wav,3.07
20309.wav,4.561
2031.wav,10.151
20310.wav,0.695
20311.wav,2.492
20312.wav,2.007
20313.wav,3.644
20314.wav,1.361
20315.wav,3.763
20316.wav,7.111
20317.wav,4.504
20318.wav,3.97
20319.wav,3.007
2032.wav,5.799
20320.wav,6.562
20321.wav,0.999
20322.wav,2.143
20323.wav,11.366
20324.wav,21.682
20325.wav,2.304
20326.wav,3.236
20327.wav,1.594
20328.wav,3.64
20329.wav,2.487
2033.wav,2.474
20330.wav,1.681
20331.wav,5.594
20332.wav,2.747
20333.wav,2.788
20334.wav,7.085
20335.wav,2.085
20336.wav,4.532
20337.wav,2.985
20338.wav,2.144
20339.wav,3.282
2034.wav,10.152
20340.wav,0.645
20341.wav,2.486
20342.wav,3.863
20343.wav,3.34
20344.wav,5.542
20345.wav,6.088
20346.wav,5.744
20347.wav,2.818
20348.wav,8.283
20349.wav,16.848
2035.wav,7.668
20350.wav,3.247
20351.wav,8.217
20352.wav,2.155
20353.wav,4.073
20354.wav,2.278
20355.wav,2.972
20356.wav,2.647
20357.wav,3.478
20358.wav,3.523
20359.wav,0.753
2036.wav,2.338
20360.wav,5.201
20361.wav,3.232
20362.wav,5.891
20363.wav,4.39
20364.wav,4.95
20365.wav,1.604
20366.wav,2.536
20367.wav,2.301
20368.wav,12.813
20369.wav,18.057
2037.wav,5.254
20370.wav,1.884
20371.wav,6.918
20372.wav,2.665
20373.wav,2.997
20374.wav,1.741
20375.wav,22.621
20376.wav,2.801
20377.wav,8.107
20378.wav,0.904
20379.wav,3.763
2038.wav,1.981
20380.wav,1.981
20381.wav,0.982
20382.wav,22.684
20383.wav,0.819
20384.wav,1.437
20385.wav,7.703
20386.wav,3.825
20387.wav,2.47
20388.wav,1.842
20389.wav,0.858
2039.wav,1.799
20390.wav,3.233
20391.wav,2.174
20392.wav,9.639
20393.wav,2.747
20394.wav,7.158
20395.wav,5.475
20396.wav,2.292
20397.wav,1.759
20398.wav,1.582
20399.wav,1.661
204.wav,2.692
2040.wav,2.468
20400.wav,1.692
20401.wav,6.492
20402.wav,9.964
20403.wav,2.048
20404.wav,3.942
20405.wav,1.932
20406.wav,0.933
20407.wav,0.917
20408.wav,2.029
20409.wav,4.054
2041.wav,4.624
20410.wav,9.646
20411.wav,5.334
20412.wav,2.792
20413.wav,1.807
20414.wav,2.457
20415.wav,3.399
20416.wav,8.013
20417.wav,2.304
20418.wav,3.972
20419.wav,2.701
2042.wav,2.027
20420.wav,2.325
20421.wav,3.573
20422.wav,3.595
20423.wav,4.568
20424.wav,3.179
20425.wav,7.683
20426.wav,1.765
20427.wav,12.717
20428.wav,3.536
20429.wav,1.614
2043.wav,2.478
20430.wav,2.313
20431.wav,4.756
20432.wav,4.023
20433.wav,1.357
20434.wav,5.244
20435.wav,4.62
20436.wav,3.528
20437.wav,3.263
20438.wav,7.589
20439.wav,3.677
2044.wav,6.162
20440.wav,1.374
20441.wav,2.729
20442.wav,1.302
20443.wav,6.632
20444.wav,1.42
20445.wav,2.991
20446.wav,4.38
20447.wav,7.67
20448.wav,16.928
20449.wav,8.677
2045.wav,3.589
20450.wav,4.553
20451.wav,4.982
20452.wav,19.798
20453.wav,2.759
20454.wav,2.815
20455.wav,5.263
20456.wav,1.775
20457.wav,8.344
20458.wav,1.942
20459.wav,2.502
2046.wav,6.215
20460.wav,1.58
20461.wav,3.077
20462.wav,3.82
20463.wav,1.865
20464.wav,2.172
20465.wav,2.351
20466.wav,1.977
20467.wav,0.723
20468.wav,1.805
20469.wav,16.896
2047.wav,1.189
20470.wav,2.374
20471.wav,2.633
20472.wav,4.243
20473.wav,3.112
20474.wav,13.949
20475.wav,5.249
20476.wav,1.949
20477.wav,2.687
20478.wav,4.03
20479.wav,2.323
2048.wav,8.285
20480.wav,5.294
20481.wav,1.541
20482.wav,8.719
20483.wav,1.809
20484.wav,1.584
20485.wav,5.126
20486.wav,8.388
20487.wav,4.602
20488.wav,2.554
20489.wav,2.897
2049.wav,1.826
20490.wav,2.001
20491.wav,5.678
20492.wav,0.982
20493.wav,2.337
20494.wav,0.946
20495.wav,3.754
20496.wav,5.363
20497.wav,2.804
20498.wav,4.788
20499.wav,2.484
205.wav,2.874
2050.wav,3.41
20500.wav,3.441
20501.wav,5.954
20502.wav,1.807
20503.wav,1.555
20504.wav,5.171
20505.wav,18.667
20506.wav,2.058
20507.wav,1.528
20508.wav,2.988
20509.wav,1.712
2051.wav,3.66
20510.wav,15.704
20511.wav,2.514
20512.wav,2.228
20513.wav,2.128
20514.wav,4.067
20515.wav,6.018
20516.wav,10.244
20517.wav,2.475
20518.wav,3.019
20519.wav,4.724
2052.wav,0.911
20520.wav,1.693
20521.wav,2.619
20522.wav,2.046
20523.wav,2.089
20524.wav,8.42
20525.wav,1.313
20526.wav,2.026
20527.wav,2.829
20528.wav,3.539
20529.wav,2.29
2053.wav,4.057
20530.wav,1.263
20531.wav,2.609
20532.wav,7.55
20533.wav,2.722
20534.wav,2.348
20535.wav,5.057
20536.wav,3.794
20537.wav,2.165
20538.wav,4.959
20539.wav,1.255
2054.wav,8.368
20540.wav,9.775
20541.wav,1.59
20542.wav,2.315
20543.wav,2.869
20544.wav,7.88
20545.wav,2.988
20546.wav,8.143
20547.wav,3.912
20548.wav,1.808
20549.wav,4.375
2055.wav,6.074
20550.wav,2.505
20551.wav,6.057
20552.wav,6.894
20553.wav,4.576
20554.wav,1.581
20555.wav,1.733
20556.wav,5.474
20557.wav,1.883
20558.wav,3.75
20559.wav,4.095
2056.wav,8.325
20560.wav,15.93
20561.wav,1.744
20562.wav,2.252
20563.wav,5.227
20564.wav,3.647
20565.wav,4.59
20566.wav,4.544
20567.wav,6.09
20568.wav,3.025
20569.wav,2.489
2057.wav,5.215
20570.wav,1.823
20571.wav,21.457
20572.wav,2.876
20573.wav,3.401
20574.wav,4.387
20575.wav,10.711
20576.wav,3.238
20577.wav,6.068
20578.wav,23.596
20579.wav,7.748
2058.wav,4.862
20580.wav,7.809
20581.wav,1.479
20582.wav,2.05
20583.wav,1.5
20584.wav,2.373
20585.wav,1.265
20586.wav,2.559
20587.wav,7.707
20588.wav,5.947
20589.wav,3.108
2059.wav,1.973
20590.wav,5.657
20591.wav,2.473
20592.wav,2.202
20593.wav,2.407
20594.wav,2.135
20595.wav,1.043
20596.wav,0.864
20597.wav,2.515
20598.wav,5.06
20599.wav,4.6
206.wav,4.343
2060.wav,2.393
20600.wav,2.109
20601.wav,4.277
20602.wav,6.676
20603.wav,2.372
20604.wav,2.959
20605.wav,3.809
20606.wav,2.442
20607.wav,4.819
20608.wav,1.842
20609.wav,6.492
2061.wav,3.316
20610.wav,7.328
20611.wav,2.938
20612.wav,1.568
20613.wav,2.696
20614.wav,2.872
20615.wav,2.876
20616.wav,6.469
20617.wav,9.261
20618.wav,0.795
20619.wav,1.673
2062.wav,3.378
20620.wav,8.089
20621.wav,3.363
20622.wav,2.666
20623.wav,1.907
20624.wav,12.926
20625.wav,13.984
20626.wav,1.014
20627.wav,3.955
20628.wav,6.031
20629.wav,2.5
2063.wav,3.233
20630.wav,2.563
20631.wav,4.927
20632.wav,1.87
20633.wav,1.474
20634.wav,5.307
20635.wav,2.384
20636.wav,7.178
20637.wav,1.644
20638.wav,6.589
20639.wav,2.932
2064.wav,6.261
20640.wav,0.787
20641.wav,3.347
20642.wav,2.678
20643.wav,1.324
20644.wav,11.066
20645.wav,1.031
20646.wav,2.839
20647.wav,1.956
20648.wav,2.134
20649.wav,3.447
2065.wav,3.374
20650.wav,5.136
20651.wav,6.603
20652.wav,6.859
20653.wav,2.88
20654.wav,0.783
20655.wav,15.049
20656.wav,15.262
20657.wav,6.288
20658.wav,4.509
20659.wav,2.421
2066.wav,5.79
20660.wav,2.002
20661.wav,2.113
20662.wav,8.118
20663.wav,9.577
20664.wav,3.201
20665.wav,4.883
20666.wav,4.267
20667.wav,2.276
20668.wav,2.93
20669.wav,4.21
2067.wav,2.317
20670.wav,1.862
20671.wav,9.222
20672.wav,5.716
20673.wav,0.804
20674.wav,3.072
20675.wav,4.255
20676.wav,2.142
20677.wav,1.752
20678.wav,2.606
20679.wav,3.119
2068.wav,0.936
20680.wav,1.772
20681.wav,2.533
20682.wav,2.193
20683.wav,5.423
20684.wav,2.447
20685.wav,2.077
20686.wav,5.985
20687.wav,2.818
20688.wav,3.061
20689.wav,4.165
2069.wav,2.149
20690.wav,2.886
20691.wav,1.389
20692.wav,2.738
20693.wav,3.003
20694.wav,2.363
20695.wav,2.571
20696.wav,9.187
20697.wav,1.282
20698.wav,2.621
20699.wav,5.713
207.wav,1.315
2070.wav,5.809
20700.wav,2.568
20701.wav,5.278
20702.wav,5.47
20703.wav,13.715
20704.wav,1.824
20705.wav,4.117
20706.wav,7.795
20707.wav,1.928
20708.wav,3.725
20709.wav,1.853
2071.wav,3.114
20710.wav,0.821
20711.wav,7.554
20712.wav,6.668
20713.wav,2.899
20714.wav,3.995
20715.wav,3.209
20716.wav,2.154
20717.wav,4.939
20718.wav,4.835
20719.wav,1.623
2072.wav,4.373
20720.wav,5.165
20721.wav,5.339
20722.wav,1.495
20723.wav,3.655
20724.wav,1.416
20725.wav,1.929
20726.wav,2.833
20727.wav,2.362
20728.wav,4.416
20729.wav,6.322
2073.wav,1.267
20730.wav,0.753
20731.wav,2.202
20732.wav,5.395
20733.wav,2.032
20734.wav,2.365
20735.wav,5.447
20736.wav,7.63
20737.wav,1.911
20738.wav,1.886
20739.wav,2.244
2074.wav,4.822
20740.wav,2.612
20741.wav,2.593
20742.wav,8.94
20743.wav,2.5
20744.wav,9.879
20745.wav,4.245
20746.wav,1.94
20747.wav,0.913
20748.wav,2.819
20749.wav,1.326
2075.wav,3.796
20750.wav,1.42
20751.wav,1.742
20752.wav,4.621
20753.wav,1.352
20754.wav,3.839
20755.wav,3.477
20756.wav,2.994
20757.wav,2.536
20758.wav,2.04
20759.wav,2.17
2076.wav,6.604
20760.wav,3.198
20761.wav,1.524
20762.wav,1.52
20763.wav,4.664
20764.wav,2.665
20765.wav,1.963
20766.wav,3.35
20767.wav,1.58
20768.wav,5.354
20769.wav,2.262
2077.wav,2.215
20770.wav,2.664
20771.wav,4.757
20772.wav,2.533
20773.wav,1.812
20774.wav,9.146
20775.wav,1.907
20776.wav,2.581
20777.wav,3.057
20778.wav,8.15
20779.wav,1.862
2078.wav,5.813
20780.wav,3.658
20781.wav,1.795
20782.wav,2.78
20783.wav,2.445
20784.wav,10.111
20785.wav,2.2
20786.wav,5.776
20787.wav,4.474
20788.wav,8.904
20789.wav,7.928
2079.wav,1.414
20790.wav,6.884
20791.wav,4.539
20792.wav,3.775
20793.wav,3.427
20794.wav,3.129
20795.wav,4.783
20796.wav,12.743
20797.wav,9.685
20798.wav,12.778
20799.wav,2.51
208.wav,2.756
2080.wav,2.961
20800.wav,3.932
20801.wav,6.033
20802.wav,2.161
20803.wav,2.891
20804.wav,15.978
20805.wav,4.584
20806.wav,3.823
20807.wav,2.319
20808.wav,4.413
20809.wav,3.092
2081.wav,5.407
20810.wav,3.901
20811.wav,5.4
20812.wav,4.893
20813.wav,1.141
20814.wav,1.681
20815.wav,2.636
20816.wav,3.701
20817.wav,11.095
20818.wav,3.774
20819.wav,2.85
2082.wav,1.518
20820.wav,3.135
20821.wav,1.812
20822.wav,4.003
20823.wav,6.244
20824.wav,1.494
20825.wav,1.599
20826.wav,1.789
20827.wav,3.792
20828.wav,1.291
20829.wav,2.223
2083.wav,1.492
20830.wav,3.113
20831.wav,2.329
20832.wav,2.499
20833.wav,3.021
20834.wav,1.095
20835.wav,4.094
20836.wav,1.507
20837.wav,4.199
20838.wav,9.812
20839.wav,6.218
2084.wav,5.199
20840.wav,13.643
20841.wav,3.146
20842.wav,3.389
20843.wav,12.852
20844.wav,3.689
20845.wav,1.078
20846.wav,1.915
20847.wav,2.015
20848.wav,0.812
20849.wav,7.829
2085.wav,5.363
20850.wav,1.522
20851.wav,7.371
20852.wav,7.961
20853.wav,10.544
20854.wav,1.525
20855.wav,5.857
20856.wav,13.107
20857.wav,7.205
20858.wav,1.381
20859.wav,3.793
2086.wav,3.124
20860.wav,4.022
20861.wav,2.619
20862.wav,1.77
20863.wav,16.878
20864.wav,2.492
20865.wav,19.6
20866.wav,3.237
20867.wav,1.115
20868.wav,2.529
20869.wav,1.233
2087.wav,1.246
20870.wav,13.526
20871.wav,4.067
20872.wav,2.748
20873.wav,1.106
20874.wav,2.122
20875.wav,0.744
20876.wav,1.834
20877.wav,7.236
20878.wav,1.847
20879.wav,5.284
2088.wav,6.668
20880.wav,5.358
20881.wav,5.46
20882.wav,5.101
20883.wav,4.047
20884.wav,4.426
20885.wav,4.169
20886.wav,2.026
20887.wav,1.779
20888.wav,1.43
20889.wav,8.037
2089.wav,9.557
20890.wav,3.107
20891.wav,1.488
20892.wav,1.815
20893.wav,1.935
20894.wav,0.961
20895.wav,9.206
20896.wav,2.118
20897.wav,2.118
20898.wav,3.451
20899.wav,7.092
209.wav,2.594
2090.wav,2.76
20900.wav,10.297
20901.wav,3.178
20902.wav,2.465
20903.wav,2.472
20904.wav,2.579
20905.wav,19.955
20906.wav,4.71
20907.wav,2.227
20908.wav,4.081
20909.wav,4.852
2091.wav,7.745
20910.wav,10.261
20911.wav,3.881
20912.wav,1.411
20913.wav,1.055
20914.wav,2.842
20915.wav,4.218
20916.wav,1.92
20917.wav,8.04
20918.wav,1.987
20919.wav,1.54
2092.wav,3.93
20920.wav,2.266
20921.wav,5.1
20922.wav,3.56
20923.wav,16.183
20924.wav,6.663
20925.wav,4.325
20926.wav,2.701
20927.wav,4.273
20928.wav,2.045
20929.wav,2.957
2093.wav,1.376
20930.wav,0.82
20931.wav,2.842
20932.wav,2.264
20933.wav,3.093
20934.wav,5.41
20935.wav,1.944
20936.wav,13.058
20937.wav,2.671
20938.wav,7.274
20939.wav,1.304
2094.wav,3.969
20940.wav,7.185
20941.wav,1.442
20942.wav,2.336
20943.wav,3.983
20944.wav,2.04
20945.wav,1.394
20946.wav,1.937
20947.wav,1.936
20948.wav,3.046
20949.wav,1.449
2095.wav,2.75
20950.wav,2.115
20951.wav,1.379
20952.wav,1.231
20953.wav,4.413
20954.wav,7.133
20955.wav,6.453
20956.wav,3.488
20957.wav,2.388
20958.wav,1.95
20959.wav,6.821
2096.wav,1.995
20960.wav,3.747
20961.wav,3.258
20962.wav,19.645
20963.wav,3.827
20964.wav,1.928
20965.wav,0.79
20966.wav,1.687
20967.wav,1.242
20968.wav,2.513
20969.wav,2.935
2097.wav,6.94
20970.wav,2.57
20971.wav,3.523
20972.wav,10.795
20973.wav,5.595
20974.wav,16.602
20975.wav,8.948
20976.wav,6.146
20977.wav,2.903
20978.wav,8.095
20979.wav,2.85
2098.wav,1.5
20980.wav,8.286
20981.wav,5.499
20982.wav,3.489
20983.wav,0.729
20984.wav,2.414
20985.wav,5.053
20986.wav,3.177
20987.wav,2.879
20988.wav,0.594
20989.wav,15.272
2099.wav,2.405
20990.wav,1.039
20991.wav,1.683
20992.wav,7.204
20993.wav,7.565
20994.wav,4.079
20995.wav,4.026
20996.wav,4.111
20997.wav,1.098
20998.wav,1.807
20999.wav,2.138
21.wav,7.302
210.wav,2.467
2100.wav,4.465
21000.wav,2.602
21001.wav,3.347
21002.wav,7.806
21003.wav,6.69
21004.wav,10.487
21005.wav,2.668
21006.wav,13.82
21007.wav,7.281
21008.wav,3.817
21009.wav,6.761
2101.wav,5.314
21010.wav,2.938
21011.wav,2.251
21012.wav,1.526
21013.wav,8.977
21014.wav,5.53
21015.wav,1.868
21016.wav,1.898
21017.wav,3.717
21018.wav,2.55
21019.wav,1.369
2102.wav,3.477
21020.wav,2.523
21021.wav,5.348
21022.wav,1.704
21023.wav,8.364
21024.wav,6.335
21025.wav,4.746
21026.wav,2.552
21027.wav,2.166
21028.wav,4.018
21029.wav,7.695
2103.wav,5.353
21030.wav,6.358
21031.wav,4.132
21032.wav,1.851
21033.wav,1.285
21034.wav,2.691
21035.wav,1.066
21036.wav,4.104
21037.wav,5.088
21038.wav,4.193
21039.wav,4.557
2104.wav,4.249
21040.wav,9.285
21041.wav,1.944
21042.wav,2.536
21043.wav,11.895
21044.wav,3.442
21045.wav,2.035
21046.wav,2.77
21047.wav,4.723
21048.wav,0.945
21049.wav,4.289
2105.wav,13.263
21050.wav,1.98
21051.wav,3.447
21052.wav,3.911
21053.wav,3.989
21054.wav,3.801
21055.wav,2.99
21056.wav,4.184
21057.wav,3.229
21058.wav,2.013
21059.wav,3.561
2106.wav,3.117
21060.wav,4.797
21061.wav,1.119
21062.wav,9.98
21063.wav,4.586
21064.wav,1.692
21065.wav,2.662
21066.wav,2.214
21067.wav,3.239
21068.wav,1.313
21069.wav,2.347
2107.wav,1.762
21070.wav,3.774
21071.wav,2.376
21072.wav,4.321
21073.wav,9.515
21074.wav,1.132
21075.wav,3.196
21076.wav,1.82
21077.wav,3.001
21078.wav,1.695
21079.wav,2.48
2108.wav,6.775
21080.wav,1.857
21081.wav,5.822
21082.wav,2.9
21083.wav,9.459
21084.wav,5.844
21085.wav,4.864
21086.wav,4.427
21087.wav,6.754
21088.wav,3.124
21089.wav,1.986
2109.wav,2.136
21090.wav,2.4
21091.wav,1.658
21092.wav,7.274
21093.wav,4.074
21094.wav,3.468
21095.wav,1.853
21096.wav,4.366
21097.wav,2.781
21098.wav,5.964
21099.wav,8.03
211.wav,4.552
2110.wav,3.234
21100.wav,18.386
21101.wav,3.274
21102.wav,3.488
21103.wav,2.126
21104.wav,2.826
21105.wav,5.865
21106.wav,2.099
21107.wav,1.419
21108.wav,1.811
21109.wav,1.466
2111.wav,3.819
21110.wav,11.234
21111.wav,4.586
21112.wav,1.913
21113.wav,5.219
21114.wav,2.432
21115.wav,5.644
21116.wav,15.508
21117.wav,0.859
21118.wav,3.14
21119.wav,8.844
2112.wav,1.506
21120.wav,4.429
21121.wav,1.749
21122.wav,9.656
21123.wav,3.079
21124.wav,4.316
21125.wav,5.488
21126.wav,3.944
21127.wav,4.152
21128.wav,4.569
21129.wav,1.283
2113.wav,11.483
21130.wav,6.053
21131.wav,2.398
21132.wav,3.089
21133.wav,1.666
21134.wav,4.568
21135.wav,4.713
21136.wav,2.736
21137.wav,1.604
21138.wav,5.248
21139.wav,2.08
2114.wav,1.775
21140.wav,4.688
21141.wav,3.213
21142.wav,5.207
21143.wav,4.053
21144.wav,6.584
21145.wav,5.963
21146.wav,1.514
21147.wav,6.013
21148.wav,9.563
21149.wav,6.781
2115.wav,6.14
21150.wav,2.374
21151.wav,1.99
21152.wav,5.553
21153.wav,3.165
21154.wav,13.329
21155.wav,5.576
21156.wav,1.78
21157.wav,10.351
21158.wav,1.409
21159.wav,4.501
2116.wav,12.636
21160.wav,2.257
21161.wav,1.981
21162.wav,3.627
21163.wav,4.434
21164.wav,6.364
21165.wav,3.825
21166.wav,6.25
21167.wav,3.906
21168.wav,6.283
21169.wav,1.584
2117.wav,0.931
21170.wav,1.853
21171.wav,2.558
21172.wav,10.463
21173.wav,1.285
21174.wav,4.094
21175.wav,2.065
21176.wav,1.815
21177.wav,1.631
21178.wav,14.633
21179.wav,3.394
2118.wav,4.367
21180.wav,4.235
21181.wav,1.625
21182.wav,6.107
21183.wav,0.802
21184.wav,2.618
21185.wav,1.428
21186.wav,3.046
21187.wav,5.725
21188.wav,6.05
21189.wav,1.64
2119.wav,7.341
21190.wav,1.819
21191.wav,10.327
21192.wav,8.724
21193.wav,2.667
21194.wav,5.137
21195.wav,7.235
21196.wav,8.576
21197.wav,3.48
21198.wav,12.475
21199.wav,10.918
212.wav,6.451
2120.wav,0.762
21200.wav,3.188
21201.wav,8.61
21202.wav,1.041
21203.wav,4.24
21204.wav,4.074
21205.wav,5.079
21206.wav,1.907
21207.wav,0.834
21208.wav,2.604
21209.wav,2.162
2121.wav,2.046
21210.wav,13.647
21211.wav,2.07
21212.wav,4.124
21213.wav,2.801
21214.wav,3.14
21215.wav,3.406
21216.wav,5.27
21217.wav,4.45
21218.wav,1.793
21219.wav,8.697
2122.wav,2.703
21220.wav,4.24
21221.wav,2.317
21222.wav,5.579
21223.wav,2.106
21224.wav,4.737
21225.wav,1.863
21226.wav,3.089
21227.wav,2.921
21228.wav,6.157
21229.wav,4.011
2123.wav,6.763
21230.wav,2.305
21231.wav,4.07
21232.wav,15.494
21233.wav,6.283
21234.wav,2.307
21235.wav,5.331
21236.wav,4.85
21237.wav,6.364
21238.wav,7.869
21239.wav,2.568
2124.wav,3.209
21240.wav,18.249
21241.wav,5.312
21242.wav,3.478
21243.wav,2.35
21244.wav,2.584
21245.wav,2.334
21246.wav,1.955
21247.wav,7.538
21248.wav,5.165
21249.wav,4.438
2125.wav,5.687
21250.wav,5.75
21251.wav,2.128
21252.wav,3.91
21253.wav,1.358
21254.wav,3.149
21255.wav,2.25
21256.wav,0.849
21257.wav,2.765
21258.wav,14.8
21259.wav,10.577
2126.wav,5.872
21260.wav,1.312
21261.wav,1.762
21262.wav,8.223
21263.wav,1.827
21264.wav,7.308
21265.wav,1.339
21266.wav,1.148
21267.wav,2.641
21268.wav,2.823
21269.wav,2.328
2127.wav,2.084
21270.wav,2.118
21271.wav,2.378
21272.wav,7.282
21273.wav,7.697
21274.wav,4.197
21275.wav,3.215
21276.wav,5.828
21277.wav,2.785
21278.wav,4.51
21279.wav,5.621
2128.wav,2.661
21280.wav,2.29
21281.wav,6.14
21282.wav,3.813
21283.wav,7.72
21284.wav,0.724
21285.wav,2.079
21286.wav,1.457
21287.wav,5.22
21288.wav,1.523
21289.wav,1.6
2129.wav,1.023
21290.wav,2.916
21291.wav,1.771
21292.wav,2.726
21293.wav,1.361
21294.wav,1.04
21295.wav,2.598
21296.wav,22.209
21297.wav,1.808
21298.wav,2.643
21299.wav,1.629
213.wav,2.258
2130.wav,5.03
21300.wav,1.548
21301.wav,1.211
21302.wav,1.153
21303.wav,3.232
21304.wav,2.64
21305.wav,4.824
21306.wav,6.403
21307.wav,2.687
21308.wav,9.737
21309.wav,3.17
2131.wav,4.437
21310.wav,3.439
21311.wav,24.727
21312.wav,6.858
21313.wav,1.548
21314.wav,3.254
21315.wav,2.464
21316.wav,5.615
21317.wav,2.287
21318.wav,6.196
21319.wav,3.26
2132.wav,5.56
21320.wav,2.274
21321.wav,2.574
21322.wav,9.833
21323.wav,3.575
21324.wav,0.895
21325.wav,3.104
21326.wav,8.792
21327.wav,3.995
21328.wav,3.946
21329.wav,1.28
2133.wav,2.576
21330.wav,1.65
21331.wav,11.466
21332.wav,8.227
21333.wav,1.616
21334.wav,3.109
21335.wav,2.875
21336.wav,4.886
21337.wav,3.952
21338.wav,2.257
21339.wav,8.28
2134.wav,1.588
21340.wav,2.32
21341.wav,5.169
21342.wav,11.513
21343.wav,2.422
21344.wav,24.0
21345.wav,3.129
21346.wav,1.165
21347.wav,2.519
21348.wav,1.735
21349.wav,4.647
2135.wav,2.98
21350.wav,4.855
21351.wav,3.829
21352.wav,4.587
21353.wav,1.536
21354.wav,4.168
21355.wav,20.349
21356.wav,3.116
21357.wav,3.131
21358.wav,10.776
21359.wav,2.32
2136.wav,3.841
21360.wav,5.601
21361.wav,1.441
21362.wav,1.83
21363.wav,2.451
21364.wav,9.073
21365.wav,4.702
21366.wav,1.645
21367.wav,2.583
21368.wav,3.74
21369.wav,2.819
2137.wav,2.371
21370.wav,6.835
21371.wav,13.68
21372.wav,5.391
21373.wav,2.821
21374.wav,1.845
21375.wav,5.737
21376.wav,8.005
21377.wav,3.395
21378.wav,5.057
21379.wav,2.451
2138.wav,8.701
21380.wav,4.282
21381.wav,2.084
21382.wav,0.67
21383.wav,2.266
21384.wav,4.449
21385.wav,6.82
21386.wav,5.002
21387.wav,7.53
21388.wav,5.065
21389.wav,2.749
2139.wav,5.191
21390.wav,1.466
21391.wav,8.606
21392.wav,8.712
21393.wav,6.832
21394.wav,2.465
21395.wav,2.547
21396.wav,4.935
21397.wav,5.083
21398.wav,2.254
21399.wav,1.184
214.wav,2.089
2140.wav,3.413
21400.wav,4.726
21401.wav,7.694
21402.wav,3.838
21403.wav,2.844
21404.wav,8.302
21405.wav,1.336
21406.wav,5.134
21407.wav,1.934
21408.wav,6.423
21409.wav,0.97
2141.wav,7.097
21410.wav,1.738
21411.wav,2.283
21412.wav,1.291
21413.wav,2.722
21414.wav,3.663
21415.wav,3.276
21416.wav,2.884
21417.wav,8.588
21418.wav,2.385
21419.wav,2.423
2142.wav,3.448
21420.wav,1.647
21421.wav,4.575
21422.wav,1.283
21423.wav,3.568
21424.wav,7.949
21425.wav,3.786
21426.wav,4.843
21427.wav,4.92
21428.wav,2.456
21429.wav,3.641
2143.wav,8.536
21430.wav,5.408
21431.wav,1.477
21432.wav,8.165
21433.wav,2.054
21434.wav,1.037
21435.wav,2.184
21436.wav,2.19
21437.wav,13.855
21438.wav,2.191
21439.wav,3.327
2144.wav,2.399
21440.wav,0.933
21441.wav,0.983
21442.wav,3.052
21443.wav,3.249
21444.wav,2.211
21445.wav,2.248
21446.wav,1.845
21447.wav,6.541
21448.wav,9.414
21449.wav,6.619
2145.wav,1.488
21450.wav,3.676
21451.wav,2.506
21452.wav,8.572
21453.wav,3.519
21454.wav,2.877
21455.wav,3.628
21456.wav,3.811
21457.wav,2.944
21458.wav,2.482
21459.wav,1.208
2146.wav,1.634
21460.wav,3.132
21461.wav,10.105
21462.wav,7.232
21463.wav,1.551
21464.wav,2.436
21465.wav,2.795
21466.wav,4.697
21467.wav,12.371
21468.wav,10.78
21469.wav,1.425
2147.wav,2.591
21470.wav,5.934
21471.wav,3.039
21472.wav,1.946
21473.wav,1.941
21474.wav,3.125
21475.wav,4.75
21476.wav,14.953
21477.wav,2.311
21478.wav,3.3
21479.wav,4.059
2148.wav,3.779
21480.wav,4.004
21481.wav,2.298
21482.wav,3.936
21483.wav,4.152
21484.wav,3.155
21485.wav,4.249
21486.wav,2.897
21487.wav,4.676
21488.wav,1.323
21489.wav,3.198
2149.wav,2.364
21490.wav,1.573
21491.wav,2.939
21492.wav,6.396
21493.wav,3.115
21494.wav,4.788
21495.wav,1.08
21496.wav,8.528
21497.wav,2.858
21498.wav,2.287
21499.wav,8.491
215.wav,7.961
2150.wav,1.753
21500.wav,8.384
21501.wav,2.473
21502.wav,10.317
21503.wav,2.227
21504.wav,6.715
21505.wav,0.845
21506.wav,1.445
21507.wav,2.467
21508.wav,3.516
21509.wav,2.064
2151.wav,1.787
21510.wav,1.847
21511.wav,1.54
21512.wav,8.43
21513.wav,3.824
21514.wav,4.173
21515.wav,1.259
21516.wav,5.051
21517.wav,1.771
21518.wav,2.696
21519.wav,2.6
2152.wav,5.595
21520.wav,1.427
21521.wav,2.335
21522.wav,6.251
21523.wav,2.482
21524.wav,2.541
21525.wav,3.919
21526.wav,2.587
21527.wav,9.56
21528.wav,2.439
21529.wav,2.173
2153.wav,5.126
21530.wav,4.582
21531.wav,2.149
21532.wav,1.243
21533.wav,10.791
21534.wav,3.362
21535.wav,11.19
21536.wav,1.208
21537.wav,10.19
21538.wav,6.379
21539.wav,1.877
2154.wav,2.5
21540.wav,8.114
21541.wav,1.377
21542.wav,1.851
21543.wav,2.963
21544.wav,12.01
21545.wav,3.877
21546.wav,2.95
21547.wav,1.314
21548.wav,3.273
21549.wav,2.809
2155.wav,5.079
21550.wav,5.365
21551.wav,2.995
21552.wav,5.848
21553.wav,14.19
21554.wav,1.885
21555.wav,15.526
21556.wav,1.683
21557.wav,2.712
21558.wav,1.602
21559.wav,17.176
2156.wav,5.477
21560.wav,1.52
21561.wav,5.576
21562.wav,3.424
21563.wav,5.73
21564.wav,4.036
21565.wav,6.025
21566.wav,1.712
21567.wav,3.319
21568.wav,1.706
21569.wav,7.797
2157.wav,3.652
21570.wav,2.379
21571.wav,1.098
21572.wav,8.175
21573.wav,2.971
21574.wav,3.811
21575.wav,2.64
21576.wav,2.962
21577.wav,3.018
21578.wav,2.525
21579.wav,3.508
2158.wav,4.421
21580.wav,4.832
21581.wav,4.729
21582.wav,1.606
21583.wav,2.913
21584.wav,3.018
21585.wav,5.04
21586.wav,1.509
21587.wav,4.494
21588.wav,1.708
21589.wav,3.171
2159.wav,3.724
21590.wav,6.771
21591.wav,1.144
21592.wav,5.459
21593.wav,1.916
21594.wav,1.413
21595.wav,1.837
21596.wav,0.753
21597.wav,5.746
21598.wav,4.279
21599.wav,1.913
216.wav,2.198
2160.wav,2.406
21600.wav,2.468
21601.wav,10.334
21602.wav,5.138
21603.wav,4.238
21604.wav,2.579
21605.wav,6.357
21606.wav,2.766
21607.wav,1.126
21608.wav,1.611
21609.wav,3.852
2161.wav,12.317
21610.wav,2.298
21611.wav,4.725
21612.wav,10.638
21613.wav,2.437
21614.wav,2.088
21615.wav,4.011
21616.wav,7.049
21617.wav,4.23
21618.wav,2.522
21619.wav,5.157
2162.wav,1.96
21620.wav,1.696
21621.wav,1.18
21622.wav,6.693
21623.wav,5.691
21624.wav,1.451
21625.wav,2.029
21626.wav,4.649
21627.wav,4.989
21628.wav,3.516
21629.wav,1.946
2163.wav,2.026
21630.wav,1.41
21631.wav,4.906
21632.wav,3.573
21633.wav,1.144
21634.wav,2.294
21635.wav,7.048
21636.wav,5.745
21637.wav,2.998
21638.wav,3.603
21639.wav,5.378
2164.wav,1.335
21640.wav,1.574
21641.wav,6.559
21642.wav,4.852
21643.wav,5.884
21644.wav,10.94
21645.wav,4.088
21646.wav,3.243
21647.wav,2.482
21648.wav,4.338
21649.wav,1.715
2165.wav,3.302
21650.wav,1.859
21651.wav,1.868
21652.wav,2.716
21653.wav,0.99
21654.wav,2.224
21655.wav,0.877
21656.wav,4.628
21657.wav,1.421
21658.wav,20.847
21659.wav,5.454
2166.wav,3.274
21660.wav,2.066
21661.wav,2.04
21662.wav,1.557
21663.wav,7.099
21664.wav,3.228
21665.wav,2.57
21666.wav,1.274
21667.wav,1.599
21668.wav,3.752
21669.wav,1.663
2167.wav,2.092
21670.wav,2.005
21671.wav,3.095
21672.wav,0.849
21673.wav,3.903
21674.wav,2.603
21675.wav,5.051
21676.wav,5.212
21677.wav,3.504
21678.wav,4.607
21679.wav,4.25
2168.wav,2.539
21680.wav,0.712
21681.wav,4.75
21682.wav,4.69
21683.wav,3.13
21684.wav,3.154
21685.wav,2.427
21686.wav,11.357
21687.wav,3.44
21688.wav,4.52
21689.wav,5.716
2169.wav,2.368
21690.wav,7.514
21691.wav,5.831
21692.wav,1.669
21693.wav,1.274
21694.wav,1.415
21695.wav,3.369
21696.wav,4.684
21697.wav,3.93
21698.wav,1.418
21699.wav,6.444
217.wav,1.785
2170.wav,4.08
21700.wav,9.018
21701.wav,11.364
21702.wav,1.887
21703.wav,2.608
21704.wav,0.913
21705.wav,5.147
21706.wav,4.292
21707.wav,3.852
21708.wav,9.099
21709.wav,3.338
2171.wav,2.82
21710.wav,8.981
21711.wav,3.02
21712.wav,1.49
21713.wav,2.561
21714.wav,1.745
21715.wav,24.971
21716.wav,3.78
21717.wav,8.421
21718.wav,6.24
21719.wav,2.002
2172.wav,3.377
21720.wav,9.331
21721.wav,0.721
21722.wav,8.619
21723.wav,1.82
21724.wav,4.056
21725.wav,2.049
21726.wav,3.705
21727.wav,1.783
21728.wav,6.69
21729.wav,4.082
2173.wav,1.772
21730.wav,2.412
21731.wav,1.306
21732.wav,9.862
21733.wav,2.415
21734.wav,1.755
21735.wav,4.239
21736.wav,2.735
21737.wav,2.153
21738.wav,9.502
21739.wav,7.007
2174.wav,2.137
21740.wav,2.148
21741.wav,1.996
21742.wav,5.9
21743.wav,5.798
21744.wav,2.871
21745.wav,10.789
21746.wav,6.121
21747.wav,2.222
21748.wav,2.863
21749.wav,7.459
2175.wav,5.797
21750.wav,2.628
21751.wav,2.19
21752.wav,1.841
21753.wav,2.655
21754.wav,4.329
21755.wav,1.714
21756.wav,2.983
21757.wav,5.826
21758.wav,5.028
21759.wav,6.623
2176.wav,1.645
21760.wav,2.432
21761.wav,12.319
21762.wav,4.423
21763.wav,2.891
21764.wav,8.401
21765.wav,5.872
21766.wav,2.241
21767.wav,1.005
21768.wav,7.668
21769.wav,5.487
2177.wav,6.779
21770.wav,3.454
21771.wav,2.915
21772.wav,1.267
21773.wav,1.589
21774.wav,1.129
21775.wav,10.273
21776.wav,2.891
21777.wav,3.204
21778.wav,1.195
21779.wav,1.149
2178.wav,4.74
21780.wav,3.9
21781.wav,1.586
21782.wav,4.702
21783.wav,0.543
21784.wav,4.729
21785.wav,1.111
21786.wav,1.249
21787.wav,1.921
21788.wav,1.254
21789.wav,2.996
2179.wav,1.717
21790.wav,1.707
21791.wav,8.103
21792.wav,2.758
21793.wav,2.9
21794.wav,2.39
21795.wav,19.803
21796.wav,1.367
21797.wav,0.899
21798.wav,2.785
21799.wav,2.409
218.wav,2.008
2180.wav,10.752
21800.wav,3.378
21801.wav,4.462
21802.wav,8.77
21803.wav,2.415
21804.wav,1.454
21805.wav,2.956
21806.wav,5.837
21807.wav,2.733
21808.wav,15.857
21809.wav,3.584
2181.wav,3.715
21810.wav,6.39
21811.wav,2.037
21812.wav,1.718
21813.wav,3.09
21814.wav,3.749
21815.wav,9.8
21816.wav,1.647
21817.wav,2.162
21818.wav,5.665
21819.wav,5.409
2182.wav,2.56
21820.wav,6.004
21821.wav,2.435
21822.wav,3.647
21823.wav,9.685
21824.wav,2.832
21825.wav,1.766
21826.wav,5.736
21827.wav,2.427
21828.wav,6.447
21829.wav,3.8
2183.wav,12.067
21830.wav,6.119
21831.wav,1.148
21832.wav,3.389
21833.wav,2.201
21834.wav,1.343
21835.wav,3.092
21836.wav,9.35
21837.wav,4.974
21838.wav,5.722
21839.wav,2.46
2184.wav,3.989
21840.wav,1.907
21841.wav,5.147
21842.wav,10.945
21843.wav,3.117
21844.wav,4.817
21845.wav,7.693
21846.wav,4.061
21847.wav,15.378
21848.wav,12.071
21849.wav,4.252
2185.wav,8.608
21850.wav,1.327
21851.wav,4.022
21852.wav,6.352
21853.wav,6.751
21854.wav,2.232
21855.wav,7.879
21856.wav,4.776
21857.wav,0.987
21858.wav,3.397
21859.wav,1.333
2186.wav,2.005
21860.wav,3.235
21861.wav,18.561
21862.wav,7.214
21863.wav,1.538
21864.wav,5.475
21865.wav,2.018
21866.wav,5.295
21867.wav,0.582
21868.wav,4.295
21869.wav,2.764
2187.wav,1.646
21870.wav,2.066
21871.wav,4.832
21872.wav,6.65
21873.wav,15.121
21874.wav,5.547
21875.wav,18.611
21876.wav,4.267
21877.wav,3.022
21878.wav,4.46
21879.wav,5.216
2188.wav,1.414
21880.wav,4.466
21881.wav,5.083
21882.wav,6.247
21883.wav,3.034
21884.wav,2.101
21885.wav,2.367
21886.wav,2.194
21887.wav,5.753
21888.wav,6.247
21889.wav,5.385
2189.wav,1.926
21890.wav,6.848
21891.wav,6.126
21892.wav,6.339
21893.wav,6.304
21894.wav,1.884
21895.wav,7.939
21896.wav,0.826
21897.wav,8.827
21898.wav,4.681
21899.wav,3.712
219.wav,6.091
2190.wav,2.06
21900.wav,3.817
21901.wav,3.734
21902.wav,3.145
21903.wav,13.739
21904.wav,4.457
21905.wav,5.03
21906.wav,5.164
21907.wav,5.133
21908.wav,4.845
21909.wav,5.693
2191.wav,3.666
21910.wav,7.962
21911.wav,2.987
21912.wav,3.635
21913.wav,1.359
21914.wav,4.397
21915.wav,6.476
21916.wav,1.815
21917.wav,3.139
21918.wav,2.745
21919.wav,8.338
2192.wav,3.057
21920.wav,5.366
21921.wav,7.784
21922.wav,3.329
21923.wav,1.27
21924.wav,1.271
21925.wav,1.314
21926.wav,2.933
21927.wav,2.561
21928.wav,1.779
21929.wav,2.04
2193.wav,2.939
21930.wav,1.984
21931.wav,14.964
21932.wav,4.294
21933.wav,5.174
21934.wav,1.793
21935.wav,2.771
21936.wav,2.415
21937.wav,1.318
21938.wav,3.524
21939.wav,2.77
2194.wav,1.825
21940.wav,5.472
21941.wav,3.246
21942.wav,10.832
21943.wav,2.848
21944.wav,2.967
21945.wav,6.03
21946.wav,3.761
21947.wav,1.445
21948.wav,10.142
21949.wav,4.382
2195.wav,1.763
21950.wav,8.344
21951.wav,6.711
21952.wav,3.769
21953.wav,5.049
21954.wav,7.62
21955.wav,4.363
21956.wav,3.599
21957.wav,1.536
21958.wav,3.23
21959.wav,15.808
2196.wav,2.113
21960.wav,7.248
21961.wav,0.773
21962.wav,7.334
21963.wav,4.483
21964.wav,6.283
21965.wav,4.095
21966.wav,1.348
21967.wav,2.963
21968.wav,6.752
21969.wav,6.926
2197.wav,2.723
21970.wav,6.235
21971.wav,5.715
21972.wav,1.886
21973.wav,3.834
21974.wav,4.291
21975.wav,2.341
21976.wav,9.094
21977.wav,2.743
21978.wav,1.944
21979.wav,0.974
2198.wav,0.874
21980.wav,21.367
21981.wav,1.73
21982.wav,2.298
21983.wav,2.093
21984.wav,6.469
21985.wav,1.49
21986.wav,2.36
21987.wav,3.103
21988.wav,3.363
21989.wav,5.776
2199.wav,2.861
21990.wav,1.506
21991.wav,6.972
21992.wav,4.553
21993.wav,4.825
21994.wav,5.542
21995.wav,3.537
21996.wav,4.172
21997.wav,1.905
21998.wav,1.684
21999.wav,1.205
22.wav,2.345
220.wav,3.093
2200.wav,3.731
22000.wav,5.154
22001.wav,2.35
22002.wav,5.989
22003.wav,1.735
22004.wav,6.29
22005.wav,3.535
22006.wav,2.373
22007.wav,6.394
22008.wav,4.974
22009.wav,2.909
2201.wav,2.82
22010.wav,4.678
22011.wav,2.76
22012.wav,6.61
22013.wav,4.751
22014.wav,1.864
22015.wav,3.43
22016.wav,3.904
22017.wav,12.841
22018.wav,0.806
22019.wav,4.67
2202.wav,5.301
22020.wav,2.821
22021.wav,7.008
22022.wav,5.781
22023.wav,3.762
22024.wav,1.673
22025.wav,6.153
22026.wav,2.456
22027.wav,5.048
22028.wav,2.063
22029.wav,7.83
2203.wav,1.959
22030.wav,1.854
22031.wav,3.257
22032.wav,2.788
22033.wav,4.608
22034.wav,3.935
22035.wav,3.787
22036.wav,1.786
22037.wav,1.211
22038.wav,2.785
22039.wav,2.434
2204.wav,4.112
22040.wav,2.294
22041.wav,4.34
22042.wav,1.613
22043.wav,2.194
22044.wav,3.11
22045.wav,2.1
22046.wav,1.393
22047.wav,1.458
22048.wav,2.263
22049.wav,3.93
2205.wav,4.155
22050.wav,4.403
22051.wav,4.086
22052.wav,3.143
22053.wav,3.013
22054.wav,10.443
22055.wav,15.436
22056.wav,1.306
22057.wav,2.28
22058.wav,1.576
22059.wav,8.907
2206.wav,4.435
22060.wav,3.751
22061.wav,2.78
22062.wav,8.307
22063.wav,4.624
22064.wav,14.016
22065.wav,3.786
22066.wav,14.893
22067.wav,7.015
22068.wav,2.899
22069.wav,4.892
2207.wav,1.736
22070.wav,4.501
22071.wav,4.347
22072.wav,5.648
22073.wav,1.361
22074.wav,8.914
22075.wav,9.109
22076.wav,6.561
22077.wav,3.513
22078.wav,2.093
22079.wav,3.942
2208.wav,11.566
22080.wav,2.394
22081.wav,1.84
22082.wav,10.546
22083.wav,1.37
22084.wav,1.173
22085.wav,4.072
22086.wav,6.708
22087.wav,0.703
22088.wav,6.55
22089.wav,2.218
2209.wav,4.775
22090.wav,15.836
22091.wav,3.352
22092.wav,1.382
22093.wav,2.024
22094.wav,1.616
22095.wav,0.879
22096.wav,3.815
22097.wav,2.951
22098.wav,2.571
22099.wav,1.554
221.wav,5.032
2210.wav,6.096
22100.wav,2.404
22101.wav,2.892
22102.wav,4.715
22103.wav,2.232
22104.wav,2.096
22105.wav,2.726
22106.wav,2.536
22107.wav,1.634
22108.wav,1.561
22109.wav,1.5
2211.wav,2.091
22110.wav,3.455
22111.wav,14.044
22112.wav,3.232
22113.wav,5.115
22114.wav,1.002
22115.wav,3.537
22116.wav,5.449
22117.wav,15.047
22118.wav,3.634
22119.wav,2.696
2212.wav,2.598
22120.wav,2.87
22121.wav,2.423
22122.wav,1.813
22123.wav,3.869
22124.wav,15.303
22125.wav,1.832
22126.wav,6.321
22127.wav,1.856
22128.wav,8.394
22129.wav,4.74
2213.wav,2.244
22130.wav,6.63
22131.wav,2.607
22132.wav,17.067
22133.wav,2.142
22134.wav,9.709
22135.wav,0.833
22136.wav,6.033
22137.wav,6.857
22138.wav,1.272
22139.wav,8.215
2214.wav,1.206
22140.wav,2.923
22141.wav,1.433
22142.wav,11.156
22143.wav,2.345
22144.wav,1.992
22145.wav,14.589
22146.wav,5.151
22147.wav,4.126
22148.wav,3.519
22149.wav,2.175
2215.wav,1.434
22150.wav,5.794
22151.wav,3.676
22152.wav,7.02
22153.wav,3.353
22154.wav,0.892
22155.wav,19.736
22156.wav,2.496
22157.wav,8.919
22158.wav,0.801
22159.wav,9.556
2216.wav,1.711
22160.wav,2.565
22161.wav,6.206
22162.wav,9.536
22163.wav,11.239
22164.wav,1.649
22165.wav,2.305
22166.wav,1.007
22167.wav,4.716
22168.wav,3.429
22169.wav,10.116
2217.wav,3.126
22170.wav,2.022
22171.wav,7.764
22172.wav,0.948
22173.wav,8.155
22174.wav,1.991
22175.wav,7.581
22176.wav,4.45
22177.wav,4.754
22178.wav,6.794
22179.wav,1.41
2218.wav,3.112
22180.wav,1.343
22181.wav,5.424
22182.wav,3.267
22183.wav,1.766
22184.wav,0.882
22185.wav,4.52
22186.wav,2.505
22187.wav,5.604
22188.wav,4.354
22189.wav,2.47
2219.wav,3.023
22190.wav,4.63
22191.wav,4.26
22192.wav,19.903
22193.wav,4.412
22194.wav,8.606
22195.wav,2.742
22196.wav,1.951
22197.wav,2.572
22198.wav,1.528
22199.wav,9.248
222.wav,4.909
2220.wav,3.64
22200.wav,1.464
22201.wav,2.241
22202.wav,2.512
22203.wav,5.016
22204.wav,4.16
22205.wav,2.282
22206.wav,5.009
22207.wav,11.516
22208.wav,3.307
22209.wav,5.806
2221.wav,8.243
22210.wav,9.14
22211.wav,3.957
22212.wav,4.097
22213.wav,9.059
22214.wav,3.098
22215.wav,3.395
22216.wav,2.488
22217.wav,4.854
22218.wav,0.754
22219.wav,2.949
2222.wav,1.308
22220.wav,2.484
22221.wav,1.485
22222.wav,4.453
22223.wav,13.1
22224.wav,4.275
22225.wav,2.527
22226.wav,4.308
22227.wav,1.024
22228.wav,3.544
22229.wav,3.472
2223.wav,1.283
22230.wav,3.137
22231.wav,7.05
22232.wav,2.775
22233.wav,17.526
22234.wav,3.7
22235.wav,3.361
22236.wav,3.237
22237.wav,2.155
22238.wav,2.345
22239.wav,7.175
2224.wav,1.288
22240.wav,8.326
22241.wav,1.976
22242.wav,15.717
22243.wav,1.687
22244.wav,2.136
22245.wav,4.262
22246.wav,18.402
22247.wav,1.516
22248.wav,4.444
22249.wav,4.516
2225.wav,3.856
22250.wav,2.537
22251.wav,5.531
22252.wav,1.808
22253.wav,3.92
22254.wav,4.399
22255.wav,2.928
22256.wav,3.851
22257.wav,1.497
22258.wav,3.381
22259.wav,3.203
2226.wav,2.258
22260.wav,15.412
22261.wav,5.674
22262.wav,1.105
22263.wav,3.912
22264.wav,6.936
22265.wav,2.685
22266.wav,1.273
22267.wav,9.261
22268.wav,3.429
22269.wav,9.839
2227.wav,1.132
22270.wav,2.701
22271.wav,3.109
22272.wav,7.347
22273.wav,3.984
22274.wav,15.572
22275.wav,9.973
22276.wav,6.028
22277.wav,4.404
22278.wav,2.472
22279.wav,2.616
2228.wav,1.175
22280.wav,3.247
22281.wav,3.0
22282.wav,3.103
22283.wav,2.709
22284.wav,3.82
22285.wav,8.413
22286.wav,8.627
22287.wav,5.025
22288.wav,1.874
22289.wav,8.804
2229.wav,11.164
22290.wav,1.275
22291.wav,2.147
22292.wav,2.303
22293.wav,5.401
22294.wav,13.026
22295.wav,3.187
22296.wav,1.16
22297.wav,2.514
22298.wav,2.656
22299.wav,6.807
223.wav,10.506
2230.wav,7.979
22300.wav,5.728
22301.wav,1.397
22302.wav,2.233
22303.wav,4.56
22304.wav,3.434
22305.wav,3.421
22306.wav,1.596
22307.wav,3.214
22308.wav,7.885
22309.wav,1.735
2231.wav,5.425
22310.wav,1.554
22311.wav,4.225
22312.wav,1.668
22313.wav,2.058
22314.wav,2.07
22315.wav,5.293
22316.wav,2.989
22317.wav,2.445
22318.wav,1.915
22319.wav,6.882
2232.wav,2.646
22320.wav,3.17
22321.wav,2.634
22322.wav,1.329
22323.wav,2.931
22324.wav,8.033
22325.wav,1.681
22326.wav,4.376
22327.wav,3.57
22328.wav,4.285
22329.wav,2.336
2233.wav,2.217
22330.wav,6.16
22331.wav,1.878
22332.wav,2.911
22333.wav,2.005
22334.wav,2.013
22335.wav,9.295
22336.wav,8.026
22337.wav,2.731
22338.wav,2.314
22339.wav,4.318
2234.wav,3.916
22340.wav,1.63
22341.wav,2.474
22342.wav,3.587
22343.wav,8.945
22344.wav,9.096
22345.wav,5.135
22346.wav,1.666
22347.wav,1.697
22348.wav,10.565
22349.wav,10.137
2235.wav,12.254
22350.wav,1.19
22351.wav,5.299
22352.wav,6.178
22353.wav,4.312
22354.wav,11.467
22355.wav,3.689
22356.wav,5.836
22357.wav,3.829
22358.wav,6.643
22359.wav,2.594
2236.wav,1.504
22360.wav,2.094
22361.wav,1.733
22362.wav,11.474
22363.wav,4.024
22364.wav,3.313
22365.wav,2.015
22366.wav,5.059
22367.wav,1.929
22368.wav,0.954
22369.wav,2.87
2237.wav,1.514
22370.wav,1.447
22371.wav,3.38
22372.wav,6.215
22373.wav,8.518
22374.wav,3.809
22375.wav,1.791
22376.wav,1.788
22377.wav,0.763
22378.wav,2.977
22379.wav,0.905
2238.wav,1.787
22380.wav,3.467
22381.wav,8.996
22382.wav,2.762
22383.wav,0.957
22384.wav,2.1
22385.wav,3.403
22386.wav,3.019
22387.wav,2.946
22388.wav,2.078
22389.wav,5.787
2239.wav,3.73
22390.wav,4.403
22391.wav,2.522
22392.wav,2.783
22393.wav,1.84
22394.wav,1.66
22395.wav,1.542
22396.wav,1.261
22397.wav,2.518
22398.wav,2.313
22399.wav,5.178
224.wav,14.416
2240.wav,4.314
22400.wav,2.414
22401.wav,2.475
22402.wav,6.612
22403.wav,4.78
22404.wav,3.398
22405.wav,4.345
22406.wav,2.033
22407.wav,3.806
22408.wav,1.663
22409.wav,7.278
2241.wav,1.601
22410.wav,2.64
22411.wav,1.885
22412.wav,1.41
22413.wav,1.765
22414.wav,4.461
22415.wav,1.627
22416.wav,8.624
22417.wav,1.977
22418.wav,0.98
22419.wav,2.481
2242.wav,5.256
22420.wav,1.631
22421.wav,10.681
22422.wav,2.402
22423.wav,2.199
22424.wav,1.323
22425.wav,1.543
22426.wav,7.251
22427.wav,4.151
22428.wav,2.882
22429.wav,2.342
2243.wav,3.293
22430.wav,6.586
22431.wav,2.109
22432.wav,1.82
22433.wav,7.31
22434.wav,5.119
22435.wav,3.889
22436.wav,1.422
22437.wav,2.983
22438.wav,1.811
22439.wav,3.581
2244.wav,13.787
22440.wav,2.081
22441.wav,1.671
22442.wav,7.708
22443.wav,2.835
22444.wav,2.331
22445.wav,10.753
22446.wav,2.881
22447.wav,2.085
22448.wav,3.981
22449.wav,4.6
2245.wav,6.023
22450.wav,9.298
22451.wav,3.617
22452.wav,6.125
22453.wav,1.819
22454.wav,1.095
22455.wav,3.288
22456.wav,3.958
22457.wav,7.6
22458.wav,2.941
22459.wav,1.434
2246.wav,4.09
22460.wav,4.669
22461.wav,2.959
22462.wav,1.321
22463.wav,3.51
22464.wav,2.592
22465.wav,1.205
22466.wav,1.356
22467.wav,3.942
22468.wav,5.643
22469.wav,3.98
2247.wav,3.1
22470.wav,4.257
22471.wav,2.822
22472.wav,1.6
22473.wav,6.957
22474.wav,1.709
22475.wav,3.28
22476.wav,1.584
22477.wav,2.288
22478.wav,1.978
22479.wav,7.573
2248.wav,5.189
22480.wav,3.821
22481.wav,1.631
22482.wav,5.467
22483.wav,1.777
22484.wav,3.499
22485.wav,1.537
22486.wav,5.497
22487.wav,2.584
22488.wav,3.863
22489.wav,3.102
2249.wav,12.94
22490.wav,3.759
22491.wav,2.495
22492.wav,7.69
22493.wav,15.695
22494.wav,4.8
22495.wav,1.673
22496.wav,1.775
22497.wav,1.559
22498.wav,4.108
22499.wav,5.508
225.wav,2.615
2250.wav,3.431
22500.wav,5.875
22501.wav,3.567
22502.wav,9.567
22503.wav,1.323
22504.wav,5.074
22505.wav,12.006
22506.wav,5.639
22507.wav,6.437
22508.wav,2.69
22509.wav,5.502
2251.wav,5.882
22510.wav,2.354
22511.wav,1.364
22512.wav,7.616
22513.wav,2.365
22514.wav,6.207
22515.wav,1.692
22516.wav,2.986
22517.wav,6.897
22518.wav,7.267
22519.wav,3.388
2252.wav,12.528
22520.wav,5.15
22521.wav,1.411
22522.wav,8.217
22523.wav,5.757
22524.wav,3.122
22525.wav,1.963
22526.wav,3.756
22527.wav,2.86
22528.wav,7.144
22529.wav,2.782
2253.wav,3.559
22530.wav,2.294
22531.wav,2.548
22532.wav,3.686
22533.wav,3.211
22534.wav,9.033
22535.wav,1.869
22536.wav,2.891
22537.wav,2.521
22538.wav,1.897
22539.wav,2.174
2254.wav,5.247
22540.wav,2.841
22541.wav,3.499
22542.wav,1.735
22543.wav,8.19
22544.wav,6.128
22545.wav,4.598
22546.wav,4.718
22547.wav,3.261
22548.wav,4.17
22549.wav,4.533
2255.wav,3.467
22550.wav,5.827
22551.wav,11.305
22552.wav,1.21
22553.wav,0.879
22554.wav,3.738
22555.wav,1.467
22556.wav,7.221
22557.wav,1.611
22558.wav,2.003
22559.wav,10.341
2256.wav,5.334
22560.wav,5.764
22561.wav,1.67
22562.wav,1.868
22563.wav,6.196
22564.wav,2.939
22565.wav,1.528
22566.wav,2.824
22567.wav,4.95
22568.wav,4.134
22569.wav,3.738
2257.wav,2.485
22570.wav,1.234
22571.wav,2.443
22572.wav,3.724
22573.wav,6.276
22574.wav,1.528
22575.wav,7.776
22576.wav,2.334
22577.wav,4.752
22578.wav,1.827
22579.wav,0.852
2258.wav,1.479
22580.wav,4.483
22581.wav,0.805
22582.wav,4.111
22583.wav,3.514
22584.wav,1.715
22585.wav,6.359
22586.wav,11.205
22587.wav,3.875
22588.wav,3.074
22589.wav,4.683
2259.wav,15.301
22590.wav,8.331
22591.wav,1.908
22592.wav,7.794
22593.wav,2.723
22594.wav,8.417
22595.wav,1.399
22596.wav,1.317
22597.wav,3.072
22598.wav,2.008
22599.wav,1.617
226.wav,2.183
2260.wav,0.852
22600.wav,0.648
22601.wav,3.964
22602.wav,3.821
22603.wav,1.88
22604.wav,1.366
22605.wav,1.963
22606.wav,1.873
22607.wav,2.647
22608.wav,4.452
22609.wav,11.015
2261.wav,2.821
22610.wav,2.584
22611.wav,4.795
22612.wav,4.632
22613.wav,3.766
22614.wav,2.765
22615.wav,2.441
22616.wav,9.685
22617.wav,4.172
22618.wav,4.205
22619.wav,3.916
2262.wav,4.217
22620.wav,5.148
22621.wav,2.261
22622.wav,1.496
22623.wav,2.423
22624.wav,2.325
22625.wav,5.686
22626.wav,4.874
22627.wav,5.692
22628.wav,3.674
22629.wav,1.227
2263.wav,2.797
22630.wav,2.633
22631.wav,8.146
22632.wav,10.704
22633.wav,3.145
22634.wav,8.541
22635.wav,1.237
22636.wav,2.293
22637.wav,0.77
22638.wav,2.966
22639.wav,6.216
2264.wav,1.721
22640.wav,5.485
22641.wav,2.958
22642.wav,8.294
22643.wav,1.504
22644.wav,1.381
22645.wav,7.765
22646.wav,7.961
22647.wav,2.163
22648.wav,6.786
22649.wav,3.803
2265.wav,1.48
22650.wav,2.64
22651.wav,2.555
22652.wav,2.059
22653.wav,9.199
22654.wav,1.116
22655.wav,2.806
22656.wav,2.888
22657.wav,9.454
22658.wav,2.352
22659.wav,5.41
2266.wav,2.859
22660.wav,3.287
22661.wav,1.734
22662.wav,3.761
22663.wav,4.052
22664.wav,3.202
22665.wav,1.491
22666.wav,10.878
22667.wav,3.651
22668.wav,2.511
22669.wav,1.717
2267.wav,4.427
22670.wav,2.549
22671.wav,3.496
22672.wav,0.799
22673.wav,1.622
22674.wav,1.557
22675.wav,4.588
22676.wav,0.906
22677.wav,2.517
22678.wav,3.138
22679.wav,3.947
2268.wav,1.534
22680.wav,2.018
22681.wav,6.528
22682.wav,19.328
22683.wav,0.634
22684.wav,3.41
22685.wav,2.37
22686.wav,5.175
22687.wav,6.431
22688.wav,7.464
22689.wav,2.289
2269.wav,4.421
22690.wav,7.759
22691.wav,2.998
22692.wav,2.274
22693.wav,4.303
22694.wav,6.84
22695.wav,5.127
22696.wav,2.99
22697.wav,1.2
22698.wav,1.481
22699.wav,1.889
227.wav,4.152
2270.wav,1.2
22700.wav,3.086
22701.wav,2.952
22702.wav,1.023
22703.wav,2.324
22704.wav,1.963
22705.wav,4.108
22706.wav,0.899
22707.wav,1.613
22708.wav,3.415
22709.wav,4.688
2271.wav,21.806
22710.wav,4.974
22711.wav,10.114
22712.wav,3.324
22713.wav,1.9
22714.wav,1.56
22715.wav,13.094
22716.wav,1.945
22717.wav,1.432
22718.wav,0.961
22719.wav,2.697
2272.wav,1.018
22720.wav,8.52
22721.wav,6.981
22722.wav,2.802
22723.wav,5.86
22724.wav,2.619
22725.wav,3.012
22726.wav,2.702
22727.wav,1.885
22728.wav,1.322
22729.wav,5.725
2273.wav,1.616
22730.wav,0.787
22731.wav,4.625
22732.wav,3.58
22733.wav,7.648
22734.wav,4.737
22735.wav,3.474
22736.wav,1.605
22737.wav,6.153
22738.wav,1.446
22739.wav,1.664
2274.wav,1.971
22740.wav,1.215
22741.wav,3.116
22742.wav,3.762
22743.wav,1.953
22744.wav,4.274
22745.wav,7.944
22746.wav,4.536
22747.wav,2.967
22748.wav,6.316
22749.wav,3.502
2275.wav,6.635
22750.wav,2.664
22751.wav,4.419
22752.wav,0.992
22753.wav,6.294
22754.wav,1.688
22755.wav,4.72
22756.wav,2.743
22757.wav,4.557
22758.wav,2.478
22759.wav,3.3
2276.wav,1.916
22760.wav,1.087
22761.wav,3.961
22762.wav,11.114
22763.wav,5.547
22764.wav,3.803
22765.wav,2.89
22766.wav,2.101
22767.wav,4.873
22768.wav,8.686
22769.wav,1.746
2277.wav,5.511
22770.wav,3.648
22771.wav,2.543
22772.wav,3.759
22773.wav,8.174
22774.wav,4.846
22775.wav,5.133
22776.wav,1.293
22777.wav,2.26
22778.wav,3.095
22779.wav,5.29
2278.wav,6.319
22780.wav,6.313
22781.wav,9.373
22782.wav,2.165
22783.wav,4.776
22784.wav,8.822
22785.wav,2.648
22786.wav,4.085
22787.wav,2.031
22788.wav,3.652
22789.wav,1.876
2279.wav,3.251
22790.wav,13.732
22791.wav,3.668
22792.wav,3.819
22793.wav,4.243
22794.wav,4.005
22795.wav,4.731
22796.wav,3.46
22797.wav,1.251
22798.wav,1.572
22799.wav,0.949
228.wav,3.462
2280.wav,14.279
22800.wav,1.367
22801.wav,1.452
22802.wav,1.119
22803.wav,2.136
22804.wav,0.927
22805.wav,1.941
22806.wav,2.242
22807.wav,6.89
22808.wav,2.262
22809.wav,6.36
2281.wav,4.473
22810.wav,4.409
22811.wav,3.958
22812.wav,5.928
22813.wav,4.378
22814.wav,3.495
22815.wav,2.678
22816.wav,4.882
22817.wav,2.112
22818.wav,2.174
22819.wav,4.421
2282.wav,1.698
22820.wav,5.587
22821.wav,2.127
22822.wav,2.739
22823.wav,6.397
22824.wav,1.464
22825.wav,1.508
22826.wav,6.366
22827.wav,8.449
22828.wav,5.777
22829.wav,3.658
2283.wav,1.729
22830.wav,2.039
22831.wav,3.686
22832.wav,4.385
22833.wav,2.847
22834.wav,1.667
22835.wav,2.86
22836.wav,2.577
22837.wav,6.659
22838.wav,1.68
22839.wav,1.052
2284.wav,2.808
22840.wav,1.03
22841.wav,5.441
22842.wav,1.749
22843.wav,1.287
22844.wav,2.557
22845.wav,1.178
22846.wav,5.651
22847.wav,5.795
22848.wav,2.574
22849.wav,2.412
2285.wav,3.536
22850.wav,7.216
22851.wav,3.16
22852.wav,10.237
22853.wav,2.973
22854.wav,3.018
22855.wav,1.942
22856.wav,6.66
22857.wav,5.695
22858.wav,4.168
22859.wav,1.18
2286.wav,2.379
22860.wav,1.18
22861.wav,6.603
22862.wav,2.631
22863.wav,6.928
22864.wav,6.593
22865.wav,4.664
22866.wav,3.106
22867.wav,4.681
22868.wav,4.254
22869.wav,1.163
2287.wav,8.743
22870.wav,2.802
22871.wav,2.287
22872.wav,1.026
22873.wav,7.56
22874.wav,8.626
22875.wav,3.407
22876.wav,4.21
22877.wav,1.629
22878.wav,5.36
22879.wav,9.942
2288.wav,3.306
22880.wav,5.396
22881.wav,9.155
22882.wav,3.188
22883.wav,1.322
22884.wav,2.765
22885.wav,4.233
22886.wav,3.725
22887.wav,4.421
22888.wav,4.594
22889.wav,1.028
2289.wav,7.535
22890.wav,4.834
22891.wav,2.748
22892.wav,3.641
22893.wav,8.842
22894.wav,2.964
22895.wav,2.587
22896.wav,7.03
22897.wav,1.871
22898.wav,3.629
22899.wav,1.437
229.wav,1.831
2290.wav,2.143
22900.wav,6.433
22901.wav,24.946
22902.wav,15.167
22903.wav,3.577
22904.wav,3.363
22905.wav,4.407
22906.wav,3.581
22907.wav,3.471
22908.wav,3.196
22909.wav,5.673
2291.wav,3.721
22910.wav,0.78
22911.wav,1.9
22912.wav,3.382
22913.wav,6.796
22914.wav,2.918
22915.wav,2.68
22916.wav,2.381
22917.wav,4.242
22918.wav,2.251
22919.wav,2.442
2292.wav,3.899
22920.wav,1.503
22921.wav,8.204
22922.wav,4.591
22923.wav,7.785
22924.wav,2.931
22925.wav,4.168
22926.wav,2.444
22927.wav,5.971
22928.wav,2.309
22929.wav,6.572
2293.wav,4.644
22930.wav,2.814
22931.wav,6.183
22932.wav,1.387
22933.wav,7.85
22934.wav,4.223
22935.wav,0.82
22936.wav,1.709
22937.wav,1.231
22938.wav,14.242
22939.wav,3.361
2294.wav,1.335
22940.wav,3.921
22941.wav,1.453
22942.wav,3.265
22943.wav,1.949
22944.wav,2.563
22945.wav,2.797
22946.wav,6.244
22947.wav,6.417
22948.wav,13.881
22949.wav,5.606
2295.wav,1.739
22950.wav,19.315
22951.wav,0.752
22952.wav,9.805
22953.wav,1.782
22954.wav,2.186
22955.wav,13.958
22956.wav,6.883
22957.wav,5.238
22958.wav,9.965
22959.wav,0.807
2296.wav,2.516
22960.wav,2.257
22961.wav,5.782
22962.wav,3.215
22963.wav,7.754
22964.wav,4.679
22965.wav,2.16
22966.wav,7.158
22967.wav,18.258
22968.wav,1.572
22969.wav,2.321
2297.wav,2.253
22970.wav,3.382
22971.wav,3.026
22972.wav,10.362
22973.wav,5.994
22974.wav,2.542
22975.wav,5.053
22976.wav,17.591
22977.wav,6.692
22978.wav,8.784
22979.wav,3.194
2298.wav,7.945
22980.wav,1.492
22981.wav,3.386
22982.wav,1.45
22983.wav,1.882
22984.wav,2.993
22985.wav,4.483
22986.wav,2.721
22987.wav,4.705
22988.wav,2.199
22989.wav,1.989
2299.wav,3.64
22990.wav,2.407
22991.wav,2.123
22992.wav,1.42
22993.wav,1.261
22994.wav,7.832
22995.wav,3.637
22996.wav,4.362
22997.wav,12.831
22998.wav,3.968
22999.wav,3.641
23.wav,1.56
230.wav,3.915
2300.wav,2.202
23000.wav,3.101
23001.wav,3.504
23002.wav,3.582
23003.wav,3.139
23004.wav,4.714
23005.wav,7.572
23006.wav,2.272
23007.wav,4.827
23008.wav,2.676
23009.wav,10.445
2301.wav,5.39
23010.wav,2.191
23011.wav,1.517
23012.wav,4.179
23013.wav,1.388
23014.wav,1.134
23015.wav,7.131
23016.wav,6.18
23017.wav,2.675
23018.wav,4.667
23019.wav,4.793
2302.wav,1.485
23020.wav,3.372
23021.wav,5.728
23022.wav,1.483
23023.wav,3.57
23024.wav,1.646
23025.wav,2.214
23026.wav,6.433
23027.wav,7.995
23028.wav,1.191
23029.wav,6.061
2303.wav,3.822
23030.wav,23.487
23031.wav,2.687
23032.wav,1.899
23033.wav,5.308
23034.wav,2.82
23035.wav,3.445
23036.wav,7.779
23037.wav,8.768
23038.wav,7.633
23039.wav,12.874
2304.wav,2.069
23040.wav,4.956
23041.wav,5.191
23042.wav,2.885
23043.wav,3.184
23044.wav,2.114
23045.wav,2.953
23046.wav,3.445
23047.wav,4.813
23048.wav,2.866
23049.wav,4.303
2305.wav,4.772
23050.wav,2.167
23051.wav,10.131
23052.wav,2.101
23053.wav,6.156
23054.wav,4.054
23055.wav,2.328
23056.wav,2.475
23057.wav,4.921
23058.wav,5.709
23059.wav,2.168
2306.wav,21.613
23060.wav,4.645
23061.wav,10.125
23062.wav,1.151
23063.wav,3.709
23064.wav,2.513
23065.wav,2.763
23066.wav,6.106
23067.wav,5.523
23068.wav,3.008
23069.wav,4.392
2307.wav,4.086
23070.wav,3.816
23071.wav,2.256
23072.wav,1.969
23073.wav,5.154
23074.wav,1.51
23075.wav,2.546
23076.wav,4.83
23077.wav,2.665
23078.wav,1.393
23079.wav,3.156
2308.wav,5.867
23080.wav,1.833
23081.wav,5.104
23082.wav,2.809
23083.wav,6.844
23084.wav,2.522
23085.wav,2.6
23086.wav,7.407
23087.wav,12.236
23088.wav,2.416
23089.wav,5.058
2309.wav,2.066
23090.wav,7.411
23091.wav,6.669
23092.wav,2.516
23093.wav,4.196
23094.wav,13.037
23095.wav,2.686
23096.wav,3.718
23097.wav,4.003
23098.wav,3.303
23099.wav,6.939
231.wav,6.466
2310.wav,7.183
23100.wav,13.711
23101.wav,3.548
23102.wav,2.231
23103.wav,2.074
23104.wav,10.088
23105.wav,2.031
23106.wav,9.855
23107.wav,3.22
23108.wav,4.987
23109.wav,1.975
2311.wav,2.805
23110.wav,3.243
23111.wav,8.65
23112.wav,5.001
23113.wav,2.373
23114.wav,0.914
23115.wav,2.229
23116.wav,1.003
23117.wav,1.67
23118.wav,22.179
23119.wav,2.161
2312.wav,2.28
23120.wav,3.816
23121.wav,5.353
23122.wav,4.93
23123.wav,8.885
23124.wav,6.309
23125.wav,1.304
23126.wav,5.454
23127.wav,1.172
23128.wav,2.672
23129.wav,0.703
2313.wav,1.074
23130.wav,4.281
23131.wav,10.583
23132.wav,3.378
23133.wav,2.173
23134.wav,2.003
23135.wav,2.112
23136.wav,1.163
23137.wav,8.042
23138.wav,1.719
23139.wav,2.762
2314.wav,2.408
23140.wav,3.404
23141.wav,2.766
23142.wav,3.879
23143.wav,3.108
23144.wav,4.342
23145.wav,2.459
23146.wav,2.477
23147.wav,8.472
23148.wav,4.415
23149.wav,2.862
2315.wav,2.361
23150.wav,2.404
23151.wav,2.396
23152.wav,4.826
23153.wav,2.881
23154.wav,2.711
23155.wav,2.459
23156.wav,3.245
23157.wav,5.097
23158.wav,0.805
23159.wav,10.723
2316.wav,2.148
23160.wav,9.119
23161.wav,2.78
23162.wav,7.882
23163.wav,3.226
23164.wav,1.52
23165.wav,3.414
23166.wav,1.439
23167.wav,7.905
23168.wav,3.983
23169.wav,2.761
2317.wav,4.094
23170.wav,1.568
23171.wav,3.255
23172.wav,0.933
23173.wav,2.528
23174.wav,24.737
23175.wav,2.507
23176.wav,2.894
23177.wav,3.091
23178.wav,2.277
23179.wav,9.074
2318.wav,2.989
23180.wav,2.074
23181.wav,2.266
23182.wav,5.898
23183.wav,5.976
23184.wav,3.19
23185.wav,3.065
23186.wav,5.929
23187.wav,1.702
23188.wav,2.698
23189.wav,1.286
2319.wav,7.177
23190.wav,3.613
23191.wav,1.278
23192.wav,1.883
23193.wav,9.21
23194.wav,3.32
23195.wav,2.672
23196.wav,1.826
23197.wav,2.705
23198.wav,2.039
23199.wav,2.608
232.wav,1.114
2320.wav,5.71
23200.wav,1.569
23201.wav,1.576
23202.wav,2.843
23203.wav,1.577
23204.wav,2.498
23205.wav,1.677
23206.wav,3.618
23207.wav,1.89
23208.wav,13.831
23209.wav,4.776
2321.wav,4.278
23210.wav,3.926
23211.wav,5.266
23212.wav,4.098
23213.wav,4.491
23214.wav,2.822
23215.wav,0.941
23216.wav,2.658
23217.wav,10.604
23218.wav,1.896
23219.wav,8.502
2322.wav,1.225
23220.wav,1.302
23221.wav,3.99
23222.wav,3.608
23223.wav,3.201
23224.wav,2.597
23225.wav,17.891
23226.wav,5.665
23227.wav,2.917
23228.wav,2.513
23229.wav,12.206
2323.wav,3.381
23230.wav,8.041
23231.wav,2.177
23232.wav,8.306
23233.wav,6.707
23234.wav,1.015
23235.wav,9.953
23236.wav,2.101
23237.wav,5.985
23238.wav,5.323
23239.wav,2.862
2324.wav,5.21
23240.wav,7.726
23241.wav,3.09
23242.wav,3.618
23243.wav,3.364
23244.wav,2.838
23245.wav,2.477
23246.wav,1.362
23247.wav,1.919
23248.wav,0.69
23249.wav,4.912
2325.wav,3.302
23250.wav,1.663
23251.wav,4.94
23252.wav,1.596
23253.wav,1.856
23254.wav,5.614
23255.wav,3.605
23256.wav,1.484
23257.wav,4.534
23258.wav,5.136
23259.wav,4.454
2326.wav,2.545
23260.wav,3.446
23261.wav,3.252
23262.wav,2.028
23263.wav,9.396
23264.wav,4.98
23265.wav,6.367
23266.wav,3.141
23267.wav,5.903
23268.wav,6.318
23269.wav,1.433
2327.wav,5.044
23270.wav,1.778
23271.wav,5.526
23272.wav,7.681
23273.wav,2.113
23274.wav,1.629
23275.wav,2.613
23276.wav,1.945
23277.wav,2.216
23278.wav,5.228
23279.wav,8.961
2328.wav,8.113
23280.wav,4.641
23281.wav,5.52
23282.wav,2.135
23283.wav,1.412
23284.wav,8.043
23285.wav,4.135
23286.wav,5.078
23287.wav,4.158
23288.wav,7.606
23289.wav,1.326
2329.wav,1.81
23290.wav,2.418
23291.wav,4.905
23292.wav,5.876
23293.wav,3.55
23294.wav,8.37
23295.wav,2.078
23296.wav,9.306
23297.wav,1.709
23298.wav,6.61
23299.wav,4.3
233.wav,2.344
2330.wav,5.803
23300.wav,3.319
23301.wav,5.068
23302.wav,1.399
23303.wav,3.129
23304.wav,1.247
23305.wav,16.413
23306.wav,4.139
23307.wav,3.731
23308.wav,7.321
23309.wav,5.42
2331.wav,2.068
23310.wav,7.956
23311.wav,3.248
23312.wav,22.251
23313.wav,2.625
23314.wav,3.222
23315.wav,1.936
23316.wav,1.38
23317.wav,2.709
23318.wav,9.148
23319.wav,2.342
2332.wav,2.191
23320.wav,2.145
23321.wav,8.929
23322.wav,5.444
23323.wav,3.667
23324.wav,7.661
23325.wav,1.535
23326.wav,1.735
23327.wav,1.756
23328.wav,1.603
23329.wav,3.362
2333.wav,1.367
23330.wav,2.168
23331.wav,3.584
23332.wav,2.848
23333.wav,1.773
23334.wav,12.669
23335.wav,10.96
23336.wav,2.02
23337.wav,4.378
23338.wav,4.897
23339.wav,1.722
2334.wav,7.93
23340.wav,0.971
23341.wav,2.521
23342.wav,1.935
23343.wav,1.374
23344.wav,1.596
23345.wav,3.815
23346.wav,6.715
23347.wav,5.462
23348.wav,2.334
23349.wav,5.83
2335.wav,2.983
23350.wav,4.777
23351.wav,3.88
23352.wav,1.662
23353.wav,1.653
23354.wav,3.589
23355.wav,1.767
23356.wav,2.347
23357.wav,1.738
23358.wav,1.926
23359.wav,3.249
2336.wav,1.41
23360.wav,8.594
23361.wav,2.707
23362.wav,2.045
23363.wav,1.671
23364.wav,3.431
23365.wav,5.437
23366.wav,11.749
23367.wav,1.541
23368.wav,1.553
23369.wav,15.718
2337.wav,1.451
23370.wav,2.412
23371.wav,2.754
23372.wav,12.868
23373.wav,4.054
23374.wav,7.689
23375.wav,1.563
23376.wav,6.292
23377.wav,4.892
23378.wav,6.295
23379.wav,2.468
2338.wav,5.448
23380.wav,4.613
23381.wav,4.346
23382.wav,9.811
23383.wav,5.975
23384.wav,10.036
23385.wav,5.807
23386.wav,5.537
23387.wav,4.029
23388.wav,21.107
23389.wav,5.156
2339.wav,2.663
23390.wav,4.592
23391.wav,2.233
23392.wav,6.179
23393.wav,6.821
23394.wav,4.121
23395.wav,7.162
23396.wav,20.908
23397.wav,4.644
23398.wav,1.766
23399.wav,1.56
234.wav,3.93
2340.wav,3.197
23400.wav,1.967
23401.wav,3.185
23402.wav,3.623
23403.wav,2.411
23404.wav,2.378
23405.wav,0.586
23406.wav,2.035
23407.wav,2.786
23408.wav,5.289
23409.wav,4.047
2341.wav,1.335
23410.wav,1.191
23411.wav,4.838
23412.wav,3.993
23413.wav,3.142
23414.wav,4.979
23415.wav,5.387
23416.wav,0.803
23417.wav,2.531
23418.wav,3.206
23419.wav,7.223
2342.wav,4.25
23420.wav,1.751
23421.wav,9.22
23422.wav,11.142
23423.wav,1.84
23424.wav,2.04
23425.wav,3.74
23426.wav,4.895
23427.wav,2.315
23428.wav,8.083
23429.wav,0.902
2343.wav,16.915
23430.wav,1.71
23431.wav,3.544
23432.wav,2.522
23433.wav,3.539
23434.wav,3.467
23435.wav,1.443
23436.wav,5.803
23437.wav,1.539
23438.wav,8.956
23439.wav,5.023
2344.wav,3.711
23440.wav,2.65
23441.wav,5.631
23442.wav,2.233
23443.wav,3.218
23444.wav,4.598
23445.wav,2.798
23446.wav,9.355
23447.wav,10.161
23448.wav,2.469
23449.wav,2.394
2345.wav,1.837
23450.wav,19.676
23451.wav,2.786
23452.wav,2.5
23453.wav,5.691
23454.wav,1.214
23455.wav,1.634
23456.wav,3.252
23457.wav,2.158
23458.wav,1.19
23459.wav,6.584
2346.wav,3.184
23460.wav,8.031
23461.wav,7.387
23462.wav,21.586
23463.wav,1.549
23464.wav,2.002
23465.wav,7.271
23466.wav,0.836
23467.wav,3.914
23468.wav,2.282
23469.wav,5.328
2347.wav,5.951
23470.wav,2.225
23471.wav,2.134
23472.wav,2.623
23473.wav,2.049
23474.wav,2.57
23475.wav,2.279
23476.wav,16.715
23477.wav,1.209
23478.wav,1.685
23479.wav,2.434
2348.wav,1.673
23480.wav,5.665
23481.wav,1.613
23482.wav,5.269
23483.wav,2.813
23484.wav,5.059
23485.wav,2.797
23486.wav,1.444
23487.wav,4.552
23488.wav,2.079
23489.wav,13.889
2349.wav,3.933
23490.wav,7.691
23491.wav,4.899
23492.wav,2.218
23493.wav,1.001
23494.wav,2.118
23495.wav,10.428
23496.wav,7.781
23497.wav,4.333
23498.wav,4.54
23499.wav,3.929
235.wav,3.966
2350.wav,4.98
23500.wav,5.467
23501.wav,1.494
23502.wav,1.499
23503.wav,2.21
23504.wav,6.105
23505.wav,6.369
23506.wav,10.167
23507.wav,6.256
23508.wav,3.518
23509.wav,2.451
2351.wav,2.569
23510.wav,2.137
23511.wav,5.336
23512.wav,6.528
23513.wav,1.717
23514.wav,6.26
23515.wav,3.911
23516.wav,3.358
23517.wav,4.261
23518.wav,2.115
23519.wav,2.368
2352.wav,1.856
23520.wav,3.546
23521.wav,1.84
23522.wav,1.732
23523.wav,9.978
23524.wav,2.384
23525.wav,4.239
23526.wav,2.525
23527.wav,7.803
23528.wav,4.862
23529.wav,4.623
2353.wav,11.22
23530.wav,8.453
23531.wav,6.212
23532.wav,4.271
23533.wav,2.66
23534.wav,5.18
23535.wav,3.793
23536.wav,9.872
23537.wav,8.411
23538.wav,2.959
23539.wav,4.61
2354.wav,1.849
23540.wav,1.844
23541.wav,6.654
23542.wav,7.736
23543.wav,0.928
23544.wav,2.249
23545.wav,1.24
23546.wav,1.817
23547.wav,0.952
23548.wav,4.175
23549.wav,5.156
2355.wav,1.076
23550.wav,6.301
23551.wav,1.847
23552.wav,3.085
23553.wav,2.243
23554.wav,13.5
23555.wav,4.216
23556.wav,3.604
23557.wav,23.437
23558.wav,3.52
23559.wav,3.149
2356.wav,0.933
23560.wav,0.668
23561.wav,6.855
23562.wav,8.291
23563.wav,2.387
23564.wav,3.427
23565.wav,6.533
23566.wav,2.25
23567.wav,2.791
23568.wav,21.68
23569.wav,7.112
2357.wav,2.416
23570.wav,5.314
23571.wav,2.161
23572.wav,2.145
23573.wav,2.559
23574.wav,12.139
23575.wav,1.421
23576.wav,10.179
23577.wav,2.798
23578.wav,3.416
23579.wav,2.999
2358.wav,12.082
23580.wav,7.809
23581.wav,8.883
23582.wav,1.628
23583.wav,2.116
23584.wav,4.905
23585.wav,20.965
23586.wav,5.923
23587.wav,4.484
23588.wav,2.452
23589.wav,1.757
2359.wav,2.513
23590.wav,2.413
23591.wav,1.93
23592.wav,2.439
23593.wav,5.33
23594.wav,1.878
23595.wav,9.803
23596.wav,2.295
23597.wav,1.153
23598.wav,3.368
23599.wav,5.529
236.wav,1.483
2360.wav,1.402
23600.wav,5.719
23601.wav,3.944
23602.wav,1.498
23603.wav,5.485
23604.wav,1.883
23605.wav,3.102
23606.wav,3.485
23607.wav,4.025
23608.wav,5.559
23609.wav,2.306
2361.wav,9.614
23610.wav,10.725
23611.wav,0.917
23612.wav,1.903
23613.wav,4.176
23614.wav,3.863
23615.wav,1.614
23616.wav,4.136
23617.wav,6.559
23618.wav,5.415
23619.wav,5.68
2362.wav,1.565
23620.wav,7.268
23621.wav,3.904
23622.wav,2.133
23623.wav,4.707
23624.wav,5.124
23625.wav,2.384
23626.wav,5.744
23627.wav,18.88
23628.wav,0.964
23629.wav,1.078
2363.wav,3.471
23630.wav,1.2
23631.wav,2.871
23632.wav,1.329
23633.wav,2.987
23634.wav,3.756
23635.wav,2.78
23636.wav,4.796
23637.wav,8.503
23638.wav,7.603
23639.wav,4.344
2364.wav,1.572
23640.wav,2.57
23641.wav,2.586
23642.wav,4.695
23643.wav,2.891
23644.wav,9.815
23645.wav,3.253
23646.wav,8.873
23647.wav,1.18
23648.wav,2.829
23649.wav,1.821
2365.wav,0.722
23650.wav,3.285
23651.wav,1.551
23652.wav,4.349
23653.wav,14.374
23654.wav,0.867
23655.wav,7.232
23656.wav,9.908
23657.wav,2.727
23658.wav,5.402
23659.wav,3.332
2366.wav,4.157
23660.wav,1.828
23661.wav,6.891
23662.wav,2.474
23663.wav,4.43
23664.wav,3.942
23665.wav,4.674
23666.wav,3.005
23667.wav,0.563
23668.wav,2.645
23669.wav,6.998
2367.wav,3.068
23670.wav,2.035
23671.wav,6.258
23672.wav,3.889
23673.wav,2.176
23674.wav,3.187
23675.wav,1.936
23676.wav,2.377
23677.wav,3.834
23678.wav,8.271
23679.wav,5.472
2368.wav,1.987
23680.wav,3.656
23681.wav,1.697
23682.wav,2.299
23683.wav,2.514
23684.wav,1.535
23685.wav,6.183
23686.wav,6.876
23687.wav,6.095
23688.wav,1.835
23689.wav,3.892
2369.wav,9.924
23690.wav,2.966
23691.wav,4.682
23692.wav,1.612
23693.wav,2.588
23694.wav,1.403
23695.wav,2.793
23696.wav,2.819
23697.wav,5.962
23698.wav,2.799
23699.wav,2.458
237.wav,4.08
2370.wav,5.291
23700.wav,11.975
23701.wav,5.536
23702.wav,1.495
23703.wav,1.473
23704.wav,2.94
23705.wav,4.739
23706.wav,0.938
23707.wav,4.883
23708.wav,2.925
23709.wav,5.94
2371.wav,5.409
23710.wav,2.875
23711.wav,2.265
23712.wav,5.694
23713.wav,3.704
23714.wav,5.346
23715.wav,2.672
23716.wav,2.454
23717.wav,3.567
23718.wav,2.996
23719.wav,3.764
2372.wav,1.56
23720.wav,2.119
23721.wav,2.075
23722.wav,7.32
23723.wav,6.511
23724.wav,6.311
23725.wav,5.188
23726.wav,8.874
23727.wav,1.426
23728.wav,4.499
23729.wav,1.174
2373.wav,2.875
23730.wav,4.602
23731.wav,2.112
23732.wav,4.325
23733.wav,6.757
23734.wav,6.422
23735.wav,5.733
23736.wav,2.031
23737.wav,2.755
23738.wav,2.531
23739.wav,5.881
2374.wav,3.44
23740.wav,7.613
23741.wav,9.36
23742.wav,7.507
23743.wav,23.08
23744.wav,5.368
23745.wav,5.225
23746.wav,1.957
23747.wav,2.496
23748.wav,2.449
23749.wav,7.091
2375.wav,5.668
23750.wav,7.447
23751.wav,1.585
23752.wav,4.251
23753.wav,1.557
23754.wav,3.131
23755.wav,1.451
23756.wav,1.287
23757.wav,4.809
23758.wav,2.131
23759.wav,1.284
2376.wav,6.439
23760.wav,1.205
23761.wav,2.602
23762.wav,3.157
23763.wav,1.18
23764.wav,7.418
23765.wav,4.736
23766.wav,2.504
23767.wav,11.909
23768.wav,1.621
23769.wav,8.017
2377.wav,14.368
23770.wav,3.85
23771.wav,6.579
23772.wav,6.907
23773.wav,10.464
23774.wav,9.322
23775.wav,6.344
23776.wav,6.068
23777.wav,7.908
23778.wav,2.544
23779.wav,2.989
2378.wav,3.323
23780.wav,2.528
23781.wav,2.786
23782.wav,2.802
23783.wav,0.866
23784.wav,2.865
23785.wav,1.521
23786.wav,1.554
23787.wav,4.199
23788.wav,3.283
23789.wav,2.787
2379.wav,1.916
23790.wav,10.495
23791.wav,3.141
23792.wav,3.705
23793.wav,2.167
23794.wav,2.974
23795.wav,5.948
23796.wav,6.378
23797.wav,1.645
23798.wav,2.376
23799.wav,1.704
238.wav,4.607
2380.wav,19.037
23800.wav,4.099
23801.wav,2.075
23802.wav,8.947
23803.wav,0.853
23804.wav,11.152
23805.wav,2.911
23806.wav,11.828
23807.wav,5.172
23808.wav,1.743
23809.wav,0.749
2381.wav,3.015
23810.wav,1.236
23811.wav,4.266
23812.wav,3.923
23813.wav,8.18
23814.wav,2.629
23815.wav,2.176
23816.wav,2.862
23817.wav,8.064
23818.wav,1.584
23819.wav,13.846
2382.wav,3.999
23820.wav,3.676
23821.wav,8.931
23822.wav,4.621
23823.wav,1.956
23824.wav,4.364
23825.wav,7.45
23826.wav,3.417
23827.wav,2.289
23828.wav,2.438
23829.wav,1.646
2383.wav,3.693
23830.wav,2.664
23831.wav,3.158
23832.wav,1.865
23833.wav,4.317
23834.wav,3.32
23835.wav,7.517
23836.wav,3.036
23837.wav,2.16
23838.wav,5.93
23839.wav,1.516
2384.wav,2.728
23840.wav,8.287
23841.wav,2.016
23842.wav,4.044
23843.wav,3.771
23844.wav,4.498
23845.wav,3.029
23846.wav,1.642
23847.wav,1.862
23848.wav,9.718
23849.wav,1.714
2385.wav,2.186
23850.wav,1.962
23851.wav,4.81
23852.wav,14.48
23853.wav,0.84
23854.wav,3.167
23855.wav,2.829
23856.wav,4.455
23857.wav,3.382
23858.wav,10.316
23859.wav,2.773
2386.wav,1.409
23860.wav,3.519
23861.wav,4.845
23862.wav,3.752
23863.wav,8.885
23864.wav,3.034
23865.wav,6.768
23866.wav,5.422
23867.wav,2.974
23868.wav,4.457
23869.wav,11.068
2387.wav,5.989
23870.wav,6.042
23871.wav,3.288
23872.wav,1.365
23873.wav,3.237
23874.wav,3.256
23875.wav,1.716
23876.wav,1.796
23877.wav,7.171
23878.wav,3.948
23879.wav,8.31
2388.wav,4.282
23880.wav,1.875
23881.wav,9.079
23882.wav,2.737
23883.wav,4.067
23884.wav,4.927
23885.wav,11.373
23886.wav,5.304
23887.wav,11.415
23888.wav,2.08
23889.wav,1.442
2389.wav,2.25
23890.wav,4.368
23891.wav,3.245
23892.wav,1.65
23893.wav,2.614
23894.wav,2.227
23895.wav,4.004
23896.wav,2.225
23897.wav,3.421
23898.wav,13.995
23899.wav,2.57
239.wav,3.162
2390.wav,5.972
23900.wav,1.321
23901.wav,3.496
23902.wav,1.607
23903.wav,3.339
23904.wav,2.35
23905.wav,2.377
23906.wav,2.422
23907.wav,3.887
23908.wav,1.151
23909.wav,1.004
2391.wav,8.316
23910.wav,4.431
23911.wav,5.144
23912.wav,3.91
23913.wav,3.029
23914.wav,0.842
23915.wav,2.113
23916.wav,4.269
23917.wav,7.378
23918.wav,7.052
23919.wav,5.206
2392.wav,14.068
23920.wav,2.307
23921.wav,3.873
23922.wav,3.306
23923.wav,0.822
23924.wav,2.471
23925.wav,2.794
23926.wav,4.202
23927.wav,1.89
23928.wav,3.516
23929.wav,1.916
2393.wav,3.204
23930.wav,2.885
23931.wav,2.653
23932.wav,1.829
23933.wav,4.962
23934.wav,3.832
23935.wav,3.918
23936.wav,4.943
23937.wav,4.251
23938.wav,2.843
23939.wav,2.192
2394.wav,4.789
23940.wav,1.209
23941.wav,1.375
23942.wav,7.477
23943.wav,4.563
23944.wav,4.843
23945.wav,2.394
23946.wav,1.073
23947.wav,13.635
23948.wav,1.334
23949.wav,2.2
2395.wav,3.612
23950.wav,5.051
23951.wav,1.434
23952.wav,3.366
23953.wav,2.511
23954.wav,1.386
23955.wav,1.54
23956.wav,2.627
23957.wav,5.232
23958.wav,2.088
23959.wav,1.671
2396.wav,14.002
23960.wav,3.099
23961.wav,4.164
23962.wav,3.932
23963.wav,5.369
23964.wav,2.336
23965.wav,3.219
23966.wav,5.849
23967.wav,4.453
23968.wav,1.369
23969.wav,2.995
2397.wav,2.352
23970.wav,3.108
23971.wav,3.885
23972.wav,13.315
23973.wav,1.245
23974.wav,4.206
23975.wav,2.289
23976.wav,6.179
23977.wav,2.986
23978.wav,23.174
23979.wav,2.189
2398.wav,3.45
23980.wav,3.279
23981.wav,3.873
23982.wav,1.886
23983.wav,1.946
23984.wav,17.918
23985.wav,2.371
23986.wav,0.811
23987.wav,2.4
23988.wav,2.314
23989.wav,7.333
2399.wav,4.096
23990.wav,3.262
23991.wav,3.204
23992.wav,1.756
23993.wav,1.987
23994.wav,1.727
23995.wav,2.8
23996.wav,4.057
23997.wav,7.884
23998.wav,3.549
23999.wav,1.866
24.wav,2.408
240.wav,2.131
2400.wav,5.266
24000.wav,2.062
24001.wav,3.038
24002.wav,5.307
24003.wav,1.162
24004.wav,1.233
24005.wav,10.798
24006.wav,5.468
24007.wav,3.055
24008.wav,1.329
24009.wav,1.878
2401.wav,6.357
24010.wav,3.167
24011.wav,1.66
24012.wav,2.46
24013.wav,1.458
24014.wav,2.068
24015.wav,0.609
24016.wav,2.316
24017.wav,4.663
24018.wav,4.901
24019.wav,1.518
2402.wav,1.499
24020.wav,2.865
24021.wav,11.285
24022.wav,5.777
24023.wav,2.615
24024.wav,3.243
24025.wav,5.523
24026.wav,2.577
24027.wav,6.168
24028.wav,4.91
24029.wav,5.317
2403.wav,2.158
24030.wav,2.727
24031.wav,7.151
24032.wav,6.468
24033.wav,2.945
24034.wav,4.441
24035.wav,2.182
24036.wav,3.062
24037.wav,3.58
24038.wav,8.263
24039.wav,6.985
2404.wav,5.367
24040.wav,5.496
24041.wav,3.205
24042.wav,2.122
24043.wav,2.412
24044.wav,2.269
24045.wav,3.253
24046.wav,6.225
24047.wav,8.143
24048.wav,2.729
24049.wav,2.167
2405.wav,3.821
24050.wav,2.631
24051.wav,7.919
24052.wav,3.296
24053.wav,1.573
24054.wav,2.643
24055.wav,9.271
24056.wav,2.953
24057.wav,8.648
24058.wav,9.296
24059.wav,0.905
2406.wav,2.716
24060.wav,2.599
24061.wav,1.271
24062.wav,1.621
24063.wav,16.018
24064.wav,11.57
24065.wav,1.453
24066.wav,6.038
24067.wav,1.539
24068.wav,7.203
24069.wav,3.305
2407.wav,2.375
24070.wav,2.292
24071.wav,2.739
24072.wav,2.381
24073.wav,1.414
24074.wav,4.162
24075.wav,10.183
24076.wav,7.108
24077.wav,2.433
24078.wav,8.515
24079.wav,21.375
2408.wav,2.229
24080.wav,5.531
24081.wav,2.588
24082.wav,1.691
24083.wav,2.558
24084.wav,5.039
24085.wav,8.841
24086.wav,5.112
24087.wav,1.88
24088.wav,7.927
24089.wav,0.822
2409.wav,2.83
24090.wav,12.864
24091.wav,1.659
24092.wav,14.548
24093.wav,1.771
24094.wav,5.109
24095.wav,1.226
24096.wav,2.665
24097.wav,2.606
24098.wav,4.117
24099.wav,6.834
241.wav,1.921
2410.wav,3.369
24100.wav,1.618
24101.wav,6.367
24102.wav,1.562
24103.wav,7.387
24104.wav,1.404
24105.wav,1.001
24106.wav,2.433
24107.wav,12.118
24108.wav,11.062
24109.wav,2.898
2411.wav,0.77
24110.wav,2.437
24111.wav,1.532
24112.wav,3.504
24113.wav,3.083
24114.wav,5.173
24115.wav,3.309
24116.wav,1.826
24117.wav,1.849
24118.wav,4.553
24119.wav,2.866
2412.wav,3.98
24120.wav,1.514
24121.wav,10.657
24122.wav,4.504
24123.wav,1.797
24124.wav,3.17
24125.wav,4.533
24126.wav,6.237
24127.wav,4.731
24128.wav,2.93
24129.wav,2.523
2413.wav,1.617
24130.wav,5.794
24131.wav,4.602
24132.wav,4.617
24133.wav,2.892
24134.wav,4.249
24135.wav,8.19
24136.wav,4.587
24137.wav,2.056
24138.wav,2.709
24139.wav,2.797
2414.wav,18.602
24140.wav,7.399
24141.wav,1.0
24142.wav,4.61
24143.wav,1.265
24144.wav,6.032
24145.wav,1.36
24146.wav,1.255
24147.wav,0.634
24148.wav,4.251
24149.wav,6.407
2415.wav,2.819
24150.wav,2.19
24151.wav,2.875
24152.wav,3.793
24153.wav,5.396
24154.wav,0.989
24155.wav,2.317
24156.wav,3.205
24157.wav,1.125
24158.wav,11.387
24159.wav,5.012
2416.wav,2.737
24160.wav,1.972
24161.wav,5.182
24162.wav,2.954
24163.wav,4.902
24164.wav,8.639
24165.wav,3.987
24166.wav,3.232
24167.wav,24.141
24168.wav,2.92
24169.wav,3.493
2417.wav,5.057
24170.wav,2.42
24171.wav,2.272
24172.wav,2.379
24173.wav,2.88
24174.wav,1.79
24175.wav,9.11
24176.wav,4.169
24177.wav,3.338
24178.wav,2.898
24179.wav,2.66
2418.wav,3.471
24180.wav,1.852
24181.wav,11.361
24182.wav,1.303
24183.wav,6.258
24184.wav,4.052
24185.wav,1.639
24186.wav,8.615
24187.wav,4.123
24188.wav,1.55
24189.wav,1.908
2419.wav,4.27
24190.wav,6.025
24191.wav,3.815
24192.wav,3.753
24193.wav,3.201
24194.wav,1.491
24195.wav,2.584
24196.wav,2.582
24197.wav,2.978
24198.wav,5.102
24199.wav,3.893
242.wav,1.664
2420.wav,4.179
24200.wav,3.715
24201.wav,5.154
24202.wav,2.349
24203.wav,4.048
24204.wav,2.692
24205.wav,2.433
24206.wav,2.359
24207.wav,7.165
24208.wav,1.612
24209.wav,7.768
2421.wav,8.581
24210.wav,2.986
24211.wav,13.042
24212.wav,2.431
24213.wav,1.717
24214.wav,2.344
24215.wav,1.749
24216.wav,2.894
24217.wav,0.991
24218.wav,1.889
24219.wav,7.888
2422.wav,4.763
24220.wav,1.955
24221.wav,2.942
24222.wav,10.987
24223.wav,11.527
24224.wav,4.026
24225.wav,2.989
24226.wav,2.423
24227.wav,5.215
24228.wav,4.116
24229.wav,4.108
2423.wav,1.956
24230.wav,5.194
24231.wav,7.196
24232.wav,4.352
24233.wav,6.562
24234.wav,5.283
24235.wav,4.524
24236.wav,2.747
24237.wav,1.515
24238.wav,2.184
24239.wav,0.548
2424.wav,2.924
24240.wav,4.608
24241.wav,3.655
24242.wav,5.373
24243.wav,5.748
24244.wav,3.341
24245.wav,2.959
24246.wav,3.186
24247.wav,4.545
24248.wav,1.979
24249.wav,13.65
2425.wav,1.506
24250.wav,1.403
24251.wav,4.941
24252.wav,3.283
24253.wav,2.175
24254.wav,3.786
24255.wav,5.607
24256.wav,3.549
24257.wav,1.794
24258.wav,0.659
24259.wav,3.62
2426.wav,1.729
24260.wav,21.609
24261.wav,1.455
24262.wav,2.813
24263.wav,5.88
24264.wav,2.68
24265.wav,2.481
24266.wav,1.423
24267.wav,1.411
24268.wav,18.953
24269.wav,3.601
2427.wav,1.936
24270.wav,3.041
24271.wav,4.879
24272.wav,2.717
24273.wav,10.438
24274.wav,3.849
24275.wav,5.493
24276.wav,1.663
24277.wav,6.893
24278.wav,2.073
24279.wav,6.088
2428.wav,1.874
24280.wav,1.454
24281.wav,4.377
24282.wav,6.036
24283.wav,1.999
24284.wav,2.564
24285.wav,3.078
24286.wav,5.639
24287.wav,4.668
24288.wav,7.17
24289.wav,4.511
2429.wav,2.078
24290.wav,2.5
24291.wav,3.736
24292.wav,0.902
24293.wav,2.601
24294.wav,3.041
24295.wav,3.677
24296.wav,1.178
24297.wav,7.785
24298.wav,3.675
24299.wav,1.877
243.wav,2.917
2430.wav,5.937
24300.wav,3.985
24301.wav,3.51
24302.wav,1.544
24303.wav,4.086
24304.wav,3.308
24305.wav,2.537
24306.wav,2.21
24307.wav,0.775
24308.wav,2.893
24309.wav,5.674
2431.wav,4.183
24310.wav,4.228
24311.wav,3.513
24312.wav,5.201
24313.wav,4.188
24314.wav,1.071
24315.wav,0.814
24316.wav,3.337
24317.wav,1.555
24318.wav,5.335
24319.wav,5.282
2432.wav,24.952
24320.wav,1.629
24321.wav,2.838
24322.wav,2.141
24323.wav,15.417
24324.wav,6.998
24325.wav,3.883
24326.wav,3.638
24327.wav,3.444
24328.wav,5.062
24329.wav,1.588
2433.wav,2.847
24330.wav,1.831
24331.wav,4.156
24332.wav,3.483
24333.wav,1.312
24334.wav,3.416
24335.wav,3.049
24336.wav,4.673
24337.wav,1.691
24338.wav,2.069
24339.wav,3.009
2434.wav,0.757
24340.wav,3.055
24341.wav,2.042
24342.wav,1.864
24343.wav,1.448
24344.wav,8.166
24345.wav,2.721
24346.wav,4.659
24347.wav,7.372
24348.wav,2.849
24349.wav,4.04
2435.wav,2.275
24350.wav,15.054
24351.wav,4.978
24352.wav,2.924
24353.wav,3.582
24354.wav,7.168
24355.wav,7.418
24356.wav,5.498
24357.wav,3.824
24358.wav,7.373
24359.wav,1.909
2436.wav,4.426
24360.wav,1.633
24361.wav,3.625
24362.wav,4.852
24363.wav,3.253
24364.wav,5.567
24365.wav,6.102
24366.wav,3.833
24367.wav,10.295
24368.wav,1.616
24369.wav,2.877
2437.wav,9.168
24370.wav,5.263
24371.wav,11.805
24372.wav,3.714
24373.wav,7.09
24374.wav,3.504
24375.wav,3.568
24376.wav,0.849
24377.wav,2.454
24378.wav,1.979
24379.wav,1.289
2438.wav,0.717
24380.wav,3.411
24381.wav,2.207
24382.wav,3.467
24383.wav,2.6
24384.wav,4.585
24385.wav,3.75
24386.wav,4.13
24387.wav,1.63
24388.wav,1.557
24389.wav,5.761
2439.wav,1.556
24390.wav,2.133
24391.wav,1.392
24392.wav,5.309
24393.wav,9.853
24394.wav,1.059
24395.wav,3.958
24396.wav,2.746
24397.wav,6.92
24398.wav,4.089
24399.wav,1.993
244.wav,4.87
2440.wav,3.928
24400.wav,3.777
24401.wav,19.413
24402.wav,2.601
24403.wav,2.058
24404.wav,1.485
24405.wav,1.277
24406.wav,7.628
24407.wav,2.518
24408.wav,2.148
24409.wav,1.354
2441.wav,4.062
24410.wav,6.075
24411.wav,11.022
24412.wav,4.245
24413.wav,1.428
24414.wav,2.165
24415.wav,3.645
24416.wav,3.486
24417.wav,2.847
24418.wav,3.138
24419.wav,7.928
2442.wav,4.214
24420.wav,7.003
24421.wav,8.693
24422.wav,3.271
24423.wav,5.349
24424.wav,1.89
24425.wav,4.122
24426.wav,1.809
24427.wav,4.153
24428.wav,4.382
24429.wav,1.483
2443.wav,6.254
24430.wav,2.898
24431.wav,3.587
24432.wav,2.044
24433.wav,3.156
24434.wav,5.22
24435.wav,3.272
24436.wav,3.766
24437.wav,5.193
24438.wav,2.136
24439.wav,1.629
2444.wav,11.822
24440.wav,3.203
24441.wav,4.522
24442.wav,4.388
24443.wav,3.559
24444.wav,5.043
24445.wav,3.463
24446.wav,2.068
24447.wav,1.868
24448.wav,1.908
24449.wav,2.721
2445.wav,3.137
24450.wav,9.363
24451.wav,2.034
24452.wav,1.842
24453.wav,3.005
24454.wav,1.563
24455.wav,2.142
24456.wav,2.947
24457.wav,2.41
24458.wav,3.489
24459.wav,1.588
2446.wav,3.889
24460.wav,8.601
24461.wav,4.12
24462.wav,2.234
24463.wav,19.868
24464.wav,5.497
24465.wav,2.43
24466.wav,2.683
24467.wav,17.177
24468.wav,2.141
24469.wav,7.708
2447.wav,1.347
24470.wav,3.012
24471.wav,3.127
24472.wav,8.579
24473.wav,3.057
24474.wav,1.999
24475.wav,5.652
24476.wav,1.498
24477.wav,2.247
24478.wav,3.79
24479.wav,1.478
2448.wav,11.776
24480.wav,3.304
24481.wav,7.214
24482.wav,2.041
24483.wav,3.991
24484.wav,3.688
24485.wav,4.243
24486.wav,1.626
24487.wav,1.12
24488.wav,15.205
24489.wav,9.382
2449.wav,4.108
24490.wav,4.247
24491.wav,8.904
24492.wav,1.497
24493.wav,3.296
24494.wav,1.252
24495.wav,4.908
24496.wav,1.885
24497.wav,4.954
24498.wav,8.393
24499.wav,4.905
245.wav,5.102
2450.wav,3.234
24500.wav,8.508
24501.wav,2.598
24502.wav,4.665
24503.wav,3.009
24504.wav,4.923
24505.wav,1.574
24506.wav,1.954
24507.wav,3.796
24508.wav,2.457
24509.wav,3.671
2451.wav,3.565
24510.wav,3.598
24511.wav,5.061
24512.wav,9.159
24513.wav,2.863
24514.wav,1.456
24515.wav,0.772
24516.wav,2.432
24517.wav,12.417
24518.wav,1.423
24519.wav,1.279
2452.wav,1.904
24520.wav,1.71
24521.wav,13.937
24522.wav,6.079
24523.wav,18.34
24524.wav,1.981
24525.wav,1.684
24526.wav,5.907
24527.wav,1.405
24528.wav,3.511
24529.wav,9.378
2453.wav,8.458
24530.wav,3.349
24531.wav,1.194
24532.wav,1.768
24533.wav,7.7
24534.wav,1.445
24535.wav,3.528
24536.wav,4.225
24537.wav,9.424
24538.wav,3.906
24539.wav,1.631
2454.wav,1.436
24540.wav,0.71
24541.wav,4.748
24542.wav,11.802
24543.wav,2.202
24544.wav,7.177
24545.wav,2.866
24546.wav,1.739
24547.wav,4.151
24548.wav,8.341
24549.wav,1.696
2455.wav,2.964
24550.wav,2.858
24551.wav,1.699
24552.wav,2.669
24553.wav,5.336
24554.wav,3.917
24555.wav,23.396
24556.wav,13.767
24557.wav,2.985
24558.wav,1.353
24559.wav,1.876
2456.wav,2.302
24560.wav,6.462
24561.wav,11.228
24562.wav,2.462
24563.wav,17.02
24564.wav,4.667
24565.wav,4.949
24566.wav,5.602
24567.wav,8.971
24568.wav,2.92
24569.wav,3.109
2457.wav,1.41
24570.wav,1.709
24571.wav,3.137
24572.wav,10.172
24573.wav,1.186
24574.wav,5.71
24575.wav,2.455
24576.wav,4.603
24577.wav,6.844
24578.wav,1.915
24579.wav,1.75
2458.wav,1.522
24580.wav,5.043
24581.wav,2.818
24582.wav,7.332
24583.wav,1.284
24584.wav,2.007
24585.wav,2.161
24586.wav,15.339
24587.wav,2.102
24588.wav,2.573
24589.wav,5.508
2459.wav,7.277
24590.wav,17.825
24591.wav,3.084
24592.wav,4.53
24593.wav,1.629
24594.wav,1.653
24595.wav,9.464
24596.wav,2.364
24597.wav,2.162
24598.wav,4.977
24599.wav,3.828
246.wav,5.15
2460.wav,0.834
24600.wav,1.068
24601.wav,2.4
24602.wav,5.476
24603.wav,2.099
24604.wav,2.811
24605.wav,4.403
24606.wav,2.9
24607.wav,2.837
24608.wav,1.092
24609.wav,0.808
2461.wav,6.463
24610.wav,3.234
24611.wav,0.798
24612.wav,5.908
24613.wav,2.127
24614.wav,3.619
24615.wav,3.95
24616.wav,2.737
24617.wav,1.194
24618.wav,2.47
24619.wav,7.896
2462.wav,15.189
24620.wav,3.237
24621.wav,3.408
24622.wav,1.993
24623.wav,4.6
24624.wav,1.295
24625.wav,5.627
24626.wav,1.741
24627.wav,2.173
24628.wav,3.002
24629.wav,1.731
2463.wav,6.418
24630.wav,2.808
24631.wav,4.294
24632.wav,1.574
24633.wav,5.133
24634.wav,4.307
24635.wav,1.217
24636.wav,2.5
24637.wav,3.946
24638.wav,2.237
24639.wav,4.386
2464.wav,3.956
24640.wav,6.235
24641.wav,10.573
24642.wav,0.858
24643.wav,2.178
24644.wav,2.59
24645.wav,1.261
24646.wav,4.088
24647.wav,4.69
24648.wav,9.474
24649.wav,1.935
2465.wav,1.862
24650.wav,5.174
24651.wav,2.441
24652.wav,6.141
24653.wav,0.801
24654.wav,5.013
24655.wav,2.148
24656.wav,3.776
24657.wav,5.01
24658.wav,4.119
24659.wav,5.636
2466.wav,4.845
24660.wav,1.863
24661.wav,0.64
24662.wav,2.783
24663.wav,8.204
24664.wav,0.806
24665.wav,7.554
24666.wav,1.243
24667.wav,1.33
24668.wav,2.323
24669.wav,6.135
2467.wav,5.128
24670.wav,2.727
24671.wav,2.704
24672.wav,5.115
24673.wav,4.987
24674.wav,5.203
24675.wav,5.476
24676.wav,1.695
24677.wav,2.288
24678.wav,3.043
24679.wav,3.277
2468.wav,6.087
24680.wav,3.731
24681.wav,0.736
24682.wav,1.99
24683.wav,5.568
24684.wav,2.315
24685.wav,4.046
24686.wav,5.732
24687.wav,5.336
24688.wav,5.567
24689.wav,6.057
2469.wav,13.237
24690.wav,2.978
24691.wav,3.303
24692.wav,5.981
24693.wav,7.257
24694.wav,1.788
24695.wav,4.019
24696.wav,2.264
24697.wav,2.25
24698.wav,3.298
24699.wav,3.601
247.wav,5.705
2470.wav,4.833
24700.wav,3.509
24701.wav,1.029
24702.wav,2.501
24703.wav,5.069
24704.wav,4.844
24705.wav,3.245
24706.wav,2.406
24707.wav,2.57
24708.wav,2.991
24709.wav,5.188
2471.wav,3.341
24710.wav,8.398
24711.wav,3.147
24712.wav,1.675
24713.wav,2.28
24714.wav,1.078
24715.wav,4.167
24716.wav,3.676
24717.wav,6.322
24718.wav,2.021
24719.wav,2.783
2472.wav,7.251
24720.wav,1.556
24721.wav,5.065
24722.wav,1.769
24723.wav,5.212
24724.wav,2.023
24725.wav,6.504
24726.wav,5.95
24727.wav,2.055
24728.wav,6.636
24729.wav,6.445
2473.wav,2.872
24730.wav,4.543
24731.wav,4.668
24732.wav,2.657
24733.wav,3.459
24734.wav,1.191
24735.wav,4.466
24736.wav,3.45
24737.wav,5.949
24738.wav,4.08
24739.wav,1.122
2474.wav,2.078
24740.wav,1.148
24741.wav,3.152
24742.wav,6.682
24743.wav,4.078
24744.wav,1.605
24745.wav,16.037
24746.wav,8.016
24747.wav,5.717
24748.wav,1.242
24749.wav,8.026
2475.wav,5.237
24750.wav,0.656
24751.wav,3.414
24752.wav,1.29
24753.wav,0.568
24754.wav,3.373
24755.wav,10.024
24756.wav,1.825
24757.wav,1.889
24758.wav,2.341
24759.wav,3.973
2476.wav,3.708
24760.wav,2.166
24761.wav,1.983
24762.wav,1.791
24763.wav,2.963
24764.wav,1.426
24765.wav,5.509
24766.wav,2.75
24767.wav,2.174
24768.wav,2.995
24769.wav,1.906
2477.wav,8.603
24770.wav,1.888
24771.wav,2.855
24772.wav,9.051
24773.wav,3.502
24774.wav,5.847
24775.wav,2.868
24776.wav,2.533
24777.wav,3.154
24778.wav,8.226
24779.wav,6.053
2478.wav,6.604
24780.wav,10.618
24781.wav,3.961
24782.wav,5.948
24783.wav,3.005
24784.wav,3.842
24785.wav,6.275
24786.wav,3.441
24787.wav,13.99
24788.wav,0.837
24789.wav,11.006
2479.wav,3.834
24790.wav,1.855
24791.wav,3.981
24792.wav,2.015
24793.wav,1.893
24794.wav,4.284
24795.wav,0.993
24796.wav,2.877
24797.wav,4.551
24798.wav,2.756
24799.wav,2.407
248.wav,1.946
2480.wav,2.687
24800.wav,2.308
24801.wav,5.29
24802.wav,1.118
24803.wav,4.621
24804.wav,8.277
24805.wav,2.151
24806.wav,4.256
24807.wav,13.048
24808.wav,10.431
24809.wav,2.378
2481.wav,3.383
24810.wav,3.535
24811.wav,1.677
24812.wav,7.868
24813.wav,3.666
24814.wav,6.681
24815.wav,2.096
24816.wav,5.309
24817.wav,3.412
24818.wav,2.584
24819.wav,3.479
2482.wav,6.071
24820.wav,7.008
24821.wav,10.738
24822.wav,6.452
24823.wav,1.805
24824.wav,1.73
24825.wav,6.778
24826.wav,5.9
24827.wav,4.107
24828.wav,2.042
24829.wav,4.955
2483.wav,7.256
24830.wav,1.769
24831.wav,2.127
24832.wav,3.728
24833.wav,7.385
24834.wav,0.633
24835.wav,12.961
24836.wav,1.482
24837.wav,2.582
24838.wav,8.696
24839.wav,3.783
2484.wav,3.978
24840.wav,8.08
24841.wav,4.532
24842.wav,1.725
24843.wav,6.187
24844.wav,3.22
24845.wav,5.693
24846.wav,2.527
24847.wav,5.136
24848.wav,0.844
24849.wav,3.791
2485.wav,3.173
24850.wav,9.242
24851.wav,2.063
24852.wav,2.056
24853.wav,1.594
24854.wav,10.158
24855.wav,4.462
24856.wav,5.235
24857.wav,17.317
24858.wav,0.915
24859.wav,12.033
2486.wav,1.313
24860.wav,3.659
24861.wav,3.264
24862.wav,1.943
24863.wav,3.684
24864.wav,4.691
24865.wav,3.326
24866.wav,8.106
24867.wav,2.431
24868.wav,1.887
24869.wav,2.233
2487.wav,7.193
24870.wav,1.211
24871.wav,2.885
24872.wav,4.456
24873.wav,7.82
24874.wav,2.119
24875.wav,2.147
24876.wav,4.615
24877.wav,6.586
24878.wav,2.923
24879.wav,1.632
2488.wav,2.028
24880.wav,4.461
24881.wav,2.064
24882.wav,2.781
24883.wav,4.135
24884.wav,2.492
24885.wav,1.959
24886.wav,2.068
24887.wav,1.722
24888.wav,16.108
24889.wav,2.252
2489.wav,3.271
24890.wav,5.764
24891.wav,2.406
24892.wav,2.82
24893.wav,2.77
24894.wav,3.941
24895.wav,6.426
24896.wav,2.169
24897.wav,2.612
24898.wav,21.623
24899.wav,1.576
249.wav,2.519
2490.wav,11.453
24900.wav,1.575
24901.wav,3.998
24902.wav,17.124
24903.wav,1.512
24904.wav,3.722
24905.wav,5.909
24906.wav,1.853
24907.wav,2.235
24908.wav,3.201
24909.wav,5.404
2491.wav,8.565
24910.wav,4.67
24911.wav,1.156
24912.wav,3.435
24913.wav,4.209
24914.wav,2.967
24915.wav,3.19
24916.wav,2.322
24917.wav,1.458
24918.wav,2.581
24919.wav,12.863
2492.wav,2.725
24920.wav,2.742
24921.wav,2.203
24922.wav,3.459
24923.wav,2.605
24924.wav,4.354
24925.wav,4.27
24926.wav,5.018
24927.wav,1.307
24928.wav,9.86
24929.wav,2.263
2493.wav,3.336
24930.wav,5.495
24931.wav,3.038
24932.wav,4.297
24933.wav,7.303
24934.wav,3.139
24935.wav,1.905
24936.wav,2.267
24937.wav,2.713
24938.wav,5.388
24939.wav,0.83
2494.wav,3.258
24940.wav,0.879
24941.wav,2.852
24942.wav,3.12
24943.wav,2.093
24944.wav,3.41
24945.wav,2.966
24946.wav,4.393
24947.wav,2.594
24948.wav,3.234
24949.wav,3.601
2495.wav,1.368
24950.wav,8.902
24951.wav,5.568
24952.wav,2.808
24953.wav,4.22
24954.wav,2.218
24955.wav,3.869
24956.wav,3.608
24957.wav,1.552
24958.wav,11.327
24959.wav,22.829
2496.wav,2.879
24960.wav,4.365
24961.wav,1.834
24962.wav,4.029
24963.wav,5.218
24964.wav,2.734
24965.wav,5.083
24966.wav,2.607
24967.wav,4.469
24968.wav,4.44
24969.wav,2.35
2497.wav,3.314
24970.wav,1.291
24971.wav,3.97
24972.wav,2.649
24973.wav,1.386
24974.wav,8.328
24975.wav,3.611
24976.wav,4.71
24977.wav,4.698
24978.wav,0.653
24979.wav,4.789
2498.wav,1.702
24980.wav,2.028
24981.wav,1.66
24982.wav,2.041
24983.wav,7.43
24984.wav,4.465
24985.wav,1.653
24986.wav,3.772
24987.wav,4.449
24988.wav,1.102
24989.wav,0.93
2499.wav,5.12
24990.wav,3.198
24991.wav,1.666
24992.wav,3.112
24993.wav,3.525
24994.wav,2.724
24995.wav,2.763
24996.wav,8.849
24997.wav,4.084
24998.wav,2.025
24999.wav,1.541
25.wav,14.073
250.wav,4.217
2500.wav,4.557
25000.wav,2.786
25001.wav,4.629
25002.wav,1.406
25003.wav,6.086
25004.wav,3.551
25005.wav,1.798
25006.wav,4.415
25007.wav,7.739
25008.wav,1.975
25009.wav,4.226
2501.wav,6.667
25010.wav,1.959
25011.wav,4.797
25012.wav,3.863
25013.wav,1.559
25014.wav,4.669
25015.wav,6.301
25016.wav,1.479
25017.wav,3.784
25018.wav,3.281
25019.wav,2.085
2502.wav,1.374
25020.wav,3.129
25021.wav,3.925
25022.wav,0.744
25023.wav,3.092
25024.wav,1.186
25025.wav,4.938
25026.wav,0.913
25027.wav,2.518
25028.wav,4.214
25029.wav,1.903
2503.wav,2.882
25030.wav,0.844
25031.wav,0.819
25032.wav,3.408
25033.wav,1.821
25034.wav,4.674
25035.wav,2.5
25036.wav,2.254
25037.wav,4.573
25038.wav,2.662
25039.wav,6.234
2504.wav,0.874
25040.wav,3.305
25041.wav,7.531
25042.wav,4.678
25043.wav,1.982
25044.wav,0.904
25045.wav,1.741
25046.wav,1.635
25047.wav,1.659
25048.wav,1.851
25049.wav,3.2
2505.wav,2.272
25050.wav,1.994
25051.wav,3.112
25052.wav,6.777
25053.wav,2.007
25054.wav,2.523
25055.wav,5.904
25056.wav,5.213
25057.wav,2.587
25058.wav,2.611
25059.wav,10.466
2506.wav,4.356
25060.wav,3.402
25061.wav,1.869
25062.wav,2.64
25063.wav,2.245
25064.wav,18.666
25065.wav,5.478
25066.wav,7.308
25067.wav,10.794
25068.wav,2.85
25069.wav,5.962
2507.wav,3.77
25070.wav,1.321
25071.wav,5.167
25072.wav,1.875
25073.wav,1.767
25074.wav,4.373
25075.wav,6.544
25076.wav,2.866
25077.wav,5.646
25078.wav,1.714
25079.wav,4.846
2508.wav,2.915
25080.wav,9.459
25081.wav,2.27
25082.wav,5.891
25083.wav,3.755
25084.wav,4.315
25085.wav,1.253
25086.wav,2.346
25087.wav,9.194
25088.wav,2.06
25089.wav,3.039
2509.wav,6.267
25090.wav,2.285
25091.wav,9.008
25092.wav,10.745
25093.wav,3.15
25094.wav,3.09
25095.wav,1.915
25096.wav,3.331
25097.wav,3.029
25098.wav,3.704
25099.wav,1.174
251.wav,5.216
2510.wav,2.277
25100.wav,3.424
25101.wav,4.3
25102.wav,3.005
25103.wav,3.687
25104.wav,4.483
25105.wav,1.948
25106.wav,2.533
25107.wav,2.966
25108.wav,2.139
25109.wav,3.39
2511.wav,8.415
25110.wav,5.546
25111.wav,1.496
25112.wav,3.545
25113.wav,4.309
25114.wav,6.245
25115.wav,2.567
25116.wav,3.701
25117.wav,3.806
25118.wav,2.831
25119.wav,5.206
2512.wav,15.911
25120.wav,3.022
25121.wav,2.824
25122.wav,9.421
25123.wav,3.021
25124.wav,1.332
25125.wav,15.44
25126.wav,4.553
25127.wav,1.519
25128.wav,9.804
25129.wav,2.845
2513.wav,3.926
25130.wav,12.178
25131.wav,4.994
25132.wav,9.965
25133.wav,4.896
25134.wav,2.419
25135.wav,6.105
25136.wav,1.649
25137.wav,2.229
25138.wav,4.29
25139.wav,5.715
2514.wav,3.436
25140.wav,2.081
25141.wav,7.294
25142.wav,1.183
25143.wav,10.606
25144.wav,10.451
25145.wav,4.367
25146.wav,1.645
25147.wav,3.098
25148.wav,0.756
25149.wav,3.279
2515.wav,3.937
25150.wav,4.137
25151.wav,3.093
25152.wav,4.145
25153.wav,3.181
25154.wav,2.6
25155.wav,1.541
25156.wav,5.534
25157.wav,1.57
25158.wav,6.85
25159.wav,1.18
2516.wav,3.472
25160.wav,2.967
25161.wav,1.217
25162.wav,4.041
25163.wav,2.324
25164.wav,2.081
25165.wav,3.957
25166.wav,4.25
25167.wav,2.083
25168.wav,4.456
25169.wav,3.259
2517.wav,6.608
25170.wav,3.543
25171.wav,3.255
25172.wav,2.33
25173.wav,2.66
25174.wav,1.424
25175.wav,2.793
25176.wav,3.271
25177.wav,4.133
25178.wav,8.336
25179.wav,2.512
2518.wav,7.39
25180.wav,14.554
25181.wav,1.034
25182.wav,7.597
25183.wav,7.209
25184.wav,1.444
25185.wav,7.194
25186.wav,4.817
25187.wav,6.826
25188.wav,2.571
25189.wav,0.962
2519.wav,9.679
25190.wav,4.992
25191.wav,7.878
25192.wav,3.13
25193.wav,4.386
25194.wav,1.053
25195.wav,6.652
25196.wav,8.736
25197.wav,2.698
25198.wav,2.293
25199.wav,2.706
252.wav,0.75
2520.wav,1.377
25200.wav,8.25
25201.wav,2.908
25202.wav,3.694
25203.wav,2.761
25204.wav,2.497
25205.wav,11.645
25206.wav,7.531
25207.wav,1.337
25208.wav,3.278
25209.wav,1.864
2521.wav,5.717
25210.wav,7.603
25211.wav,2.963
25212.wav,5.635
25213.wav,2.937
25214.wav,8.125
25215.wav,1.984
25216.wav,0.918
25217.wav,0.767
25218.wav,1.821
25219.wav,2.163
2522.wav,0.905
25220.wav,4.309
25221.wav,6.852
25222.wav,1.888
25223.wav,3.871
25224.wav,4.824
25225.wav,3.56
25226.wav,3.976
25227.wav,1.591
25228.wav,2.068
25229.wav,1.673
2523.wav,5.094
25230.wav,6.76
25231.wav,8.307
25232.wav,1.03
25233.wav,9.213
25234.wav,2.593
25235.wav,3.388
25236.wav,8.235
25237.wav,4.366
25238.wav,5.941
25239.wav,9.219
2524.wav,4.367
25240.wav,4.335
25241.wav,6.481
25242.wav,15.688
25243.wav,2.708
25244.wav,2.04
25245.wav,1.993
25246.wav,1.219
25247.wav,1.464
25248.wav,4.309
25249.wav,3.263
2525.wav,5.457
25250.wav,1.672
25251.wav,2.11
25252.wav,1.432
25253.wav,1.45
25254.wav,2.295
25255.wav,0.959
25256.wav,1.739
25257.wav,4.602
25258.wav,1.817
25259.wav,0.807
2526.wav,3.701
25260.wav,7.835
25261.wav,5.776
25262.wav,2.969
25263.wav,2.671
25264.wav,2.324
25265.wav,1.785
25266.wav,1.394
25267.wav,3.128
25268.wav,4.448
25269.wav,20.421
2527.wav,2.158
25270.wav,6.271
25271.wav,2.328
25272.wav,0.814
25273.wav,4.919
25274.wav,9.9
25275.wav,5.394
25276.wav,1.572
25277.wav,4.465
25278.wav,3.395
25279.wav,2.285
2528.wav,0.939
25280.wav,3.002
25281.wav,4.265
25282.wav,4.531
25283.wav,4.153
25284.wav,2.08
25285.wav,4.537
25286.wav,19.875
25287.wav,9.27
25288.wav,6.617
25289.wav,1.84
2529.wav,4.932
25290.wav,4.863
25291.wav,2.06
25292.wav,9.693
25293.wav,1.447
25294.wav,8.427
25295.wav,4.369
25296.wav,7.177
25297.wav,1.654
25298.wav,1.823
25299.wav,1.466
253.wav,5.522
2530.wav,2.015
25300.wav,2.479
25301.wav,5.16
25302.wav,2.311
25303.wav,1.53
25304.wav,3.052
25305.wav,4.054
25306.wav,4.624
25307.wav,1.504
25308.wav,3.291
25309.wav,16.862
2531.wav,1.589
25310.wav,4.874
25311.wav,5.462
25312.wav,4.918
25313.wav,12.649
25314.wav,5.299
25315.wav,3.552
25316.wav,8.584
25317.wav,1.971
25318.wav,3.269
25319.wav,2.421
2532.wav,2.031
25320.wav,3.905
25321.wav,2.452
25322.wav,3.768
25323.wav,1.41
25324.wav,2.752
25325.wav,2.008
25326.wav,6.785
25327.wav,5.566
25328.wav,8.243
25329.wav,5.831
2533.wav,10.023
25330.wav,1.451
25331.wav,4.365
25332.wav,3.551
25333.wav,1.938
25334.wav,6.811
25335.wav,5.601
25336.wav,1.456
25337.wav,9.551
25338.wav,9.61
25339.wav,3.858
2534.wav,1.417
25340.wav,4.659
25341.wav,4.882
25342.wav,11.258
25343.wav,1.929
25344.wav,6.063
25345.wav,3.516
25346.wav,8.429
25347.wav,3.523
25348.wav,3.178
25349.wav,1.902
2535.wav,1.734
25350.wav,1.75
25351.wav,7.792
25352.wav,4.735
25353.wav,6.934
25354.wav,2.233
25355.wav,3.578
25356.wav,5.119
25357.wav,22.045
25358.wav,9.632
25359.wav,3.11
2536.wav,4.98
25360.wav,5.069
25361.wav,4.166
25362.wav,5.416
25363.wav,2.949
25364.wav,2.974
25365.wav,1.877
25366.wav,7.494
25367.wav,2.47
25368.wav,10.269
25369.wav,2.239
2537.wav,13.148
25370.wav,7.625
25371.wav,4.171
25372.wav,3.159
25373.wav,1.732
25374.wav,7.101
25375.wav,2.437
25376.wav,2.533
25377.wav,3.178
25378.wav,8.396
25379.wav,2.514
2538.wav,4.051
25380.wav,8.393
25381.wav,1.597
25382.wav,6.208
25383.wav,2.51
25384.wav,2.533
25385.wav,5.934
25386.wav,2.485
25387.wav,4.769
25388.wav,1.298
25389.wav,2.147
2539.wav,0.781
25390.wav,3.973
25391.wav,3.074
25392.wav,1.567
25393.wav,16.411
25394.wav,21.934
25395.wav,7.429
25396.wav,5.069
25397.wav,23.135
25398.wav,2.615
25399.wav,3.67
254.wav,2.572
2540.wav,7.595
25400.wav,2.969
25401.wav,2.301
25402.wav,1.959
25403.wav,7.278
25404.wav,4.329
25405.wav,2.419
25406.wav,3.562
25407.wav,3.033
25408.wav,2.452
25409.wav,3.786
2541.wav,4.319
25410.wav,4.136
25411.wav,1.485
25412.wav,3.143
25413.wav,1.49
25414.wav,5.678
25415.wav,3.309
25416.wav,1.369
25417.wav,3.09
25418.wav,1.687
25419.wav,2.279
2542.wav,5.801
25420.wav,8.578
25421.wav,7.604
25422.wav,4.181
25423.wav,1.879
25424.wav,5.837
25425.wav,2.676
25426.wav,2.183
25427.wav,3.734
25428.wav,3.914
25429.wav,7.423
2543.wav,4.728
25430.wav,6.607
25431.wav,1.87
25432.wav,13.132
25433.wav,1.715
25434.wav,1.72
25435.wav,4.153
25436.wav,5.57
25437.wav,2.043
25438.wav,3.702
25439.wav,2.025
2544.wav,6.152
25440.wav,2.893
25441.wav,4.096
25442.wav,2.627
25443.wav,1.006
25444.wav,0.82
25445.wav,1.81
25446.wav,1.548
25447.wav,2.686
25448.wav,1.899
25449.wav,5.03
2545.wav,2.756
25450.wav,2.969
25451.wav,2.929
25452.wav,6.633
25453.wav,10.552
25454.wav,6.168
25455.wav,5.334
25456.wav,1.816
25457.wav,2.266
25458.wav,2.491
25459.wav,5.809
2546.wav,8.06
25460.wav,2.409
25461.wav,3.013
25462.wav,4.898
25463.wav,5.278
25464.wav,3.012
25465.wav,2.845
25466.wav,1.252
25467.wav,2.841
25468.wav,1.789
25469.wav,3.675
2547.wav,1.848
25470.wav,2.557
25471.wav,3.055
25472.wav,6.925
25473.wav,1.572
25474.wav,2.856
25475.wav,1.995
25476.wav,2.473
25477.wav,3.386
25478.wav,3.066
25479.wav,3.47
2548.wav,2.947
25480.wav,3.424
25481.wav,3.03
25482.wav,12.976
25483.wav,0.717
25484.wav,2.185
25485.wav,5.042
25486.wav,16.764
25487.wav,7.07
25488.wav,2.116
25489.wav,3.796
2549.wav,2.402
25490.wav,3.337
25491.wav,3.181
25492.wav,1.849
25493.wav,1.519
25494.wav,2.242
25495.wav,1.82
25496.wav,4.348
25497.wav,5.53
25498.wav,1.243
25499.wav,1.209
255.wav,3.217
2550.wav,8.657
25500.wav,1.475
25501.wav,4.921
25502.wav,2.16
25503.wav,3.047
25504.wav,4.774
25505.wav,5.112
25506.wav,3.487
25507.wav,1.414
25508.wav,2.064
25509.wav,3.315
2551.wav,2.888
25510.wav,2.776
25511.wav,4.354
25512.wav,10.943
25513.wav,22.453
25514.wav,9.445
25515.wav,3.319
25516.wav,4.918
25517.wav,6.186
25518.wav,13.227
25519.wav,8.669
2552.wav,2.594
25520.wav,3.768
25521.wav,1.572
25522.wav,4.324
25523.wav,3.543
25524.wav,1.427
25525.wav,7.416
25526.wav,5.17
25527.wav,4.302
25528.wav,3.286
25529.wav,3.102
2553.wav,5.3
25530.wav,3.792
25531.wav,4.135
25532.wav,2.476
25533.wav,2.701
25534.wav,3.851
25535.wav,4.295
25536.wav,1.224
25537.wav,2.175
25538.wav,6.543
25539.wav,2.751
2554.wav,4.035
25540.wav,10.062
25541.wav,4.021
25542.wav,1.182
25543.wav,3.548
25544.wav,4.171
25545.wav,2.467
25546.wav,4.791
25547.wav,3.461
25548.wav,5.82
25549.wav,7.172
2555.wav,4.04
25550.wav,2.726
25551.wav,4.207
25552.wav,8.552
25553.wav,3.008
25554.wav,14.617
25555.wav,2.59
25556.wav,2.838
25557.wav,2.384
25558.wav,8.759
25559.wav,9.42
2556.wav,2.13
25560.wav,2.501
25561.wav,1.756
25562.wav,1.87
25563.wav,2.933
25564.wav,1.812
25565.wav,4.691
25566.wav,3.425
25567.wav,2.115
25568.wav,6.016
25569.wav,2.633
2557.wav,0.816
25570.wav,10.936
25571.wav,2.663
25572.wav,12.129
25573.wav,4.443
25574.wav,2.242
25575.wav,10.159
25576.wav,8.052
25577.wav,13.134
25578.wav,2.195
25579.wav,4.154
2558.wav,1.723
25580.wav,4.011
25581.wav,3.096
25582.wav,1.9
25583.wav,7.994
25584.wav,3.187
25585.wav,5.486
25586.wav,6.21
25587.wav,2.697
25588.wav,1.933
25589.wav,2.4
2559.wav,9.988
25590.wav,5.312
25591.wav,1.224
25592.wav,4.493
25593.wav,2.904
25594.wav,3.004
25595.wav,3.331
25596.wav,6.037
25597.wav,3.245
25598.wav,1.242
25599.wav,2.254
256.wav,1.548
2560.wav,4.586
25600.wav,1.064
25601.wav,3.334
25602.wav,1.251
25603.wav,1.476
25604.wav,1.466
25605.wav,3.193
25606.wav,1.688
25607.wav,3.291
25608.wav,2.393
25609.wav,2.075
2561.wav,2.53
25610.wav,8.484
25611.wav,2.115
25612.wav,1.581
25613.wav,3.832
25614.wav,2.099
25615.wav,3.797
25616.wav,5.199
25617.wav,1.435
25618.wav,7.608
25619.wav,1.325
2562.wav,1.88
25620.wav,1.077
25621.wav,4.189
25622.wav,3.386
25623.wav,2.469
25624.wav,4.343
25625.wav,4.219
25626.wav,1.37
25627.wav,1.221
25628.wav,1.843
25629.wav,1.963
2563.wav,1.038
25630.wav,3.401
25631.wav,3.705
25632.wav,1.101
25633.wav,9.672
25634.wav,3.313
25635.wav,3.194
25636.wav,2.741
25637.wav,2.278
25638.wav,6.01
25639.wav,2.28
2564.wav,1.88
25640.wav,1.171
25641.wav,8.328
25642.wav,3.314
25643.wav,6.16
25644.wav,1.464
25645.wav,3.484
25646.wav,11.152
25647.wav,2.239
25648.wav,5.852
25649.wav,6.105
2565.wav,12.22
25650.wav,4.482
25651.wav,1.392
25652.wav,9.162
25653.wav,3.139
25654.wav,5.955
25655.wav,3.321
25656.wav,1.916
25657.wav,2.653
25658.wav,2.075
25659.wav,2.605
2566.wav,8.084
25660.wav,5.045
25661.wav,4.67
25662.wav,4.313
25663.wav,4.192
25664.wav,12.472
25665.wav,10.672
25666.wav,4.5
25667.wav,2.058
25668.wav,3.856
25669.wav,2.733
2567.wav,8.355
25670.wav,2.515
25671.wav,9.477
25672.wav,4.013
25673.wav,3.669
25674.wav,6.527
25675.wav,0.783
25676.wav,4.342
25677.wav,1.593
25678.wav,2.588
25679.wav,2.323
2568.wav,13.944
25680.wav,1.347
25681.wav,4.02
25682.wav,2.221
25683.wav,8.471
25684.wav,4.069
25685.wav,3.972
25686.wav,7.618
25687.wav,3.306
25688.wav,1.958
25689.wav,2.461
2569.wav,1.673
25690.wav,9.608
25691.wav,7.064
25692.wav,4.03
25693.wav,3.245
25694.wav,8.641
25695.wav,1.281
25696.wav,3.715
25697.wav,4.057
25698.wav,2.197
25699.wav,2.021
257.wav,7.379
2570.wav,1.811
25700.wav,8.981
25701.wav,4.642
25702.wav,4.2
25703.wav,2.839
25704.wav,3.368
25705.wav,7.745
25706.wav,6.032
25707.wav,4.239
25708.wav,1.634
25709.wav,11.375
2571.wav,5.299
25710.wav,3.28
25711.wav,4.401
25712.wav,1.338
25713.wav,1.757
25714.wav,1.589
25715.wav,2.448
25716.wav,3.075
25717.wav,2.352
25718.wav,2.207
25719.wav,5.822
2572.wav,3.659
25720.wav,2.963
25721.wav,3.313
25722.wav,8.688
25723.wav,4.26
25724.wav,4.352
25725.wav,6.925
25726.wav,1.382
25727.wav,1.908
25728.wav,3.497
25729.wav,3.485
2573.wav,1.271
25730.wav,6.246
25731.wav,2.698
25732.wav,1.48
25733.wav,4.016
25734.wav,2.045
25735.wav,1.333
25736.wav,5.46
25737.wav,0.684
25738.wav,5.514
25739.wav,7.994
2574.wav,2.301
25740.wav,1.317
25741.wav,1.18
25742.wav,2.246
25743.wav,12.625
25744.wav,4.272
25745.wav,4.858
25746.wav,2.669
25747.wav,5.919
25748.wav,6.805
25749.wav,2.075
2575.wav,1.387
25750.wav,5.9
25751.wav,2.123
25752.wav,6.142
25753.wav,2.387
25754.wav,5.67
25755.wav,3.798
25756.wav,3.766
25757.wav,5.918
25758.wav,1.904
25759.wav,1.592
2576.wav,2.228
25760.wav,16.477
25761.wav,8.093
25762.wav,1.66
25763.wav,2.964
25764.wav,2.288
25765.wav,1.593
25766.wav,5.572
25767.wav,3.068
25768.wav,12.885
25769.wav,4.437
2577.wav,1.757
25770.wav,6.102
25771.wav,2.854
25772.wav,7.376
25773.wav,3.526
25774.wav,5.855
25775.wav,1.882
25776.wav,6.123
25777.wav,3.282
25778.wav,4.143
25779.wav,3.588
2578.wav,2.674
25780.wav,2.167
25781.wav,1.098
25782.wav,2.815
25783.wav,2.117
25784.wav,1.651
25785.wav,2.15
25786.wav,6.29
25787.wav,2.477
25788.wav,2.122
25789.wav,3.11
2579.wav,4.485
25790.wav,2.62
25791.wav,4.673
25792.wav,7.083
25793.wav,0.716
25794.wav,1.882
25795.wav,2.468
25796.wav,0.873
25797.wav,2.298
25798.wav,2.82
25799.wav,7.499
258.wav,2.557
2580.wav,11.705
25800.wav,1.932
25801.wav,5.449
25802.wav,1.907
25803.wav,5.837
25804.wav,8.419
25805.wav,0.863
25806.wav,14.199
25807.wav,5.512
25808.wav,3.815
25809.wav,2.071
2581.wav,3.763
25810.wav,6.542
25811.wav,2.501
25812.wav,6.73
25813.wav,4.473
25814.wav,1.875
25815.wav,7.428
25816.wav,6.826
25817.wav,6.249
25818.wav,4.797
25819.wav,4.838
2582.wav,1.029
25820.wav,3.88
25821.wav,1.483
25822.wav,0.766
25823.wav,0.822
25824.wav,3.342
25825.wav,3.146
25826.wav,3.969
25827.wav,3.287
25828.wav,1.707
25829.wav,5.918
2583.wav,6.925
25830.wav,3.952
25831.wav,1.804
25832.wav,6.104
25833.wav,0.709
25834.wav,2.71
25835.wav,18.799
25836.wav,6.811
25837.wav,2.226
25838.wav,1.689
25839.wav,1.158
2584.wav,10.965
25840.wav,1.659
25841.wav,8.083
25842.wav,6.67
25843.wav,7.295
25844.wav,1.86
25845.wav,1.312
25846.wav,1.851
25847.wav,2.568
25848.wav,3.444
25849.wav,5.464
2585.wav,5.265
25850.wav,2.786
25851.wav,2.283
25852.wav,10.597
25853.wav,1.731
25854.wav,4.072
25855.wav,1.829
25856.wav,10.917
25857.wav,1.35
25858.wav,3.071
25859.wav,1.918
2586.wav,13.061
25860.wav,2.921
25861.wav,5.602
25862.wav,6.218
25863.wav,4.273
25864.wav,1.612
25865.wav,4.587
25866.wav,3.022
25867.wav,2.885
25868.wav,2.429
25869.wav,2.415
2587.wav,2.121
25870.wav,0.739
25871.wav,2.535
25872.wav,4.475
25873.wav,2.566
25874.wav,3.506
25875.wav,3.504
25876.wav,5.694
25877.wav,1.805
25878.wav,6.465
25879.wav,4.819
2588.wav,3.928
25880.wav,1.605
25881.wav,1.039
25882.wav,2.049
25883.wav,3.747
25884.wav,2.911
25885.wav,2.519
25886.wav,4.957
25887.wav,0.878
25888.wav,7.702
25889.wav,1.438
2589.wav,0.766
25890.wav,5.02
25891.wav,1.683
25892.wav,2.3
25893.wav,4.786
25894.wav,2.113
25895.wav,2.304
25896.wav,6.765
25897.wav,2.825
25898.wav,16.115
25899.wav,7.245
259.wav,2.173
2590.wav,2.187
25900.wav,1.44
25901.wav,7.222
25902.wav,1.561
25903.wav,4.608
25904.wav,4.869
25905.wav,7.356
25906.wav,7.981
25907.wav,5.261
25908.wav,2.671
25909.wav,1.486
2591.wav,1.675
25910.wav,6.133
25911.wav,3.022
25912.wav,17.846
25913.wav,2.063
25914.wav,3.538
25915.wav,3.005
25916.wav,7.599
25917.wav,1.135
25918.wav,1.525
25919.wav,2.839
2592.wav,4.745
25920.wav,10.082
25921.wav,6.493
25922.wav,2.459
25923.wav,2.265
25924.wav,17.937
25925.wav,2.608
25926.wav,2.736
25927.wav,10.981
25928.wav,8.37
25929.wav,1.004
2593.wav,6.764
25930.wav,1.335
25931.wav,3.035
25932.wav,3.351
25933.wav,8.188
25934.wav,1.753
25935.wav,2.253
25936.wav,1.03
25937.wav,3.048
25938.wav,12.027
25939.wav,17.783
2594.wav,2.088
25940.wav,2.298
25941.wav,10.794
25942.wav,14.052
25943.wav,4.565
25944.wav,1.429
25945.wav,1.26
25946.wav,3.422
25947.wav,4.213
25948.wav,2.17
25949.wav,6.44
2595.wav,1.707
25950.wav,8.987
25951.wav,7.003
25952.wav,3.082
25953.wav,4.276
25954.wav,6.024
25955.wav,2.397
25956.wav,1.915
25957.wav,5.292
25958.wav,2.374
25959.wav,6.677
2596.wav,2.424
25960.wav,14.494
25961.wav,4.325
25962.wav,1.272
25963.wav,6.722
25964.wav,14.803
25965.wav,3.581
25966.wav,5.441
25967.wav,3.23
25968.wav,10.613
25969.wav,5.466
2597.wav,2.178
25970.wav,13.909
25971.wav,12.642
25972.wav,1.577
25973.wav,5.6
25974.wav,2.851
25975.wav,11.012
25976.wav,1.511
25977.wav,1.34
25978.wav,1.175
25979.wav,1.751
2598.wav,3.235
25980.wav,10.1
25981.wav,6.563
25982.wav,4.841
25983.wav,1.992
25984.wav,4.131
25985.wav,6.017
25986.wav,1.929
25987.wav,2.788
25988.wav,5.887
25989.wav,1.451
2599.wav,4.145
25990.wav,1.068
25991.wav,3.552
25992.wav,11.695
25993.wav,5.159
25994.wav,5.049
25995.wav,1.227
25996.wav,0.92
25997.wav,3.862
25998.wav,3.691
25999.wav,6.283
26.wav,3.386
260.wav,3.852
2600.wav,2.091
26000.wav,2.692
26001.wav,2.281
26002.wav,3.558
26003.wav,18.055
26004.wav,4.225
26005.wav,2.499
26006.wav,0.968
26007.wav,2.579
26008.wav,2.053
26009.wav,2.522
2601.wav,5.73
26010.wav,10.213
26011.wav,2.027
26012.wav,0.633
26013.wav,1.723
26014.wav,2.478
26015.wav,6.574
26016.wav,5.301
26017.wav,2.495
26018.wav,7.216
26019.wav,3.109
2602.wav,2.345
26020.wav,1.746
26021.wav,2.353
26022.wav,1.883
26023.wav,3.058
26024.wav,3.116
26025.wav,8.809
26026.wav,4.887
26027.wav,2.238
26028.wav,2.287
26029.wav,1.653
2603.wav,5.062
26030.wav,3.009
26031.wav,1.855
26032.wav,0.841
26033.wav,4.816
26034.wav,7.856
26035.wav,3.653
26036.wav,3.584
26037.wav,2.208
26038.wav,6.289
26039.wav,4.04
2604.wav,3.233
26040.wav,4.708
26041.wav,2.213
26042.wav,5.274
26043.wav,1.138
26044.wav,6.862
26045.wav,3.561
26046.wav,1.952
26047.wav,2.64
26048.wav,1.731
26049.wav,2.302
2605.wav,2.287
26050.wav,8.683
26051.wav,3.463
26052.wav,2.126
26053.wav,3.166
26054.wav,1.715
26055.wav,2.535
26056.wav,1.801
26057.wav,1.25
26058.wav,2.495
26059.wav,6.365
2606.wav,2.907
26060.wav,3.884
26061.wav,1.992
26062.wav,2.597
26063.wav,1.935
26064.wav,4.127
26065.wav,3.419
26066.wav,5.195
26067.wav,3.602
26068.wav,2.004
26069.wav,1.717
2607.wav,4.691
26070.wav,7.332
26071.wav,2.419
26072.wav,1.97
26073.wav,0.77
26074.wav,2.31
26075.wav,4.407
26076.wav,4.749
26077.wav,3.51
26078.wav,2.154
26079.wav,6.174
2608.wav,5.286
26080.wav,3.033
26081.wav,4.237
26082.wav,13.227
26083.wav,4.129
26084.wav,3.452
26085.wav,1.483
26086.wav,2.449
26087.wav,1.647
26088.wav,2.953
26089.wav,5.1
2609.wav,1.825
26090.wav,11.391
26091.wav,10.938
26092.wav,17.49
26093.wav,4.238
26094.wav,10.447
26095.wav,6.8
26096.wav,1.287
26097.wav,3.79
26098.wav,3.175
26099.wav,6.101
261.wav,2.339
2610.wav,3.73
26100.wav,1.591
26101.wav,3.398
26102.wav,4.368
26103.wav,1.618
26104.wav,8.295
26105.wav,2.244
26106.wav,3.941
26107.wav,3.224
26108.wav,2.256
26109.wav,1.555
2611.wav,3.166
26110.wav,5.058
26111.wav,2.796
26112.wav,1.883
26113.wav,5.319
26114.wav,6.158
26115.wav,5.027
26116.wav,3.772
26117.wav,2.886
26118.wav,18.667
26119.wav,2.914
2612.wav,2.139
26120.wav,5.05
26121.wav,6.498
26122.wav,4.551
26123.wav,1.357
26124.wav,2.899
26125.wav,1.319
26126.wav,6.278
26127.wav,3.318
26128.wav,1.419
26129.wav,3.523
2613.wav,4.319
26130.wav,2.031
26131.wav,4.44
26132.wav,3.133
26133.wav,8.156
26134.wav,3.854
26135.wav,3.179
26136.wav,5.551
26137.wav,5.487
26138.wav,1.718
26139.wav,2.429
2614.wav,3.531
26140.wav,3.281
26141.wav,5.652
26142.wav,3.281
26143.wav,14.863
26144.wav,2.023
26145.wav,4.851
26146.wav,13.796
26147.wav,3.754
26148.wav,3.789
26149.wav,1.137
2615.wav,1.742
26150.wav,3.585
26151.wav,6.352
26152.wav,3.506
26153.wav,2.622
26154.wav,2.354
26155.wav,1.33
26156.wav,3.142
26157.wav,1.756
26158.wav,2.166
26159.wav,1.052
2616.wav,1.68
26160.wav,6.318
26161.wav,2.717
26162.wav,4.217
26163.wav,4.338
26164.wav,3.872
26165.wav,2.711
26166.wav,2.99
26167.wav,3.485
26168.wav,3.03
26169.wav,2.5
2617.wav,9.413
26170.wav,1.721
26171.wav,4.694
26172.wav,3.317
26173.wav,3.635
26174.wav,3.188
26175.wav,5.47
26176.wav,1.164
26177.wav,2.532
26178.wav,1.936
26179.wav,4.962
2618.wav,5.52
26180.wav,10.883
26181.wav,5.844
26182.wav,6.449
26183.wav,16.608
26184.wav,2.482
26185.wav,3.647
26186.wav,3.023
26187.wav,0.965
26188.wav,2.595
26189.wav,5.688
2619.wav,6.252
26190.wav,12.947
26191.wav,8.583
26192.wav,1.595
26193.wav,2.015
26194.wav,2.13
26195.wav,4.757
26196.wav,2.591
26197.wav,1.821
26198.wav,3.045
26199.wav,4.483
262.wav,1.72
2620.wav,12.051
26200.wav,3.518
26201.wav,3.473
26202.wav,5.897
26203.wav,4.508
26204.wav,2.699
26205.wav,4.973
26206.wav,2.318
26207.wav,1.76
26208.wav,4.475
26209.wav,1.756
2621.wav,8.802
26210.wav,6.222
26211.wav,10.122
26212.wav,3.336
26213.wav,9.222
26214.wav,7.611
26215.wav,3.284
26216.wav,5.441
26217.wav,4.644
26218.wav,1.173
26219.wav,4.185
2622.wav,4.781
26220.wav,2.245
26221.wav,4.071
26222.wav,1.535
26223.wav,5.639
26224.wav,2.108
26225.wav,2.428
26226.wav,5.347
26227.wav,1.073
26228.wav,7.39
26229.wav,1.411
2623.wav,5.484
26230.wav,2.474
26231.wav,3.296
26232.wav,6.488
26233.wav,7.36
26234.wav,2.611
26235.wav,2.19
26236.wav,3.505
26237.wav,4.827
26238.wav,1.752
26239.wav,6.129
2624.wav,13.32
26240.wav,0.936
26241.wav,2.221
26242.wav,2.708
26243.wav,6.009
26244.wav,2.228
26245.wav,7.213
26246.wav,1.595
26247.wav,9.868
26248.wav,2.072
26249.wav,7.101
2625.wav,3.551
26250.wav,1.564
26251.wav,3.71
26252.wav,0.824
26253.wav,2.544
26254.wav,1.516
26255.wav,1.485
26256.wav,1.799
26257.wav,3.222
26258.wav,1.463
26259.wav,7.603
2626.wav,1.676
26260.wav,2.279
26261.wav,4.529
26262.wav,4.923
26263.wav,3.84
26264.wav,4.455
26265.wav,2.848
26266.wav,4.938
26267.wav,6.637
26268.wav,8.64
26269.wav,6.625
2627.wav,0.7
26270.wav,3.027
26271.wav,2.756
26272.wav,2.071
26273.wav,6.932
26274.wav,3.241
26275.wav,2.879
26276.wav,1.826
26277.wav,2.988
26278.wav,3.12
26279.wav,2.95
2628.wav,4.932
26280.wav,2.612
26281.wav,2.84
26282.wav,1.752
26283.wav,5.82
26284.wav,6.711
26285.wav,7.383
26286.wav,12.629
26287.wav,2.704
26288.wav,2.547
26289.wav,7.828
2629.wav,6.425
26290.wav,3.178
26291.wav,11.478
26292.wav,1.439
26293.wav,2.353
26294.wav,2.679
26295.wav,4.284
26296.wav,8.685
26297.wav,12.882
26298.wav,1.857
26299.wav,11.734
263.wav,7.373
2630.wav,9.357
26300.wav,6.748
26301.wav,3.652
26302.wav,2.276
26303.wav,2.276
26304.wav,3.011
26305.wav,4.934
26306.wav,4.665
26307.wav,3.521
26308.wav,7.639
26309.wav,7.479
2631.wav,2.625
26310.wav,3.43
26311.wav,1.734
26312.wav,1.296
26313.wav,4.498
26314.wav,6.548
26315.wav,3.764
26316.wav,5.583
26317.wav,4.652
26318.wav,3.085
26319.wav,2.337
2632.wav,3.848
26320.wav,4.018
26321.wav,7.634
26322.wav,2.199
26323.wav,2.738
26324.wav,2.941
26325.wav,3.904
26326.wav,1.648
26327.wav,3.405
26328.wav,4.304
26329.wav,1.027
2633.wav,2.663
26330.wav,2.699
26331.wav,4.791
26332.wav,3.958
26333.wav,2.358
26334.wav,3.991
26335.wav,2.218
26336.wav,5.847
26337.wav,3.317
26338.wav,3.636
26339.wav,3.027
2634.wav,2.552
26340.wav,3.982
26341.wav,9.462
26342.wav,2.257
26343.wav,7.214
26344.wav,2.594
26345.wav,1.297
26346.wav,4.818
26347.wav,1.974
26348.wav,1.375
26349.wav,3.281
2635.wav,1.945
26350.wav,3.839
26351.wav,3.842
26352.wav,13.887
26353.wav,0.845
26354.wav,5.072
26355.wav,1.91
26356.wav,1.879
26357.wav,4.006
26358.wav,2.381
26359.wav,2.435
2636.wav,10.581
26360.wav,0.998
26361.wav,8.763
26362.wav,3.298
26363.wav,2.652
26364.wav,19.734
26365.wav,5.256
26366.wav,3.199
26367.wav,2.608
26368.wav,5.945
26369.wav,3.935
2637.wav,19.833
26370.wav,1.455
26371.wav,1.792
26372.wav,2.515
26373.wav,0.869
26374.wav,7.291
26375.wav,9.695
26376.wav,5.127
26377.wav,4.821
26378.wav,2.87
26379.wav,2.084
2638.wav,1.869
26380.wav,5.963
26381.wav,4.045
26382.wav,2.684
26383.wav,5.15
26384.wav,4.675
26385.wav,2.314
26386.wav,3.369
26387.wav,2.332
26388.wav,6.536
26389.wav,2.677
2639.wav,7.135
26390.wav,3.998
26391.wav,3.016
26392.wav,2.548
26393.wav,1.602
26394.wav,2.388
26395.wav,6.543
26396.wav,2.385
26397.wav,3.318
26398.wav,9.783
26399.wav,3.229
264.wav,19.616
2640.wav,2.781
26400.wav,2.342
26401.wav,2.61
26402.wav,2.304
26403.wav,2.289
26404.wav,4.075
26405.wav,7.205
26406.wav,6.642
26407.wav,3.926
26408.wav,1.917
26409.wav,6.556
2641.wav,10.165
26410.wav,2.203
26411.wav,1.756
26412.wav,8.354
26413.wav,2.364
26414.wav,3.041
26415.wav,3.181
26416.wav,1.751
26417.wav,3.706
26418.wav,1.801
26419.wav,4.592
2642.wav,1.813
26420.wav,1.887
26421.wav,1.916
26422.wav,1.225
26423.wav,11.044
26424.wav,3.459
26425.wav,4.274
26426.wav,4.07
26427.wav,5.346
26428.wav,4.328
26429.wav,6.87
2643.wav,2.722
26430.wav,3.63
26431.wav,4.651
26432.wav,6.619
26433.wav,3.417
26434.wav,3.32
26435.wav,3.384
26436.wav,20.368
26437.wav,3.904
26438.wav,6.477
26439.wav,4.122
2644.wav,4.047
26440.wav,5.705
26441.wav,2.447
26442.wav,1.426
26443.wav,1.995
26444.wav,2.648
26445.wav,5.048
26446.wav,3.244
26447.wav,1.019
26448.wav,2.498
26449.wav,2.488
2645.wav,8.481
26450.wav,4.677
26451.wav,8.387
26452.wav,3.107
26453.wav,4.651
26454.wav,1.59
26455.wav,2.363
26456.wav,4.689
26457.wav,1.656
26458.wav,10.82
26459.wav,8.226
2646.wav,6.049
26460.wav,3.179
26461.wav,1.219
26462.wav,2.286
26463.wav,6.269
26464.wav,1.096
26465.wav,1.736
26466.wav,1.841
26467.wav,4.021
26468.wav,3.386
26469.wav,2.063
2647.wav,5.148
26470.wav,1.59
26471.wav,1.287
26472.wav,2.325
26473.wav,11.393
26474.wav,4.443
26475.wav,3.698
26476.wav,2.017
26477.wav,3.579
26478.wav,1.439
26479.wav,6.081
2648.wav,5.545
26480.wav,2.531
26481.wav,1.928
26482.wav,1.016
26483.wav,5.475
26484.wav,13.941
26485.wav,3.215
26486.wav,5.553
26487.wav,4.468
26488.wav,2.33
26489.wav,3.979
2649.wav,3.268
26490.wav,1.069
26491.wav,6.23
26492.wav,2.2
26493.wav,1.682
26494.wav,2.858
26495.wav,1.517
26496.wav,6.804
26497.wav,2.548
26498.wav,4.249
26499.wav,2.537
265.wav,5.971
2650.wav,5.433
26500.wav,10.89
26501.wav,1.336
26502.wav,1.658
26503.wav,2.03
26504.wav,2.172
26505.wav,5.646
26506.wav,3.528
26507.wav,5.908
26508.wav,2.825
26509.wav,7.642
2651.wav,2.402
26510.wav,1.842
26511.wav,1.881
26512.wav,6.194
26513.wav,9.636
26514.wav,1.646
26515.wav,4.858
26516.wav,1.888
26517.wav,3.383
26518.wav,2.031
26519.wav,1.996
2652.wav,1.773
26520.wav,5.749
26521.wav,3.325
26522.wav,2.737
26523.wav,11.321
26524.wav,2.975
26525.wav,2.707
26526.wav,5.847
26527.wav,1.948
26528.wav,7.254
26529.wav,5.32
2653.wav,4.882
26530.wav,2.571
26531.wav,3.165
26532.wav,5.576
26533.wav,5.366
26534.wav,3.883
26535.wav,2.089
26536.wav,1.943
26537.wav,5.143
26538.wav,5.723
26539.wav,10.238
2654.wav,1.154
26540.wav,2.118
26541.wav,2.385
26542.wav,1.876
26543.wav,2.884
26544.wav,2.676
26545.wav,2.503
26546.wav,6.385
26547.wav,2.014
26548.wav,2.713
26549.wav,3.828
2655.wav,6.222
26550.wav,3.739
26551.wav,15.863
26552.wav,2.978
26553.wav,1.659
26554.wav,3.137
26555.wav,5.386
26556.wav,9.389
26557.wav,2.926
26558.wav,3.304
26559.wav,1.077
2656.wav,2.385
26560.wav,6.639
26561.wav,3.045
26562.wav,3.333
26563.wav,4.789
26564.wav,3.834
26565.wav,8.18
26566.wav,4.735
26567.wav,6.09
26568.wav,1.622
26569.wav,5.135
2657.wav,7.488
26570.wav,2.685
26571.wav,1.124
26572.wav,5.464
26573.wav,2.146
26574.wav,3.511
26575.wav,4.14
26576.wav,11.015
26577.wav,4.441
26578.wav,8.76
26579.wav,1.712
2658.wav,5.019
26580.wav,3.195
26581.wav,2.02
26582.wav,1.102
26583.wav,2.931
26584.wav,5.279
26585.wav,1.569
26586.wav,1.287
26587.wav,2.579
26588.wav,6.523
26589.wav,0.782
2659.wav,2.134
26590.wav,3.503
26591.wav,1.275
26592.wav,10.69
26593.wav,2.792
26594.wav,2.159
26595.wav,3.653
26596.wav,3.751
26597.wav,5.001
26598.wav,3.803
26599.wav,1.108
266.wav,3.96
2660.wav,3.717
26600.wav,1.972
26601.wav,1.058
26602.wav,3.535
26603.wav,1.789
26604.wav,6.584
26605.wav,8.003
26606.wav,2.235
26607.wav,2.223
26608.wav,2.583
26609.wav,4.756
2661.wav,2.063
26610.wav,5.428
26611.wav,2.261
26612.wav,1.61
26613.wav,8.461
26614.wav,0.706
26615.wav,3.644
26616.wav,4.087
26617.wav,5.134
26618.wav,3.653
26619.wav,5.052
2662.wav,4.464
26620.wav,0.773
26621.wav,1.106
26622.wav,1.225
26623.wav,1.876
26624.wav,4.316
26625.wav,4.354
26626.wav,3.906
26627.wav,2.644
26628.wav,2.604
26629.wav,2.25
2663.wav,6.979
26630.wav,5.036
26631.wav,5.102
26632.wav,1.5
26633.wav,2.339
26634.wav,5.622
26635.wav,2.869
26636.wav,4.1
26637.wav,1.53
26638.wav,2.714
26639.wav,2.772
2664.wav,1.205
26640.wav,2.96
26641.wav,6.428
26642.wav,4.072
26643.wav,2.237
26644.wav,2.325
26645.wav,5.185
26646.wav,2.025
26647.wav,3.767
26648.wav,2.353
26649.wav,2.18
2665.wav,6.533
26650.wav,5.659
26651.wav,8.842
26652.wav,12.032
26653.wav,4.129
26654.wav,2.272
26655.wav,2.149
26656.wav,2.28
26657.wav,5.219
26658.wav,5.213
26659.wav,3.349
2666.wav,1.06
26660.wav,9.076
26661.wav,1.835
26662.wav,9.225
26663.wav,2.37
26664.wav,2.066
26665.wav,16.826
26666.wav,10.33
26667.wav,5.301
26668.wav,3.248
26669.wav,1.651
2667.wav,1.916
26670.wav,7.861
26671.wav,1.172
26672.wav,1.884
26673.wav,6.939
26674.wav,7.273
26675.wav,2.226
26676.wav,2.039
26677.wav,1.624
26678.wav,1.98
26679.wav,6.151
2668.wav,1.425
26680.wav,4.944
26681.wav,3.515
26682.wav,3.715
26683.wav,5.308
26684.wav,6.879
26685.wav,4.043
26686.wav,5.478
26687.wav,1.561
26688.wav,3.116
26689.wav,4.612
2669.wav,2.79
26690.wav,2.496
26691.wav,4.676
26692.wav,3.228
26693.wav,5.578
26694.wav,7.211
26695.wav,2.702
26696.wav,1.729
26697.wav,1.596
26698.wav,5.624
26699.wav,3.544
267.wav,2.735
2670.wav,2.545
26700.wav,1.686
26701.wav,3.789
26702.wav,12.908
26703.wav,1.653
26704.wav,3.262
26705.wav,6.094
26706.wav,5.434
26707.wav,6.173
26708.wav,1.706
26709.wav,8.268
2671.wav,1.523
26710.wav,1.639
26711.wav,2.115
26712.wav,1.482
26713.wav,1.681
26714.wav,5.162
26715.wav,23.367
26716.wav,2.833
26717.wav,3.512
26718.wav,6.887
26719.wav,2.032
2672.wav,3.174
26720.wav,2.474
26721.wav,5.174
26722.wav,3.248
26723.wav,2.964
26724.wav,1.964
26725.wav,3.522
26726.wav,1.429
26727.wav,2.895
26728.wav,1.599
26729.wav,1.025
2673.wav,1.19
26730.wav,2.048
26731.wav,1.913
26732.wav,5.005
26733.wav,2.188
26734.wav,5.195
26735.wav,3.894
26736.wav,1.865
26737.wav,4.696
26738.wav,3.098
26739.wav,1.618
2674.wav,3.852
26740.wav,4.423
26741.wav,4.748
26742.wav,3.094
26743.wav,2.503
26744.wav,1.842
26745.wav,2.495
26746.wav,3.361
26747.wav,14.214
26748.wav,2.309
26749.wav,3.315
2675.wav,2.003
26750.wav,2.32
26751.wav,2.052
26752.wav,3.193
26753.wav,3.518
26754.wav,1.406
26755.wav,2.471
26756.wav,8.574
26757.wav,1.813
26758.wav,4.621
26759.wav,1.164
2676.wav,5.96
26760.wav,5.522
26761.wav,3.342
26762.wav,3.378
26763.wav,1.442
26764.wav,2.435
26765.wav,4.449
26766.wav,4.648
26767.wav,2.724
26768.wav,5.35
26769.wav,6.637
2677.wav,3.128
26770.wav,1.075
26771.wav,4.382
26772.wav,1.161
26773.wav,3.795
26774.wav,4.078
26775.wav,9.123
26776.wav,6.516
26777.wav,5.279
26778.wav,7.812
26779.wav,8.602
2678.wav,2.0
26780.wav,2.396
26781.wav,3.804
26782.wav,2.448
26783.wav,3.581
26784.wav,2.585
26785.wav,4.384
26786.wav,3.575
26787.wav,2.758
26788.wav,3.302
26789.wav,5.466
2679.wav,3.681
26790.wav,3.356
26791.wav,3.104
26792.wav,3.291
26793.wav,4.37
26794.wav,2.852
26795.wav,1.049
26796.wav,1.411
26797.wav,1.543
26798.wav,2.022
26799.wav,1.53
268.wav,1.985
2680.wav,4.752
26800.wav,1.241
26801.wav,6.403
26802.wav,1.475
26803.wav,3.843
26804.wav,2.379
26805.wav,3.315
26806.wav,2.228
26807.wav,1.245
26808.wav,2.699
26809.wav,2.659
2681.wav,3.676
26810.wav,5.929
26811.wav,2.661
26812.wav,2.125
26813.wav,4.365
26814.wav,3.447
26815.wav,3.043
26816.wav,4.595
26817.wav,1.384
26818.wav,13.076
26819.wav,3.61
2682.wav,8.48
26820.wav,6.979
26821.wav,3.608
26822.wav,23.883
26823.wav,1.37
26824.wav,1.972
26825.wav,8.614
26826.wav,18.579
26827.wav,4.722
26828.wav,0.949
26829.wav,2.245
2683.wav,18.944
26830.wav,1.821
26831.wav,4.084
26832.wav,2.879
26833.wav,1.963
26834.wav,4.107
26835.wav,22.092
26836.wav,2.241
26837.wav,4.611
26838.wav,2.3
26839.wav,19.085
2684.wav,2.136
26840.wav,0.916
26841.wav,6.276
26842.wav,5.363
26843.wav,6.86
26844.wav,1.782
26845.wav,6.15
26846.wav,7.21
26847.wav,2.589
26848.wav,3.566
26849.wav,5.044
2685.wav,2.669
26850.wav,5.038
26851.wav,1.111
26852.wav,11.71
26853.wav,3.224
26854.wav,1.63
26855.wav,2.79
26856.wav,1.184
26857.wav,0.937
26858.wav,7.411
26859.wav,1.746
2686.wav,1.556
26860.wav,1.469
26861.wav,4.459
26862.wav,2.249
26863.wav,4.493
26864.wav,4.571
26865.wav,5.345
26866.wav,20.353
26867.wav,5.007
26868.wav,5.531
26869.wav,4.181
2687.wav,7.045
26870.wav,1.298
26871.wav,8.242
26872.wav,2.13
26873.wav,2.778
26874.wav,2.112
26875.wav,2.994
26876.wav,8.48
26877.wav,2.146
26878.wav,2.945
26879.wav,16.777
2688.wav,9.054
26880.wav,11.349
26881.wav,4.009
26882.wav,1.953
26883.wav,3.738
26884.wav,5.802
26885.wav,14.911
26886.wav,3.112
26887.wav,6.502
26888.wav,7.315
26889.wav,5.665
2689.wav,1.331
26890.wav,3.489
26891.wav,1.036
26892.wav,8.433
26893.wav,4.637
26894.wav,6.857
26895.wav,3.619
26896.wav,1.367
26897.wav,4.107
26898.wav,15.153
26899.wav,1.706
269.wav,4.621
2690.wav,4.6
26900.wav,1.77
26901.wav,3.279
26902.wav,4.729
26903.wav,9.988
26904.wav,2.071
26905.wav,1.746
26906.wav,3.204
26907.wav,14.715
26908.wav,1.633
26909.wav,3.14
2691.wav,1.736
26910.wav,3.0
26911.wav,3.524
26912.wav,3.909
26913.wav,3.017
26914.wav,2.95
26915.wav,4.36
26916.wav,2.613
26917.wav,2.743
26918.wav,1.2
26919.wav,1.701
2692.wav,2.634
26920.wav,4.924
26921.wav,5.158
26922.wav,2.141
26923.wav,2.469
26924.wav,2.004
26925.wav,1.058
26926.wav,2.713
26927.wav,2.987
26928.wav,2.361
26929.wav,4.391
2693.wav,10.338
26930.wav,8.199
26931.wav,1.156
26932.wav,1.585
26933.wav,6.797
26934.wav,2.81
26935.wav,20.097
26936.wav,3.422
26937.wav,2.668
26938.wav,2.225
26939.wav,2.754
2694.wav,10.563
26940.wav,7.029
26941.wav,3.104
26942.wav,15.238
26943.wav,2.164
26944.wav,4.584
26945.wav,4.448
26946.wav,3.291
26947.wav,5.61
26948.wav,2.002
26949.wav,10.627
2695.wav,5.283
26950.wav,1.45
26951.wav,3.399
26952.wav,3.298
26953.wav,4.748
26954.wav,2.441
26955.wav,3.111
26956.wav,2.112
26957.wav,2.616
26958.wav,5.238
26959.wav,7.46
2696.wav,2.811
26960.wav,1.11
26961.wav,2.188
26962.wav,8.418
26963.wav,12.852
26964.wav,1.323
26965.wav,1.291
26966.wav,1.644
26967.wav,1.171
26968.wav,1.725
26969.wav,8.302
2697.wav,6.249
26970.wav,1.586
26971.wav,1.294
26972.wav,3.261
26973.wav,16.656
26974.wav,6.225
26975.wav,3.176
26976.wav,1.571
26977.wav,2.567
26978.wav,2.329
26979.wav,3.772
2698.wav,7.677
26980.wav,15.626
26981.wav,1.96
26982.wav,5.603
26983.wav,2.577
26984.wav,8.382
26985.wav,1.164
26986.wav,1.538
26987.wav,6.741
26988.wav,2.266
26989.wav,1.55
2699.wav,1.921
26990.wav,10.706
26991.wav,1.29
26992.wav,4.943
26993.wav,2.689
26994.wav,2.465
26995.wav,1.884
26996.wav,2.667
26997.wav,2.054
26998.wav,2.347
26999.wav,2.351
27.wav,2.009
270.wav,5.405
2700.wav,2.981
27000.wav,2.425
27001.wav,2.313
27002.wav,2.885
27003.wav,4.874
27004.wav,1.672
27005.wav,1.83
27006.wav,2.402
27007.wav,9.544
27008.wav,6.847
27009.wav,3.127
2701.wav,9.89
27010.wav,2.233
27011.wav,2.426
27012.wav,7.067
27013.wav,4.695
27014.wav,5.461
27015.wav,3.578
27016.wav,1.459
27017.wav,3.821
27018.wav,3.408
27019.wav,1.605
2702.wav,1.972
27020.wav,1.936
27021.wav,1.889
27022.wav,3.455
27023.wav,3.9
27024.wav,14.538
27025.wav,5.827
27026.wav,5.899
27027.wav,0.816
27028.wav,0.987
27029.wav,2.855
2703.wav,2.196
27030.wav,8.816
27031.wav,2.242
27032.wav,3.389
27033.wav,2.039
27034.wav,10.766
27035.wav,1.202
27036.wav,3.966
27037.wav,1.638
27038.wav,6.862
27039.wav,2.99
2704.wav,2.018
27040.wav,8.055
27041.wav,8.126
27042.wav,5.154
27043.wav,5.02
27044.wav,4.267
27045.wav,4.612
27046.wav,1.515
27047.wav,7.916
27048.wav,2.696
27049.wav,2.21
2705.wav,1.463
27050.wav,2.718
27051.wav,8.744
27052.wav,4.357
27053.wav,4.826
27054.wav,11.559
27055.wav,0.802
27056.wav,18.372
27057.wav,4.433
27058.wav,1.254
27059.wav,2.469
2706.wav,2.701
27060.wav,5.591
27061.wav,4.501
27062.wav,3.234
27063.wav,4.23
27064.wav,1.999
27065.wav,6.186
27066.wav,2.221
27067.wav,5.728
27068.wav,3.322
27069.wav,4.124
2707.wav,2.988
27070.wav,4.551
27071.wav,3.421
27072.wav,2.261
27073.wav,5.264
27074.wav,6.778
27075.wav,5.785
27076.wav,1.891
27077.wav,1.967
27078.wav,2.362
27079.wav,7.865
2708.wav,1.296
27080.wav,2.048
27081.wav,3.595
27082.wav,3.924
27083.wav,3.154
27084.wav,4.572
27085.wav,2.944
27086.wav,3.221
27087.wav,2.891
27088.wav,2.082
27089.wav,10.779
2709.wav,13.02
27090.wav,3.875
27091.wav,3.563
27092.wav,1.582
27093.wav,2.454
27094.wav,7.288
27095.wav,6.7
27096.wav,1.528
27097.wav,8.593
27098.wav,19.509
27099.wav,3.656
271.wav,3.392
2710.wav,3.528
27100.wav,3.848
27101.wav,4.039
27102.wav,2.974
27103.wav,1.73
27104.wav,1.617
27105.wav,6.526
27106.wav,2.743
27107.wav,2.72
27108.wav,6.19
27109.wav,6.446
2711.wav,0.738
27110.wav,4.328
27111.wav,3.401
27112.wav,2.645
27113.wav,2.749
27114.wav,6.803
27115.wav,1.011
27116.wav,6.116
27117.wav,6.7
27118.wav,3.718
27119.wav,1.59
2712.wav,1.687
27120.wav,1.292
27121.wav,2.858
27122.wav,3.384
27123.wav,2.686
27124.wav,3.064
27125.wav,2.019
27126.wav,0.72
27127.wav,1.953
27128.wav,7.308
27129.wav,5.185
2713.wav,2.127
27130.wav,5.949
27131.wav,2.591
27132.wav,2.458
27133.wav,8.012
27134.wav,1.151
27135.wav,6.646
27136.wav,2.945
27137.wav,2.972
27138.wav,6.347
27139.wav,1.834
2714.wav,4.633
27140.wav,10.994
27141.wav,6.291
27142.wav,1.329
27143.wav,1.429
27144.wav,5.57
27145.wav,13.706
27146.wav,1.742
27147.wav,3.416
27148.wav,6.629
27149.wav,3.691
2715.wav,4.629
27150.wav,3.429
27151.wav,1.541
27152.wav,2.332
27153.wav,4.043
27154.wav,6.911
27155.wav,2.164
27156.wav,3.338
27157.wav,1.593
27158.wav,3.613
27159.wav,4.84
2716.wav,1.039
27160.wav,3.707
27161.wav,1.758
27162.wav,4.249
27163.wav,1.664
27164.wav,3.258
27165.wav,0.763
27166.wav,6.632
27167.wav,10.891
27168.wav,3.026
27169.wav,4.221
2717.wav,1.23
27170.wav,9.469
27171.wav,2.462
27172.wav,2.027
27173.wav,6.789
27174.wav,0.754
27175.wav,6.646
27176.wav,5.039
27177.wav,2.375
27178.wav,1.561
27179.wav,2.763
2718.wav,3.657
27180.wav,10.127
27181.wav,4.435
27182.wav,7.987
27183.wav,1.44
27184.wav,3.214
27185.wav,5.408
27186.wav,1.886
27187.wav,6.695
27188.wav,4.116
27189.wav,3.224
2719.wav,6.568
27190.wav,3.681
27191.wav,0.954
27192.wav,1.499
27193.wav,1.681
27194.wav,10.929
27195.wav,2.214
27196.wav,3.175
27197.wav,1.974
27198.wav,5.698
27199.wav,1.97
272.wav,6.473
2720.wav,1.121
27200.wav,6.746
27201.wav,3.058
27202.wav,3.788
27203.wav,3.5
27204.wav,2.909
27205.wav,2.116
27206.wav,3.019
27207.wav,5.892
27208.wav,6.76
27209.wav,3.337
2721.wav,3.85
27210.wav,3.715
27211.wav,2.085
27212.wav,1.087
27213.wav,1.179
27214.wav,1.018
27215.wav,2.429
27216.wav,1.581
27217.wav,4.552
27218.wav,1.902
27219.wav,4.488
2722.wav,4.03
27220.wav,10.024
27221.wav,5.704
27222.wav,5.796
27223.wav,1.588
27224.wav,14.809
27225.wav,1.052
27226.wav,2.828
27227.wav,3.549
27228.wav,4.421
27229.wav,6.683
2723.wav,2.033
27230.wav,2.553
27231.wav,3.524
27232.wav,1.973
27233.wav,3.757
27234.wav,7.929
27235.wav,2.002
27236.wav,4.948
27237.wav,4.723
27238.wav,6.598
27239.wav,6.895
2724.wav,2.914
27240.wav,4.725
27241.wav,4.339
27242.wav,3.13
27243.wav,3.004
27244.wav,2.809
27245.wav,6.019
27246.wav,7.989
27247.wav,3.525
27248.wav,5.118
27249.wav,2.374
2725.wav,1.173
27250.wav,8.812
27251.wav,8.779
27252.wav,2.316
27253.wav,0.701
27254.wav,24.553
27255.wav,6.284
27256.wav,2.098
27257.wav,4.311
27258.wav,1.631
27259.wav,4.187
2726.wav,1.395
27260.wav,3.978
27261.wav,4.153
27262.wav,3.648
27263.wav,3.664
27264.wav,5.061
27265.wav,2.055
27266.wav,3.072
27267.wav,5.231
27268.wav,4.886
27269.wav,6.83
2727.wav,2.57
27270.wav,1.52
27271.wav,2.799
27272.wav,1.423
27273.wav,4.69
27274.wav,5.294
27275.wav,5.273
27276.wav,3.41
27277.wav,4.609
27278.wav,1.657
27279.wav,3.233
2728.wav,2.677
27280.wav,4.676
27281.wav,2.982
27282.wav,3.879
27283.wav,2.432
27284.wav,2.446
27285.wav,4.524
27286.wav,1.046
27287.wav,3.564
27288.wav,2.241
27289.wav,1.556
2729.wav,1.852
27290.wav,5.019
27291.wav,2.934
27292.wav,1.19
27293.wav,3.359
27294.wav,1.995
27295.wav,13.657
27296.wav,5.971
27297.wav,1.225
27298.wav,2.134
27299.wav,4.074
273.wav,6.624
2730.wav,3.189
27300.wav,4.155
27301.wav,1.802
27302.wav,1.096
27303.wav,4.103
27304.wav,3.397
27305.wav,1.256
27306.wav,8.959
27307.wav,1.739
27308.wav,2.483
27309.wav,4.712
2731.wav,6.056
27310.wav,2.419
27311.wav,3.004
27312.wav,0.974
27313.wav,1.669
27314.wav,5.822
27315.wav,3.356
27316.wav,1.816
27317.wav,1.641
27318.wav,4.892
27319.wav,9.542
2732.wav,1.973
27320.wav,5.017
27321.wav,1.429
27322.wav,2.698
27323.wav,1.866
27324.wav,4.061
27325.wav,5.622
27326.wav,2.69
27327.wav,3.899
27328.wav,3.058
27329.wav,4.683
2733.wav,1.79
27330.wav,4.107
27331.wav,2.835
27332.wav,2.183
27333.wav,2.328
27334.wav,5.188
27335.wav,3.856
27336.wav,1.216
27337.wav,1.922
27338.wav,3.649
27339.wav,0.805
2734.wav,3.53
27340.wav,8.566
27341.wav,1.11
27342.wav,2.36
27343.wav,7.004
27344.wav,4.023
27345.wav,1.928
27346.wav,4.987
27347.wav,1.945
27348.wav,1.899
27349.wav,1.156
2735.wav,4.969
27350.wav,16.196
27351.wav,10.38
27352.wav,3.738
27353.wav,1.431
27354.wav,2.849
27355.wav,5.186
27356.wav,2.803
27357.wav,1.246
27358.wav,2.089
27359.wav,2.022
2736.wav,4.526
27360.wav,1.74
27361.wav,1.827
27362.wav,6.135
27363.wav,1.998
27364.wav,4.011
27365.wav,3.004
27366.wav,4.892
27367.wav,4.167
27368.wav,2.396
27369.wav,3.47
2737.wav,13.96
27370.wav,1.687
27371.wav,5.036
27372.wav,4.081
27373.wav,5.125
27374.wav,5.045
27375.wav,4.334
27376.wav,1.38
27377.wav,7.725
27378.wav,6.823
27379.wav,4.426
2738.wav,6.124
27380.wav,3.981
27381.wav,4.372
27382.wav,4.866
27383.wav,1.526
27384.wav,1.571
27385.wav,4.714
27386.wav,4.308
27387.wav,1.276
27388.wav,2.711
27389.wav,4.919
2739.wav,3.099
27390.wav,3.327
27391.wav,4.341
27392.wav,4.151
27393.wav,1.511
27394.wav,2.229
27395.wav,3.306
27396.wav,1.475
27397.wav,1.911
27398.wav,2.631
27399.wav,2.424
274.wav,1.936
2740.wav,6.465
27400.wav,4.432
27401.wav,2.113
27402.wav,2.836
27403.wav,7.729
27404.wav,13.585
27405.wav,3.371
27406.wav,5.05
27407.wav,5.677
27408.wav,3.119
27409.wav,1.207
2741.wav,3.579
27410.wav,2.05
27411.wav,5.311
27412.wav,7.122
27413.wav,4.537
27414.wav,0.943
27415.wav,1.715
27416.wav,4.604
27417.wav,2.415
27418.wav,4.082
27419.wav,12.896
2742.wav,2.669
27420.wav,2.468
27421.wav,1.897
27422.wav,2.104
27423.wav,5.399
27424.wav,6.098
27425.wav,3.379
27426.wav,2.458
27427.wav,5.097
27428.wav,0.992
27429.wav,1.591
2743.wav,4.086
27430.wav,4.368
27431.wav,1.381
27432.wav,3.223
27433.wav,3.187
27434.wav,2.513
27435.wav,2.618
27436.wav,2.017
27437.wav,2.999
27438.wav,0.729
27439.wav,3.185
2744.wav,2.992
27440.wav,1.997
27441.wav,4.313
27442.wav,10.438
27443.wav,2.616
27444.wav,12.364
27445.wav,2.018
27446.wav,3.252
27447.wav,3.101
27448.wav,2.302
27449.wav,3.635
2745.wav,2.684
27450.wav,2.683
27451.wav,2.67
27452.wav,1.847
27453.wav,1.508
27454.wav,2.13
27455.wav,4.002
27456.wav,5.36
27457.wav,3.727
27458.wav,6.518
27459.wav,11.25
2746.wav,7.072
27460.wav,3.193
27461.wav,2.383
27462.wav,3.795
27463.wav,2.131
27464.wav,1.718
27465.wav,6.077
27466.wav,2.857
27467.wav,1.34
27468.wav,0.775
27469.wav,2.397
2747.wav,3.079
27470.wav,4.583
27471.wav,4.227
27472.wav,5.709
27473.wav,3.497
27474.wav,4.188
27475.wav,10.453
27476.wav,1.34
27477.wav,5.699
27478.wav,1.628
27479.wav,5.183
2748.wav,3.655
27480.wav,4.871
27481.wav,2.709
27482.wav,1.154
27483.wav,9.472
27484.wav,3.347
27485.wav,11.342
27486.wav,2.251
27487.wav,1.5
27488.wav,4.627
27489.wav,2.857
2749.wav,3.927
27490.wav,8.15
27491.wav,2.874
27492.wav,4.85
27493.wav,14.195
27494.wav,6.342
27495.wav,3.69
27496.wav,3.984
27497.wav,0.788
27498.wav,9.769
27499.wav,1.876
275.wav,6.68
2750.wav,2.378
27500.wav,23.669
27501.wav,8.139
27502.wav,5.493
27503.wav,1.17
27504.wav,4.803
27505.wav,2.898
27506.wav,11.272
27507.wav,7.539
27508.wav,6.904
27509.wav,17.893
2751.wav,2.201
27510.wav,1.05
27511.wav,1.057
27512.wav,9.896
27513.wav,4.493
27514.wav,3.153
27515.wav,19.847
27516.wav,6.364
27517.wav,3.786
27518.wav,4.684
27519.wav,3.481
2752.wav,4.436
27520.wav,5.989
27521.wav,3.304
27522.wav,8.544
27523.wav,5.92
27524.wav,3.241
27525.wav,2.723
27526.wav,2.289
27527.wav,2.98
27528.wav,8.156
27529.wav,3.028
2753.wav,2.883
27530.wav,6.405
27531.wav,6.899
27532.wav,4.801
27533.wav,3.642
27534.wav,1.606
27535.wav,1.869
27536.wav,2.251
27537.wav,4.214
27538.wav,2.525
27539.wav,3.114
2754.wav,3.329
27540.wav,2.526
27541.wav,8.78
27542.wav,1.924
27543.wav,2.477
27544.wav,5.405
27545.wav,4.629
27546.wav,1.31
27547.wav,12.057
27548.wav,2.999
27549.wav,2.533
2755.wav,3.939
27550.wav,2.187
27551.wav,5.017
27552.wav,2.21
27553.wav,1.817
27554.wav,2.229
27555.wav,1.959
27556.wav,2.707
27557.wav,1.076
27558.wav,1.937
27559.wav,3.051
2756.wav,2.012
27560.wav,1.818
27561.wav,9.62
27562.wav,3.844
27563.wav,6.467
27564.wav,1.906
27565.wav,5.738
27566.wav,1.603
27567.wav,1.773
27568.wav,5.934
27569.wav,2.33
2757.wav,7.854
27570.wav,4.196
27571.wav,3.261
27572.wav,3.349
27573.wav,5.129
27574.wav,9.27
27575.wav,2.955
27576.wav,4.754
27577.wav,2.663
27578.wav,3.207
27579.wav,4.114
2758.wav,2.762
27580.wav,0.969
27581.wav,2.375
27582.wav,22.158
27583.wav,3.008
27584.wav,2.203
27585.wav,1.585
27586.wav,2.71
27587.wav,5.08
27588.wav,6.961
27589.wav,2.822
2759.wav,2.483
27590.wav,5.189
27591.wav,1.363
27592.wav,10.427
27593.wav,6.01
27594.wav,4.773
27595.wav,1.509
27596.wav,2.321
27597.wav,10.78
27598.wav,3.436
27599.wav,4.81
276.wav,4.674
2760.wav,2.578
27600.wav,4.093
27601.wav,3.564
27602.wav,1.888
27603.wav,7.154
27604.wav,1.814
27605.wav,3.392
27606.wav,9.521
27607.wav,3.314
27608.wav,2.77
27609.wav,2.619
2761.wav,12.134
27610.wav,2.307
27611.wav,3.484
27612.wav,1.742
27613.wav,2.415
27614.wav,2.646
27615.wav,2.707
27616.wav,3.209
27617.wav,2.312
27618.wav,2.339
27619.wav,13.088
2762.wav,0.759
27620.wav,3.002
27621.wav,5.246
27622.wav,9.906
27623.wav,1.624
27624.wav,3.77
27625.wav,4.512
27626.wav,3.543
27627.wav,1.408
27628.wav,6.009
27629.wav,8.242
2763.wav,6.309
27630.wav,3.35
27631.wav,5.556
27632.wav,2.952
27633.wav,3.466
27634.wav,5.591
27635.wav,5.809
27636.wav,7.271
27637.wav,2.256
27638.wav,1.392
27639.wav,3.083
2764.wav,4.962
27640.wav,3.89
27641.wav,1.912
27642.wav,8.065
27643.wav,4.966
27644.wav,5.313
27645.wav,3.011
27646.wav,5.494
27647.wav,3.501
27648.wav,1.811
27649.wav,2.361
2765.wav,0.936
27650.wav,4.084
27651.wav,6.722
27652.wav,2.794
27653.wav,4.971
27654.wav,6.341
27655.wav,2.321
27656.wav,11.614
27657.wav,9.202
27658.wav,0.938
27659.wav,2.334
2766.wav,3.864
27660.wav,1.796
27661.wav,2.994
27662.wav,8.971
27663.wav,11.962
27664.wav,3.329
27665.wav,4.246
27666.wav,3.452
27667.wav,2.279
27668.wav,2.653
27669.wav,3.444
2767.wav,5.187
27670.wav,2.825
27671.wav,4.739
27672.wav,1.13
27673.wav,7.52
27674.wav,15.801
27675.wav,2.323
27676.wav,3.797
27677.wav,4.503
27678.wav,3.5
27679.wav,12.875
2768.wav,2.921
27680.wav,1.985
27681.wav,1.251
27682.wav,13.426
27683.wav,2.143
27684.wav,1.379
27685.wav,2.643
27686.wav,3.095
27687.wav,3.393
27688.wav,2.057
27689.wav,5.676
2769.wav,1.457
27690.wav,7.195
27691.wav,3.556
27692.wav,2.714
27693.wav,4.127
27694.wav,6.609
27695.wav,3.758
27696.wav,9.284
27697.wav,9.881
27698.wav,2.379
27699.wav,4.242
277.wav,7.312
2770.wav,1.665
27700.wav,1.677
27701.wav,1.448
27702.wav,2.728
27703.wav,8.301
27704.wav,10.195
27705.wav,3.082
27706.wav,5.128
27707.wav,3.673
27708.wav,3.147
27709.wav,11.651
2771.wav,2.258
27710.wav,2.096
27711.wav,2.875
27712.wav,3.587
27713.wav,3.826
27714.wav,2.965
27715.wav,5.097
27716.wav,5.004
27717.wav,3.392
27718.wav,2.817
27719.wav,1.097
2772.wav,5.012
27720.wav,1.649
27721.wav,2.661
27722.wav,0.908
27723.wav,2.338
27724.wav,4.312
27725.wav,7.778
27726.wav,3.039
27727.wav,2.367
27728.wav,2.601
27729.wav,1.502
2773.wav,7.386
27730.wav,4.623
27731.wav,5.42
27732.wav,5.262
27733.wav,4.515
27734.wav,4.226
27735.wav,2.424
27736.wav,0.901
27737.wav,6.971
27738.wav,2.176
27739.wav,3.365
2774.wav,4.995
27740.wav,1.171
27741.wav,7.204
27742.wav,2.201
27743.wav,5.189
27744.wav,11.972
27745.wav,4.151
27746.wav,1.079
27747.wav,3.905
27748.wav,2.656
27749.wav,2.165
2775.wav,5.217
27750.wav,4.406
27751.wav,0.912
27752.wav,1.32
27753.wav,2.175
27754.wav,1.963
27755.wav,2.211
27756.wav,2.353
27757.wav,5.714
27758.wav,6.96
27759.wav,1.497
2776.wav,3.392
27760.wav,2.634
27761.wav,1.28
27762.wav,12.919
27763.wav,3.628
27764.wav,20.471
27765.wav,3.307
27766.wav,2.734
27767.wav,11.594
27768.wav,4.23
27769.wav,2.636
2777.wav,15.565
27770.wav,2.313
27771.wav,2.072
27772.wav,3.621
27773.wav,4.278
27774.wav,4.047
27775.wav,3.9
27776.wav,9.061
27777.wav,9.509
27778.wav,5.896
27779.wav,3.361
2778.wav,1.852
27780.wav,4.616
27781.wav,4.758
27782.wav,2.275
27783.wav,3.944
27784.wav,2.926
27785.wav,1.123
27786.wav,1.214
27787.wav,0.835
27788.wav,2.759
27789.wav,1.504
2779.wav,2.251
27790.wav,2.253
27791.wav,3.849
27792.wav,5.796
27793.wav,2.375
27794.wav,1.298
27795.wav,2.72
27796.wav,5.902
27797.wav,2.361
27798.wav,5.609
27799.wav,8.318
278.wav,10.383
2780.wav,1.722
27800.wav,2.931
27801.wav,2.929
27802.wav,2.94
27803.wav,2.209
27804.wav,21.463
27805.wav,9.486
27806.wav,2.729
27807.wav,6.315
27808.wav,1.129
27809.wav,3.951
2781.wav,2.093
27810.wav,2.257
27811.wav,3.89
27812.wav,1.62
27813.wav,5.857
27814.wav,6.66
27815.wav,4.727
27816.wav,2.018
27817.wav,8.341
27818.wav,3.08
27819.wav,9.721
2782.wav,1.627
27820.wav,1.794
27821.wav,3.876
27822.wav,4.545
27823.wav,15.98
27824.wav,2.135
27825.wav,2.82
27826.wav,7.302
27827.wav,4.065
27828.wav,9.222
27829.wav,4.056
2783.wav,6.464
27830.wav,3.226
27831.wav,2.445
27832.wav,6.12
27833.wav,3.469
27834.wav,4.854
27835.wav,2.99
27836.wav,5.379
27837.wav,4.292
27838.wav,8.134
27839.wav,6.038
2784.wav,4.864
27840.wav,2.204
27841.wav,5.975
27842.wav,1.944
27843.wav,4.809
27844.wav,4.384
27845.wav,1.813
27846.wav,2.443
27847.wav,1.723
27848.wav,4.472
27849.wav,2.68
2785.wav,2.267
27850.wav,2.104
27851.wav,2.235
27852.wav,2.679
27853.wav,2.705
27854.wav,1.625
27855.wav,17.925
27856.wav,8.864
27857.wav,8.125
27858.wav,2.791
27859.wav,9.891
2786.wav,1.811
27860.wav,8.754
27861.wav,1.243
27862.wav,1.559
27863.wav,1.612
27864.wav,7.058
27865.wav,2.025
27866.wav,2.312
27867.wav,1.554
27868.wav,5.01
27869.wav,15.287
2787.wav,5.083
27870.wav,3.094
27871.wav,10.577
27872.wav,6.947
27873.wav,1.892
27874.wav,1.704
27875.wav,1.794
27876.wav,5.513
27877.wav,1.863
27878.wav,7.719
27879.wav,7.768
2788.wav,1.2
27880.wav,4.674
27881.wav,1.289
27882.wav,2.452
27883.wav,4.492
27884.wav,5.016
27885.wav,5.076
27886.wav,2.448
27887.wav,2.306
27888.wav,3.31
27889.wav,3.302
2789.wav,6.681
27890.wav,7.629
27891.wav,5.671
27892.wav,2.257
27893.wav,5.058
27894.wav,3.471
27895.wav,11.373
27896.wav,11.234
27897.wav,8.019
27898.wav,4.496
27899.wav,1.927
279.wav,5.016
2790.wav,2.203
27900.wav,6.211
27901.wav,11.12
27902.wav,11.454
27903.wav,3.302
27904.wav,1.231
27905.wav,3.175
27906.wav,1.134
27907.wav,4.109
27908.wav,4.699
27909.wav,3.672
2791.wav,1.594
27910.wav,2.437
27911.wav,2.434
27912.wav,1.455
27913.wav,2.429
27914.wav,1.986
27915.wav,6.964
27916.wav,4.949
27917.wav,8.153
27918.wav,3.536
27919.wav,6.208
2792.wav,4.548
27920.wav,6.358
27921.wav,3.756
27922.wav,4.892
27923.wav,21.726
27924.wav,5.999
27925.wav,1.744
27926.wav,3.183
27927.wav,2.358
27928.wav,1.181
27929.wav,7.921
2793.wav,14.827
27930.wav,2.749
27931.wav,7.207
27932.wav,5.121
27933.wav,2.28
27934.wav,2.424
27935.wav,5.133
27936.wav,2.358
27937.wav,1.354
27938.wav,5.931
27939.wav,3.78
2794.wav,1.501
27940.wav,7.544
27941.wav,1.31
27942.wav,2.18
27943.wav,1.418
27944.wav,2.401
27945.wav,16.954
27946.wav,3.232
27947.wav,3.372
27948.wav,5.904
27949.wav,5.143
2795.wav,3.506
27950.wav,1.311
27951.wav,7.183
27952.wav,2.832
27953.wav,2.949
27954.wav,2.324
27955.wav,1.982
27956.wav,7.542
27957.wav,4.51
27958.wav,2.623
27959.wav,3.086
2796.wav,4.218
27960.wav,4.01
27961.wav,11.598
27962.wav,3.463
27963.wav,4.899
27964.wav,1.115
27965.wav,5.158
27966.wav,0.607
27967.wav,3.131
27968.wav,6.492
27969.wav,3.483
2797.wav,2.92
27970.wav,1.354
27971.wav,2.593
27972.wav,3.214
27973.wav,1.925
27974.wav,4.468
27975.wav,3.757
27976.wav,8.327
27977.wav,2.16
27978.wav,2.11
27979.wav,7.049
2798.wav,2.889
27980.wav,2.074
27981.wav,1.845
27982.wav,6.029
27983.wav,4.801
27984.wav,2.317
27985.wav,2.522
27986.wav,2.539
27987.wav,1.51
27988.wav,1.869
27989.wav,4.234
2799.wav,5.495
27990.wav,5.087
27991.wav,3.804
27992.wav,1.658
27993.wav,3.851
27994.wav,3.012
27995.wav,2.716
27996.wav,4.395
27997.wav,3.575
27998.wav,4.965
27999.wav,3.962
28.wav,1.119
280.wav,2.254
2800.wav,3.29
28000.wav,2.996
28001.wav,2.931
28002.wav,2.34
28003.wav,1.653
28004.wav,1.545
28005.wav,5.126
28006.wav,2.457
28007.wav,2.159
28008.wav,1.99
28009.wav,5.236
2801.wav,3.434
28010.wav,1.906
28011.wav,1.708
28012.wav,3.291
28013.wav,5.425
28014.wav,8.948
28015.wav,12.19
28016.wav,7.703
28017.wav,1.315
28018.wav,9.882
28019.wav,2.199
2802.wav,2.857
28020.wav,3.459
28021.wav,1.429
28022.wav,4.14
28023.wav,5.709
28024.wav,5.455
28025.wav,2.182
28026.wav,3.015
28027.wav,3.409
28028.wav,3.056
28029.wav,4.589
2803.wav,2.343
28030.wav,3.72
28031.wav,7.673
28032.wav,14.97
28033.wav,8.015
28034.wav,3.188
28035.wav,2.118
28036.wav,5.504
28037.wav,3.286
28038.wav,10.348
28039.wav,1.167
2804.wav,3.655
28040.wav,2.708
28041.wav,4.177
28042.wav,4.872
28043.wav,3.488
28044.wav,8.859
28045.wav,12.083
28046.wav,16.375
28047.wav,9.221
28048.wav,4.162
28049.wav,14.131
2805.wav,1.948
28050.wav,3.157
28051.wav,6.854
28052.wav,9.13
28053.wav,1.366
28054.wav,1.318
28055.wav,6.075
28056.wav,2.113
28057.wav,5.473
28058.wav,2.729
28059.wav,0.972
2806.wav,2.943
28060.wav,3.096
28061.wav,1.861
28062.wav,14.911
28063.wav,11.616
28064.wav,1.754
28065.wav,5.848
28066.wav,4.484
28067.wav,3.672
28068.wav,2.556
28069.wav,11.462
2807.wav,4.679
28070.wav,1.52
28071.wav,2.639
28072.wav,10.751
28073.wav,2.936
28074.wav,4.131
28075.wav,4.14
28076.wav,4.047
28077.wav,4.261
28078.wav,2.587
28079.wav,3.222
2808.wav,1.138
28080.wav,1.477
28081.wav,1.312
28082.wav,1.702
28083.wav,2.561
28084.wav,1.129
28085.wav,2.918
28086.wav,2.397
28087.wav,0.966
28088.wav,4.439
28089.wav,1.031
2809.wav,1.087
28090.wav,1.97
28091.wav,1.081
28092.wav,10.711
28093.wav,1.205
28094.wav,2.003
28095.wav,5.393
28096.wav,1.916
28097.wav,1.889
28098.wav,3.4
28099.wav,9.527
281.wav,3.206
2810.wav,7.185
28100.wav,4.46
28101.wav,3.431
28102.wav,14.482
28103.wav,8.654
28104.wav,7.796
28105.wav,3.849
28106.wav,2.665
28107.wav,4.523
28108.wav,2.8
28109.wav,4.601
2811.wav,8.63
28110.wav,5.237
28111.wav,6.747
28112.wav,1.448
28113.wav,6.87
28114.wav,2.032
28115.wav,2.218
28116.wav,3.899
28117.wav,2.602
28118.wav,13.039
28119.wav,2.751
2812.wav,0.763
28120.wav,4.724
28121.wav,7.156
28122.wav,2.301
28123.wav,4.808
28124.wav,1.957
28125.wav,2.878
28126.wav,5.348
28127.wav,2.802
28128.wav,3.565
28129.wav,3.435
2813.wav,1.118
28130.wav,2.961
28131.wav,2.786
28132.wav,10.963
28133.wav,11.536
28134.wav,4.3
28135.wav,2.763
28136.wav,2.656
28137.wav,3.282
28138.wav,1.914
28139.wav,18.533
2814.wav,3.268
28140.wav,2.178
28141.wav,4.142
28142.wav,1.744
28143.wav,0.85
28144.wav,1.256
28145.wav,1.233
28146.wav,3.156
28147.wav,6.212
28148.wav,4.725
28149.wav,2.697
2815.wav,0.697
28150.wav,1.599
28151.wav,1.296
28152.wav,3.193
28153.wav,3.381
28154.wav,3.074
28155.wav,2.177
28156.wav,1.328
28157.wav,8.727
28158.wav,1.967
28159.wav,1.599
2816.wav,2.019
28160.wav,3.241
28161.wav,3.248
28162.wav,3.629
28163.wav,2.918
28164.wav,4.857
28165.wav,1.583
28166.wav,1.496
28167.wav,2.539
28168.wav,5.236
28169.wav,3.676
2817.wav,2.2
28170.wav,4.604
28171.wav,2.497
28172.wav,4.761
28173.wav,2.632
28174.wav,2.763
28175.wav,3.468
28176.wav,1.752
28177.wav,3.236
28178.wav,3.532
28179.wav,3.383
2818.wav,20.945
28180.wav,2.235
28181.wav,16.988
28182.wav,2.061
28183.wav,2.343
28184.wav,3.266
28185.wav,5.639
28186.wav,6.351
28187.wav,5.209
28188.wav,1.633
28189.wav,2.773
2819.wav,1.676
28190.wav,4.353
28191.wav,1.993
28192.wav,1.622
28193.wav,5.567
28194.wav,2.12
28195.wav,2.572
28196.wav,1.913
28197.wav,6.413
28198.wav,5.027
28199.wav,2.051
282.wav,5.581
2820.wav,9.577
28200.wav,2.235
28201.wav,2.757
28202.wav,5.4
28203.wav,1.539
28204.wav,1.577
28205.wav,4.858
28206.wav,2.022
28207.wav,4.483
28208.wav,10.963
28209.wav,1.408
2821.wav,2.813
28210.wav,5.959
28211.wav,5.615
28212.wav,6.037
28213.wav,3.391
28214.wav,1.934
28215.wav,4.7
28216.wav,4.418
28217.wav,3.428
28218.wav,3.287
28219.wav,1.527
2822.wav,6.564
28220.wav,8.039
28221.wav,1.772
28222.wav,1.849
28223.wav,4.648
28224.wav,6.229
28225.wav,3.829
28226.wav,3.462
28227.wav,13.556
28228.wav,2.831
28229.wav,8.26
2823.wav,4.218
28230.wav,15.484
28231.wav,1.398
28232.wav,1.116
28233.wav,3.226
28234.wav,4.601
28235.wav,1.697
28236.wav,1.089
28237.wav,24.991
28238.wav,2.73
28239.wav,2.344
2824.wav,3.693
28240.wav,4.514
28241.wav,2.47
28242.wav,8.793
28243.wav,1.559
28244.wav,8.342
28245.wav,2.945
28246.wav,2.647
28247.wav,2.149
28248.wav,15.67
28249.wav,1.289
2825.wav,2.799
28250.wav,3.979
28251.wav,21.09
28252.wav,1.924
28253.wav,5.745
28254.wav,3.792
28255.wav,3.385
28256.wav,1.802
28257.wav,2.262
28258.wav,3.118
28259.wav,1.59
2826.wav,3.366
28260.wav,3.716
28261.wav,1.451
28262.wav,1.877
28263.wav,4.077
28264.wav,1.636
28265.wav,1.514
28266.wav,2.961
28267.wav,3.038
28268.wav,2.429
28269.wav,5.609
2827.wav,2.606
28270.wav,4.118
28271.wav,5.736
28272.wav,3.619
28273.wav,5.049
28274.wav,5.702
28275.wav,7.675
28276.wav,2.183
28277.wav,1.538
28278.wav,1.93
28279.wav,7.002
2828.wav,1.801
28280.wav,1.961
28281.wav,16.235
28282.wav,4.677
28283.wav,10.428
28284.wav,6.441
28285.wav,9.352
28286.wav,1.912
28287.wav,1.986
28288.wav,1.377
28289.wav,2.312
2829.wav,4.133
28290.wav,1.797
28291.wav,3.004
28292.wav,1.967
28293.wav,1.554
28294.wav,4.361
28295.wav,4.391
28296.wav,3.864
28297.wav,1.743
28298.wav,3.278
28299.wav,3.78
283.wav,4.272
2830.wav,14.107
28300.wav,1.549
28301.wav,5.731
28302.wav,3.736
28303.wav,5.801
28304.wav,5.591
28305.wav,1.238
28306.wav,5.177
28307.wav,4.191
28308.wav,1.648
28309.wav,4.883
2831.wav,4.552
28310.wav,1.687
28311.wav,13.419
28312.wav,9.341
28313.wav,1.883
28314.wav,15.231
28315.wav,2.066
28316.wav,0.867
28317.wav,7.475
28318.wav,4.777
28319.wav,1.369
2832.wav,5.275
28320.wav,2.652
28321.wav,6.481
28322.wav,3.039
28323.wav,3.251
28324.wav,6.714
28325.wav,3.352
28326.wav,1.073
28327.wav,4.653
28328.wav,3.62
28329.wav,1.656
2833.wav,3.519
28330.wav,1.863
28331.wav,1.355
28332.wav,3.915
28333.wav,3.623
28334.wav,0.988
28335.wav,2.724
28336.wav,1.773
28337.wav,1.211
28338.wav,7.216
28339.wav,1.541
2834.wav,2.908
28340.wav,6.58
28341.wav,4.63
28342.wav,7.206
28343.wav,3.305
28344.wav,2.994
28345.wav,7.934
28346.wav,3.12
28347.wav,2.292
28348.wav,2.387
28349.wav,3.364
2835.wav,2.694
28350.wav,2.259
28351.wav,2.719
28352.wav,16.347
28353.wav,12.564
28354.wav,2.96
28355.wav,2.745
28356.wav,1.409
28357.wav,4.514
28358.wav,2.4
28359.wav,2.788
2836.wav,2.243
28360.wav,2.084
28361.wav,6.047
28362.wav,2.72
28363.wav,2.993
28364.wav,8.17
28365.wav,5.233
28366.wav,6.831
28367.wav,2.238
28368.wav,3.886
28369.wav,4.335
2837.wav,5.474
28370.wav,5.475
28371.wav,5.208
28372.wav,3.924
28373.wav,9.37
28374.wav,5.761
28375.wav,2.452
28376.wav,0.71
28377.wav,5.525
28378.wav,3.994
28379.wav,10.147
2838.wav,1.512
28380.wav,4.299
28381.wav,3.076
28382.wav,7.271
28383.wav,1.793
28384.wav,1.761
28385.wav,2.203
28386.wav,2.025
28387.wav,9.234
28388.wav,3.129
28389.wav,1.606
2839.wav,1.934
28390.wav,2.118
28391.wav,1.349
28392.wav,7.026
28393.wav,1.647
28394.wav,5.388
28395.wav,8.671
28396.wav,4.512
28397.wav,1.375
28398.wav,5.989
28399.wav,1.287
284.wav,5.192
2840.wav,2.185
28400.wav,3.771
28401.wav,2.469
28402.wav,2.098
28403.wav,1.343
28404.wav,4.024
28405.wav,4.588
28406.wav,2.469
28407.wav,5.005
28408.wav,3.99
28409.wav,3.166
2841.wav,5.304
28410.wav,3.832
28411.wav,2.09
28412.wav,3.04
28413.wav,2.985
28414.wav,3.101
28415.wav,5.062
28416.wav,9.581
28417.wav,3.325
28418.wav,5.701
28419.wav,0.953
2842.wav,8.985
28420.wav,4.075
28421.wav,10.889
28422.wav,21.543
28423.wav,1.812
28424.wav,2.532
28425.wav,6.353
28426.wav,3.496
28427.wav,0.786
28428.wav,2.704
28429.wav,2.528
2843.wav,2.26
28430.wav,1.793
28431.wav,3.738
28432.wav,5.57
28433.wav,1.35
28434.wav,8.57
28435.wav,4.702
28436.wav,4.198
28437.wav,1.898
28438.wav,2.28
28439.wav,6.286
2844.wav,9.374
28440.wav,3.817
28441.wav,3.949
28442.wav,2.542
28443.wav,4.908
28444.wav,2.495
28445.wav,4.318
28446.wav,1.689
28447.wav,0.569
28448.wav,3.15
28449.wav,2.659
2845.wav,8.646
28450.wav,1.672
28451.wav,6.228
28452.wav,1.126
28453.wav,0.819
28454.wav,1.225
28455.wav,5.938
28456.wav,5.628
28457.wav,5.404
28458.wav,2.239
28459.wav,2.23
2846.wav,12.24
28460.wav,1.247
28461.wav,0.666
28462.wav,3.006
28463.wav,1.491
28464.wav,5.49
28465.wav,1.404
28466.wav,2.591
28467.wav,1.366
28468.wav,10.159
28469.wav,1.373
2847.wav,23.049
28470.wav,1.435
28471.wav,4.779
28472.wav,3.188
28473.wav,6.534
28474.wav,3.095
28475.wav,1.311
28476.wav,1.131
28477.wav,3.85
28478.wav,3.399
28479.wav,8.217
2848.wav,1.44
28480.wav,3.188
28481.wav,2.211
28482.wav,5.109
28483.wav,1.51
28484.wav,4.304
28485.wav,0.914
28486.wav,1.467
28487.wav,6.855
28488.wav,3.999
28489.wav,3.864
2849.wav,9.191
28490.wav,2.061
28491.wav,2.29
28492.wav,3.48
28493.wav,9.824
28494.wav,2.226
28495.wav,3.462
28496.wav,2.515
28497.wav,8.022
28498.wav,2.338
28499.wav,3.686
285.wav,9.799
2850.wav,7.087
28500.wav,5.462
28501.wav,2.705
28502.wav,3.169
28503.wav,2.77
28504.wav,1.809
28505.wav,1.459
28506.wav,2.491
28507.wav,1.373
28508.wav,3.8
28509.wav,2.381
2851.wav,2.539
28510.wav,7.803
28511.wav,2.702
28512.wav,3.434
28513.wav,8.04
28514.wav,2.679
28515.wav,2.138
28516.wav,1.102
28517.wav,1.268
28518.wav,2.954
28519.wav,2.829
2852.wav,3.244
28520.wav,18.056
28521.wav,1.313
28522.wav,2.62
28523.wav,1.598
28524.wav,4.142
28525.wav,1.815
28526.wav,4.076
28527.wav,1.522
28528.wav,11.388
28529.wav,3.481
2853.wav,6.126
28530.wav,4.661
28531.wav,6.121
28532.wav,1.274
28533.wav,3.619
28534.wav,1.001
28535.wav,1.838
28536.wav,6.466
28537.wav,3.123
28538.wav,13.562
28539.wav,3.005
2854.wav,15.806
28540.wav,4.125
28541.wav,0.749
28542.wav,1.855
28543.wav,3.754
28544.wav,2.226
28545.wav,7.539
28546.wav,3.36
28547.wav,3.239
28548.wav,9.088
28549.wav,5.476
2855.wav,1.858
28550.wav,2.627
28551.wav,4.767
28552.wav,5.259
28553.wav,1.758
28554.wav,4.832
28555.wav,1.281
28556.wav,3.445
28557.wav,3.858
28558.wav,4.025
28559.wav,2.484
2856.wav,3.136
28560.wav,2.469
28561.wav,2.204
28562.wav,14.915
28563.wav,6.404
28564.wav,3.2
28565.wav,4.731
28566.wav,4.45
28567.wav,3.594
28568.wav,5.332
28569.wav,2.478
2857.wav,1.364
28570.wav,2.249
28571.wav,3.677
28572.wav,4.958
28573.wav,2.937
28574.wav,5.8
28575.wav,5.168
28576.wav,4.809
28577.wav,3.01
28578.wav,2.37
28579.wav,3.613
2858.wav,1.047
28580.wav,3.139
28581.wav,3.25
28582.wav,4.381
28583.wav,1.476
28584.wav,4.793
28585.wav,1.796
28586.wav,2.861
28587.wav,3.622
28588.wav,3.929
28589.wav,2.197
2859.wav,11.912
28590.wav,12.342
28591.wav,12.276
28592.wav,1.151
28593.wav,2.57
28594.wav,5.88
28595.wav,4.708
28596.wav,7.867
28597.wav,9.713
28598.wav,1.0
28599.wav,4.062
286.wav,1.637
2860.wav,1.682
28600.wav,3.059
28601.wav,2.235
28602.wav,9.398
28603.wav,2.297
28604.wav,3.483
28605.wav,2.727
28606.wav,2.263
28607.wav,3.842
28608.wav,4.056
28609.wav,4.287
2861.wav,2.114
28610.wav,0.791
28611.wav,12.476
28612.wav,1.529
28613.wav,5.053
28614.wav,1.504
28615.wav,1.268
28616.wav,7.035
28617.wav,2.412
28618.wav,4.785
28619.wav,1.262
2862.wav,3.292
28620.wav,7.396
28621.wav,2.065
28622.wav,3.97
28623.wav,4.665
28624.wav,2.659
28625.wav,5.187
28626.wav,5.144
28627.wav,14.591
28628.wav,2.233
28629.wav,2.664
2863.wav,5.314
28630.wav,1.448
28631.wav,4.894
28632.wav,4.898
28633.wav,1.07
28634.wav,4.63
28635.wav,2.414
28636.wav,2.492
28637.wav,1.702
28638.wav,9.635
28639.wav,2.101
2864.wav,1.386
28640.wav,5.026
28641.wav,3.966
28642.wav,6.477
28643.wav,8.135
28644.wav,5.337
28645.wav,2.044
28646.wav,8.1
28647.wav,3.452
28648.wav,2.367
28649.wav,3.162
2865.wav,2.464
28650.wav,2.92
28651.wav,3.584
28652.wav,8.866
28653.wav,7.119
28654.wav,2.273
28655.wav,1.477
28656.wav,3.527
28657.wav,4.862
28658.wav,1.302
28659.wav,1.634
2866.wav,2.535
28660.wav,1.799
28661.wav,4.021
28662.wav,3.014
28663.wav,0.993
28664.wav,2.61
28665.wav,1.972
28666.wav,9.346
28667.wav,2.663
28668.wav,2.027
28669.wav,3.451
2867.wav,5.486
28670.wav,2.216
28671.wav,1.85
28672.wav,3.241
28673.wav,1.909
28674.wav,5.563
28675.wav,1.975
28676.wav,0.931
28677.wav,2.197
28678.wav,0.846
28679.wav,2.603
2868.wav,7.345
28680.wav,1.57
28681.wav,2.939
28682.wav,1.574
28683.wav,2.274
28684.wav,6.087
28685.wav,2.535
28686.wav,3.386
28687.wav,1.724
28688.wav,2.298
28689.wav,5.654
2869.wav,4.85
28690.wav,3.624
28691.wav,5.094
28692.wav,2.283
28693.wav,2.791
28694.wav,5.881
28695.wav,1.578
28696.wav,1.343
28697.wav,3.756
28698.wav,3.016
28699.wav,20.266
287.wav,2.045
2870.wav,1.454
28700.wav,3.099
28701.wav,6.88
28702.wav,3.379
28703.wav,4.188
28704.wav,1.919
28705.wav,3.993
28706.wav,1.643
28707.wav,9.252
28708.wav,1.9
28709.wav,3.071
2871.wav,3.807
28710.wav,5.286
28711.wav,4.967
28712.wav,4.277
28713.wav,3.827
28714.wav,0.875
28715.wav,3.871
28716.wav,3.943
28717.wav,1.516
28718.wav,2.373
28719.wav,4.381
2872.wav,5.047
28720.wav,6.647
28721.wav,2.554
28722.wav,3.731
28723.wav,2.004
28724.wav,7.633
28725.wav,1.399
28726.wav,1.639
28727.wav,2.661
28728.wav,2.913
28729.wav,3.409
2873.wav,1.46
28730.wav,5.723
28731.wav,1.815
28732.wav,3.091
28733.wav,2.312
28734.wav,3.843
28735.wav,6.489
28736.wav,10.816
28737.wav,0.933
28738.wav,2.709
28739.wav,2.71
2874.wav,1.46
28740.wav,1.644
28741.wav,5.614
28742.wav,7.95
28743.wav,3.088
28744.wav,10.241
28745.wav,1.313
28746.wav,4.32
28747.wav,2.076
28748.wav,1.747
28749.wav,1.652
2875.wav,1.978
28750.wav,2.879
28751.wav,3.03
28752.wav,1.494
28753.wav,1.924
28754.wav,4.124
28755.wav,2.312
28756.wav,1.996
28757.wav,1.882
28758.wav,2.945
28759.wav,3.436
2876.wav,4.561
28760.wav,3.643
28761.wav,1.011
28762.wav,6.678
28763.wav,23.468
28764.wav,2.462
28765.wav,7.921
28766.wav,3.078
28767.wav,3.091
28768.wav,4.739
28769.wav,3.191
2877.wav,2.38
28770.wav,3.453
28771.wav,0.713
28772.wav,16.389
28773.wav,18.788
28774.wav,10.124
28775.wav,1.239
28776.wav,2.74
28777.wav,3.103
28778.wav,2.494
28779.wav,2.233
2878.wav,2.771
28780.wav,4.625
28781.wav,2.164
28782.wav,7.44
28783.wav,1.404
28784.wav,1.539
28785.wav,3.587
28786.wav,4.004
28787.wav,5.364
28788.wav,2.446
28789.wav,6.471
2879.wav,6.027
28790.wav,11.919
28791.wav,0.805
28792.wav,4.054
28793.wav,1.329
28794.wav,0.959
28795.wav,2.883
28796.wav,15.729
28797.wav,3.884
28798.wav,0.936
28799.wav,6.4
288.wav,5.037
2880.wav,10.509
28800.wav,1.449
28801.wav,0.826
28802.wav,6.213
28803.wav,2.693
28804.wav,2.394
28805.wav,3.47
28806.wav,7.104
28807.wav,0.967
28808.wav,2.799
28809.wav,10.694
2881.wav,2.986
28810.wav,0.883
28811.wav,0.974
28812.wav,1.837
28813.wav,5.995
28814.wav,5.252
28815.wav,1.169
28816.wav,4.785
28817.wav,2.561
28818.wav,2.903
28819.wav,10.773
2882.wav,4.132
28820.wav,1.497
28821.wav,3.846
28822.wav,1.788
28823.wav,2.084
28824.wav,2.798
28825.wav,3.606
28826.wav,0.957
28827.wav,0.923
28828.wav,2.561
28829.wav,2.303
2883.wav,5.646
28830.wav,3.658
28831.wav,4.109
28832.wav,0.773
28833.wav,3.152
28834.wav,2.065
28835.wav,3.324
28836.wav,5.441
28837.wav,5.832
28838.wav,1.488
28839.wav,1.204
2884.wav,12.019
28840.wav,3.214
28841.wav,7.801
28842.wav,3.347
28843.wav,1.863
28844.wav,5.523
28845.wav,3.703
28846.wav,2.597
28847.wav,3.648
28848.wav,3.907
28849.wav,2.832
2885.wav,2.258
28850.wav,0.796
28851.wav,6.025
28852.wav,4.043
28853.wav,3.418
28854.wav,3.239
28855.wav,3.388
28856.wav,2.317
28857.wav,0.927
28858.wav,3.343
28859.wav,4.487
2886.wav,3.915
28860.wav,2.265
28861.wav,5.633
28862.wav,4.45
28863.wav,9.388
28864.wav,0.74
28865.wav,7.603
28866.wav,5.507
28867.wav,1.842
28868.wav,8.345
28869.wav,2.27
2887.wav,5.184
28870.wav,1.874
28871.wav,3.862
28872.wav,0.916
28873.wav,3.484
28874.wav,1.798
28875.wav,0.814
28876.wav,7.502
28877.wav,3.229
28878.wav,3.057
28879.wav,12.663
2888.wav,1.877
28880.wav,7.345
28881.wav,1.479
28882.wav,2.927
28883.wav,14.87
28884.wav,3.48
28885.wav,6.093
28886.wav,3.71
28887.wav,5.337
28888.wav,6.531
28889.wav,4.85
2889.wav,13.271
28890.wav,1.772
28891.wav,3.275
28892.wav,2.422
28893.wav,2.664
28894.wav,2.163
28895.wav,0.895
28896.wav,3.072
28897.wav,1.713
28898.wav,1.655
28899.wav,5.395
289.wav,1.252
2890.wav,1.838
28900.wav,2.443
28901.wav,1.648
28902.wav,3.675
28903.wav,2.407
28904.wav,2.98
28905.wav,1.19
28906.wav,2.375
28907.wav,2.699
28908.wav,1.132
28909.wav,1.442
2891.wav,2.098
28910.wav,0.763
28911.wav,4.382
28912.wav,7.85
28913.wav,2.416
28914.wav,2.882
28915.wav,1.852
28916.wav,7.04
28917.wav,5.486
28918.wav,3.664
28919.wav,1.573
2892.wav,3.472
28920.wav,1.943
28921.wav,1.783
28922.wav,3.606
28923.wav,3.605
28924.wav,6.268
28925.wav,0.639
28926.wav,1.165
28927.wav,1.743
28928.wav,9.936
28929.wav,1.978
2893.wav,4.558
28930.wav,2.867
28931.wav,1.332
28932.wav,4.614
28933.wav,2.043
28934.wav,1.531
28935.wav,2.239
28936.wav,17.582
28937.wav,5.934
28938.wav,1.893
28939.wav,6.928
2894.wav,4.026
28940.wav,1.999
28941.wav,2.864
28942.wav,3.805
28943.wav,4.125
28944.wav,1.899
28945.wav,3.485
28946.wav,7.847
28947.wav,1.557
28948.wav,7.386
28949.wav,6.807
2895.wav,1.945
28950.wav,8.738
28951.wav,6.23
28952.wav,5.609
28953.wav,2.401
28954.wav,4.739
28955.wav,2.088
28956.wav,1.276
28957.wav,1.879
28958.wav,1.402
28959.wav,0.944
2896.wav,4.857
28960.wav,1.222
28961.wav,4.845
28962.wav,8.14
28963.wav,6.202
28964.wav,8.487
28965.wav,1.559
28966.wav,12.435
28967.wav,2.009
28968.wav,1.547
28969.wav,4.661
2897.wav,1.999
28970.wav,5.648
28971.wav,2.121
28972.wav,5.305
28973.wav,7.321
28974.wav,9.299
28975.wav,4.628
28976.wav,2.119
28977.wav,7.736
28978.wav,1.943
28979.wav,4.642
2898.wav,2.271
28980.wav,3.293
28981.wav,1.627
28982.wav,2.246
28983.wav,2.741
28984.wav,10.938
28985.wav,8.592
28986.wav,2.016
28987.wav,5.305
28988.wav,1.805
28989.wav,4.537
2899.wav,2.535
28990.wav,3.45
28991.wav,1.797
28992.wav,1.175
28993.wav,5.664
28994.wav,4.607
28995.wav,2.291
28996.wav,3.503
28997.wav,5.115
28998.wav,3.635
28999.wav,9.478
29.wav,3.325
290.wav,7.291
2900.wav,3.033
29000.wav,3.856
29001.wav,2.99
29002.wav,5.391
29003.wav,4.774
29004.wav,1.787
29005.wav,3.857
29006.wav,9.255
29007.wav,2.722
29008.wav,2.822
29009.wav,1.444
2901.wav,1.649
29010.wav,6.08
29011.wav,1.891
29012.wav,2.603
29013.wav,4.762
29014.wav,3.032
29015.wav,1.84
29016.wav,4.559
29017.wav,2.018
29018.wav,7.055
29019.wav,2.288
2902.wav,4.118
29020.wav,1.041
29021.wav,3.991
29022.wav,3.508
29023.wav,11.48
29024.wav,6.098
29025.wav,2.411
29026.wav,2.043
29027.wav,6.429
29028.wav,9.542
29029.wav,0.714
2903.wav,22.103
29030.wav,1.529
29031.wav,5.151
29032.wav,10.019
29033.wav,7.981
29034.wav,6.554
29035.wav,1.469
29036.wav,10.332
29037.wav,1.746
29038.wav,5.635
29039.wav,4.172
2904.wav,19.437
29040.wav,1.646
29041.wav,2.565
29042.wav,1.249
29043.wav,2.322
29044.wav,2.263
29045.wav,4.229
29046.wav,3.458
29047.wav,16.606
29048.wav,9.804
29049.wav,8.625
2905.wav,3.257
29050.wav,2.736
29051.wav,1.286
29052.wav,2.704
29053.wav,6.422
29054.wav,13.807
29055.wav,1.475
29056.wav,2.408
29057.wav,6.156
29058.wav,10.11
29059.wav,1.221
2906.wav,7.143
29060.wav,3.772
29061.wav,1.363
29062.wav,3.856
29063.wav,1.533
29064.wav,3.325
29065.wav,1.646
29066.wav,8.623
29067.wav,4.481
29068.wav,5.381
29069.wav,1.224
2907.wav,5.952
29070.wav,3.556
29071.wav,4.017
29072.wav,4.194
29073.wav,2.289
29074.wav,3.714
29075.wav,5.652
29076.wav,8.123
29077.wav,1.986
29078.wav,4.84
29079.wav,3.014
2908.wav,3.427
29080.wav,1.701
29081.wav,3.902
29082.wav,2.34
29083.wav,4.086
29084.wav,2.647
29085.wav,2.087
29086.wav,1.49
29087.wav,2.535
29088.wav,12.986
29089.wav,2.36
2909.wav,4.701
29090.wav,2.195
29091.wav,1.566
29092.wav,6.032
29093.wav,3.279
29094.wav,2.55
29095.wav,7.769
29096.wav,2.024
29097.wav,6.211
29098.wav,2.046
29099.wav,2.271
291.wav,2.965
2910.wav,1.266
29100.wav,6.622
29101.wav,8.605
29102.wav,3.67
29103.wav,2.349
29104.wav,4.079
29105.wav,4.464
29106.wav,6.188
29107.wav,3.583
29108.wav,2.78
29109.wav,2.641
2911.wav,2.473
29110.wav,1.356
29111.wav,2.473
29112.wav,4.911
29113.wav,23.902
29114.wav,1.29
29115.wav,5.939
29116.wav,4.62
29117.wav,1.679
29118.wav,3.672
29119.wav,4.757
2912.wav,4.219
29120.wav,3.881
29121.wav,19.257
29122.wav,4.458
29123.wav,3.238
29124.wav,2.535
29125.wav,2.527
29126.wav,1.734
29127.wav,5.739
29128.wav,2.873
29129.wav,2.851
2913.wav,0.831
29130.wav,9.084
29131.wav,2.918
29132.wav,3.127
29133.wav,7.66
29134.wav,0.938
29135.wav,8.851
29136.wav,1.35
29137.wav,5.634
29138.wav,1.706
29139.wav,5.351
2914.wav,6.391
29140.wav,1.702
29141.wav,1.106
29142.wav,1.698
29143.wav,3.142
29144.wav,3.496
29145.wav,1.963
29146.wav,3.304
29147.wav,1.644
29148.wav,2.564
29149.wav,2.165
2915.wav,5.561
29150.wav,1.494
29151.wav,1.529
29152.wav,6.616
29153.wav,5.746
29154.wav,1.194
29155.wav,2.425
29156.wav,3.084
29157.wav,1.174
29158.wav,4.153
29159.wav,2.761
2916.wav,3.428
29160.wav,2.899
29161.wav,6.16
29162.wav,1.523
29163.wav,1.6
29164.wav,12.961
29165.wav,1.607
29166.wav,3.381
29167.wav,4.857
29168.wav,11.387
29169.wav,9.322
2917.wav,2.433
29170.wav,7.261
29171.wav,2.956
29172.wav,9.935
29173.wav,1.654
29174.wav,23.911
29175.wav,3.173
29176.wav,2.71
29177.wav,2.025
29178.wav,2.29
29179.wav,3.089
2918.wav,4.513
29180.wav,1.239
29181.wav,6.26
29182.wav,1.069
29183.wav,3.433
29184.wav,5.932
29185.wav,3.252
29186.wav,1.972
29187.wav,3.625
29188.wav,8.951
29189.wav,2.879
2919.wav,2.976
29190.wav,2.242
29191.wav,3.047
29192.wav,0.977
29193.wav,8.517
29194.wav,1.501
29195.wav,5.287
29196.wav,2.349
29197.wav,6.331
29198.wav,3.181
29199.wav,3.32
292.wav,4.024
2920.wav,7.325
29200.wav,1.805
29201.wav,5.007
29202.wav,2.237
29203.wav,1.92
29204.wav,1.541
29205.wav,2.17
29206.wav,2.949
29207.wav,3.3
29208.wav,4.168
29209.wav,4.3
2921.wav,5.538
29210.wav,1.692
29211.wav,1.535
29212.wav,1.779
29213.wav,1.927
29214.wav,9.025
29215.wav,2.056
29216.wav,6.744
29217.wav,3.011
29218.wav,10.482
29219.wav,2.568
2922.wav,5.759
29220.wav,2.981
29221.wav,1.851
29222.wav,1.49
29223.wav,2.293
29224.wav,3.407
29225.wav,1.016
29226.wav,1.931
29227.wav,6.204
29228.wav,5.134
29229.wav,1.915
2923.wav,1.227
29230.wav,4.152
29231.wav,2.055
29232.wav,6.914
29233.wav,2.125
29234.wav,1.508
29235.wav,13.54
29236.wav,14.386
29237.wav,3.987
29238.wav,7.202
29239.wav,2.75
2924.wav,6.985
29240.wav,6.338
29241.wav,2.166
29242.wav,3.661
29243.wav,2.312
29244.wav,10.311
29245.wav,1.86
29246.wav,5.431
29247.wav,7.303
29248.wav,2.451
29249.wav,1.854
2925.wav,1.094
29250.wav,4.177
29251.wav,9.777
29252.wav,2.732
29253.wav,2.658
29254.wav,2.105
29255.wav,2.023
29256.wav,2.689
29257.wav,4.063
29258.wav,3.489
29259.wav,9.733
2926.wav,3.741
29260.wav,7.463
29261.wav,1.882
29262.wav,2.528
29263.wav,6.046
29264.wav,16.329
29265.wav,2.674
29266.wav,2.246
29267.wav,3.453
29268.wav,4.148
29269.wav,6.39
2927.wav,3.885
29270.wav,10.558
29271.wav,2.881
29272.wav,1.349
29273.wav,4.957
29274.wav,4.039
29275.wav,1.635
29276.wav,2.043
29277.wav,3.074
29278.wav,3.95
29279.wav,2.461
2928.wav,9.9
29280.wav,6.447
29281.wav,2.328
29282.wav,4.545
29283.wav,4.231
29284.wav,2.135
29285.wav,5.742
29286.wav,3.402
29287.wav,3.009
29288.wav,3.239
29289.wav,18.566
2929.wav,6.482
29290.wav,1.786
29291.wav,4.123
29292.wav,1.966
29293.wav,7.218
29294.wav,4.065
29295.wav,5.401
29296.wav,9.158
29297.wav,3.585
29298.wav,4.962
29299.wav,4.544
293.wav,4.923
2930.wav,1.61
29300.wav,1.605
29301.wav,1.27
29302.wav,2.045
29303.wav,1.421
29304.wav,2.272
29305.wav,4.236
29306.wav,10.96
29307.wav,2.424
29308.wav,8.073
29309.wav,5.668
2931.wav,5.342
29310.wav,1.745
29311.wav,0.66
29312.wav,3.005
29313.wav,8.553
29314.wav,2.126
29315.wav,1.642
29316.wav,2.832
29317.wav,10.231
29318.wav,3.03
29319.wav,4.464
2932.wav,4.286
29320.wav,4.444
29321.wav,2.14
29322.wav,4.669
29323.wav,0.955
29324.wav,7.989
29325.wav,6.739
29326.wav,1.596
29327.wav,4.83
29328.wav,12.5
29329.wav,1.823
2933.wav,10.198
29330.wav,6.981
29331.wav,1.731
29332.wav,1.335
29333.wav,6.066
29334.wav,1.371
29335.wav,17.139
29336.wav,1.767
29337.wav,3.266
29338.wav,4.77
29339.wav,2.551
2934.wav,2.915
29340.wav,9.452
29341.wav,2.983
29342.wav,5.95
29343.wav,1.208
29344.wav,7.86
29345.wav,2.762
29346.wav,1.559
29347.wav,16.851
29348.wav,1.611
29349.wav,2.842
2935.wav,5.139
29350.wav,5.607
29351.wav,1.696
29352.wav,2.518
29353.wav,2.254
29354.wav,3.18
29355.wav,2.295
29356.wav,2.573
29357.wav,2.843
29358.wav,6.517
29359.wav,4.299
2936.wav,1.647
29360.wav,4.778
29361.wav,1.584
29362.wav,1.619
29363.wav,7.229
29364.wav,2.215
29365.wav,11.189
29366.wav,2.675
29367.wav,5.109
29368.wav,4.541
29369.wav,3.329
2937.wav,2.013
29370.wav,3.078
29371.wav,1.28
29372.wav,3.034
29373.wav,15.33
29374.wav,7.748
29375.wav,1.332
29376.wav,3.715
29377.wav,6.13
29378.wav,1.652
29379.wav,6.256
2938.wav,2.571
29380.wav,3.175
29381.wav,6.927
29382.wav,2.186
29383.wav,19.388
29384.wav,5.607
29385.wav,1.529
29386.wav,2.83
29387.wav,2.171
29388.wav,1.046
29389.wav,2.276
2939.wav,5.786
29390.wav,4.965
29391.wav,15.392
29392.wav,2.763
29393.wav,6.604
29394.wav,9.203
29395.wav,1.475
29396.wav,3.55
29397.wav,11.682
29398.wav,6.9
29399.wav,2.439
294.wav,2.112
2940.wav,4.879
29400.wav,1.929
29401.wav,6.789
29402.wav,1.946
29403.wav,3.449
29404.wav,1.061
29405.wav,5.547
29406.wav,1.425
29407.wav,0.832
29408.wav,1.137
29409.wav,4.603
2941.wav,3.752
29410.wav,1.885
29411.wav,6.409
29412.wav,1.759
29413.wav,5.175
29414.wav,4.485
29415.wav,5.188
29416.wav,13.594
29417.wav,12.186
29418.wav,2.239
29419.wav,6.118
2942.wav,3.305
29420.wav,3.284
29421.wav,3.132
29422.wav,1.27
29423.wav,1.506
29424.wav,2.106
29425.wav,2.661
29426.wav,6.699
29427.wav,6.378
29428.wav,1.784
29429.wav,2.475
2943.wav,1.938
29430.wav,10.517
29431.wav,0.962
29432.wav,2.229
29433.wav,1.02
29434.wav,3.864
29435.wav,2.705
29436.wav,0.765
29437.wav,12.77
29438.wav,7.597
29439.wav,7.192
2944.wav,2.626
29440.wav,2.642
29441.wav,3.12
29442.wav,2.643
29443.wav,3.08
29444.wav,3.924
29445.wav,4.859
29446.wav,2.639
29447.wav,7.628
29448.wav,3.713
29449.wav,6.833
2945.wav,1.842
29450.wav,5.206
29451.wav,2.942
29452.wav,1.415
29453.wav,5.701
29454.wav,4.077
29455.wav,3.713
29456.wav,7.503
29457.wav,1.457
29458.wav,1.669
29459.wav,3.156
2946.wav,2.585
29460.wav,3.159
29461.wav,4.588
29462.wav,4.468
29463.wav,1.61
29464.wav,2.042
29465.wav,4.794
29466.wav,8.868
29467.wav,7.378
29468.wav,5.49
29469.wav,6.195
2947.wav,0.936
29470.wav,1.475
29471.wav,0.837
29472.wav,1.64
29473.wav,3.916
29474.wav,4.03
29475.wav,2.688
29476.wav,3.903
29477.wav,2.007
29478.wav,13.233
29479.wav,3.192
2948.wav,2.189
29480.wav,1.658
29481.wav,2.132
29482.wav,3.293
29483.wav,3.861
29484.wav,1.643
29485.wav,3.556
29486.wav,2.388
29487.wav,9.958
29488.wav,2.554
29489.wav,2.213
2949.wav,2.969
29490.wav,5.321
29491.wav,4.721
29492.wav,2.257
29493.wav,1.58
29494.wav,1.751
29495.wav,4.823
29496.wav,2.255
29497.wav,2.578
29498.wav,3.212
29499.wav,17.446
295.wav,3.668
2950.wav,1.75
29500.wav,7.464
29501.wav,3.379
29502.wav,1.038
29503.wav,17.116
29504.wav,3.648
29505.wav,2.404
29506.wav,1.631
29507.wav,1.809
29508.wav,1.215
29509.wav,4.335
2951.wav,1.174
29510.wav,0.903
29511.wav,2.878
29512.wav,2.603
29513.wav,2.193
29514.wav,9.781
29515.wav,10.511
29516.wav,1.287
29517.wav,1.986
29518.wav,5.245
29519.wav,1.94
2952.wav,1.423
29520.wav,2.238
29521.wav,1.783
29522.wav,1.456
29523.wav,1.386
29524.wav,1.715
29525.wav,4.845
29526.wav,5.051
29527.wav,1.438
29528.wav,5.362
29529.wav,2.407
2953.wav,4.243
29530.wav,1.987
29531.wav,2.998
29532.wav,4.983
29533.wav,7.646
29534.wav,0.845
29535.wav,1.912
29536.wav,4.129
29537.wav,3.018
29538.wav,3.59
29539.wav,2.471
2954.wav,5.108
29540.wav,2.997
29541.wav,4.52
29542.wav,7.647
29543.wav,9.148
29544.wav,2.044
29545.wav,5.055
29546.wav,3.293
29547.wav,9.949
29548.wav,15.17
29549.wav,2.59
2955.wav,3.062
29550.wav,3.409
29551.wav,6.373
29552.wav,3.533
29553.wav,2.486
29554.wav,2.767
29555.wav,6.289
29556.wav,1.518
29557.wav,10.122
29558.wav,1.916
29559.wav,6.97
2956.wav,4.34
29560.wav,2.157
29561.wav,4.798
29562.wav,8.222
29563.wav,4.452
29564.wav,6.111
29565.wav,9.365
29566.wav,3.276
29567.wav,2.813
29568.wav,2.967
29569.wav,13.142
2957.wav,4.933
29570.wav,6.294
29571.wav,1.04
29572.wav,1.961
29573.wav,1.753
29574.wav,6.723
29575.wav,6.102
29576.wav,1.656
29577.wav,3.766
29578.wav,5.239
29579.wav,3.385
2958.wav,1.52
29580.wav,1.825
29581.wav,3.735
29582.wav,3.401
29583.wav,2.224
29584.wav,3.687
29585.wav,5.246
29586.wav,2.957
29587.wav,0.71
29588.wav,4.469
29589.wav,2.621
2959.wav,1.864
29590.wav,8.359
29591.wav,3.165
29592.wav,1.946
29593.wav,1.138
29594.wav,4.689
29595.wav,6.102
29596.wav,0.701
29597.wav,1.764
29598.wav,2.163
29599.wav,5.173
296.wav,2.038
2960.wav,3.398
29600.wav,2.071
29601.wav,1.312
29602.wav,4.187
29603.wav,3.966
29604.wav,2.695
29605.wav,4.537
29606.wav,6.264
29607.wav,16.741
29608.wav,2.252
29609.wav,4.116
2961.wav,6.917
29610.wav,2.348
29611.wav,1.931
29612.wav,4.053
29613.wav,2.34
29614.wav,1.25
29615.wav,5.029
29616.wav,3.851
29617.wav,7.107
29618.wav,2.407
29619.wav,3.195
2962.wav,5.57
29620.wav,3.425
29621.wav,6.542
29622.wav,2.813
29623.wav,2.295
29624.wav,4.305
29625.wav,5.202
29626.wav,6.964
29627.wav,13.578
29628.wav,3.104
29629.wav,6.49
2963.wav,6.071
29630.wav,2.248
29631.wav,3.565
29632.wav,1.237
29633.wav,2.964
29634.wav,5.368
29635.wav,3.812
29636.wav,4.2
29637.wav,8.041
29638.wav,13.789
29639.wav,5.474
2964.wav,4.616
29640.wav,4.282
29641.wav,14.253
29642.wav,1.537
29643.wav,3.866
29644.wav,2.234
29645.wav,1.181
29646.wav,2.133
29647.wav,2.299
29648.wav,8.541
29649.wav,11.566
2965.wav,2.026
29650.wav,5.374
29651.wav,0.863
29652.wav,2.02
29653.wav,2.69
29654.wav,0.909
29655.wav,4.057
29656.wav,4.754
29657.wav,1.47
29658.wav,3.607
29659.wav,1.302
2966.wav,4.546
29660.wav,5.715
29661.wav,2.28
29662.wav,1.604
29663.wav,3.511
29664.wav,2.401
29665.wav,6.994
29666.wav,4.734
29667.wav,1.394
29668.wav,1.696
29669.wav,3.521
2967.wav,1.278
29670.wav,1.831
29671.wav,1.583
29672.wav,1.327
29673.wav,3.003
29674.wav,6.795
29675.wav,2.815
29676.wav,2.011
29677.wav,1.809
29678.wav,2.416
29679.wav,6.169
2968.wav,4.114
29680.wav,6.965
29681.wav,8.134
29682.wav,9.579
29683.wav,1.636
29684.wav,4.444
29685.wav,5.009
29686.wav,3.698
29687.wav,3.862
29688.wav,3.376
29689.wav,5.927
2969.wav,1.358
29690.wav,1.961
29691.wav,6.23
29692.wav,13.59
29693.wav,5.336
29694.wav,11.458
29695.wav,4.404
29696.wav,3.786
29697.wav,2.567
29698.wav,2.254
29699.wav,2.869
297.wav,2.779
2970.wav,6.52
29700.wav,1.862
29701.wav,4.281
29702.wav,4.889
29703.wav,2.576
29704.wav,2.743
29705.wav,2.856
29706.wav,3.323
29707.wav,3.891
29708.wav,7.726
29709.wav,4.12
2971.wav,9.368
29710.wav,2.519
29711.wav,4.647
29712.wav,7.085
29713.wav,2.163
29714.wav,2.267
29715.wav,1.905
29716.wav,1.623
29717.wav,4.361
29718.wav,1.939
29719.wav,4.49
2972.wav,2.606
29720.wav,13.68
29721.wav,2.68
29722.wav,5.894
29723.wav,2.313
29724.wav,5.551
29725.wav,2.278
29726.wav,6.785
29727.wav,16.363
29728.wav,2.955
29729.wav,2.78
2973.wav,3.43
29730.wav,7.834
29731.wav,0.925
29732.wav,2.575
29733.wav,7.026
29734.wav,2.679
29735.wav,1.114
29736.wav,1.617
29737.wav,6.105
29738.wav,2.692
29739.wav,3.706
2974.wav,1.673
29740.wav,13.535
29741.wav,4.861
29742.wav,3.542
29743.wav,2.412
29744.wav,2.64
29745.wav,1.897
29746.wav,5.165
29747.wav,2.727
29748.wav,2.233
29749.wav,2.833
2975.wav,1.646
29750.wav,5.517
29751.wav,8.683
29752.wav,4.637
29753.wav,3.292
29754.wav,8.29
29755.wav,1.26
29756.wav,2.394
29757.wav,4.26
29758.wav,6.59
29759.wav,3.566
2976.wav,1.291
29760.wav,5.798
29761.wav,1.712
29762.wav,4.357
29763.wav,1.741
29764.wav,3.674
29765.wav,5.646
29766.wav,2.409
29767.wav,2.484
29768.wav,4.366
29769.wav,13.196
2977.wav,8.025
29770.wav,2.451
29771.wav,3.918
29772.wav,1.465
29773.wav,1.684
29774.wav,1.874
29775.wav,1.943
29776.wav,3.231
29777.wav,9.903
29778.wav,1.44
29779.wav,7.112
2978.wav,3.142
29780.wav,2.922
29781.wav,7.678
29782.wav,11.746
29783.wav,1.227
29784.wav,4.489
29785.wav,17.545
29786.wav,13.073
29787.wav,1.881
29788.wav,2.164
29789.wav,2.697
2979.wav,1.345
29790.wav,2.028
29791.wav,3.001
29792.wav,3.768
29793.wav,1.503
29794.wav,8.298
29795.wav,8.135
29796.wav,8.394
29797.wav,4.692
29798.wav,3.351
29799.wav,2.514
298.wav,0.95
2980.wav,2.34
29800.wav,2.341
29801.wav,12.269
29802.wav,6.638
29803.wav,4.161
29804.wav,1.148
29805.wav,5.203
29806.wav,1.922
29807.wav,1.106
29808.wav,6.548
29809.wav,5.122
2981.wav,3.75
29810.wav,2.995
29811.wav,2.335
29812.wav,7.147
29813.wav,3.97
29814.wav,6.459
29815.wav,0.857
29816.wav,4.355
29817.wav,3.49
29818.wav,1.525
29819.wav,4.763
2982.wav,3.585
29820.wav,2.068
29821.wav,5.47
29822.wav,1.885
29823.wav,4.824
29824.wav,4.251
29825.wav,9.871
29826.wav,1.957
29827.wav,1.797
29828.wav,4.54
29829.wav,5.665
2983.wav,2.141
29830.wav,1.176
29831.wav,3.512
29832.wav,7.315
29833.wav,1.911
29834.wav,1.605
29835.wav,2.729
29836.wav,3.006
29837.wav,1.719
29838.wav,7.236
29839.wav,2.992
2984.wav,2.465
29840.wav,4.158
29841.wav,2.708
29842.wav,15.975
29843.wav,0.71
29844.wav,7.62
29845.wav,2.43
29846.wav,4.373
29847.wav,3.131
29848.wav,0.725
29849.wav,3.337
2985.wav,3.359
29850.wav,7.107
29851.wav,4.983
29852.wav,4.942
29853.wav,2.764
29854.wav,2.859
29855.wav,3.32
29856.wav,1.628
29857.wav,1.542
29858.wav,6.873
29859.wav,5.827
2986.wav,2.393
29860.wav,2.174
29861.wav,1.825
29862.wav,2.282
29863.wav,15.474
29864.wav,4.497
29865.wav,2.554
29866.wav,1.909
29867.wav,1.952
29868.wav,1.754
29869.wav,1.237
2987.wav,10.11
29870.wav,8.182
29871.wav,6.997
29872.wav,1.505
29873.wav,4.72
29874.wav,4.474
29875.wav,1.656
29876.wav,3.581
29877.wav,1.565
29878.wav,6.478
29879.wav,3.659
2988.wav,2.792
29880.wav,2.494
29881.wav,4.16
29882.wav,2.774
29883.wav,3.882
29884.wav,7.119
29885.wav,8.377
29886.wav,1.514
29887.wav,1.589
29888.wav,5.802
29889.wav,1.878
2989.wav,8.575
29890.wav,4.823
29891.wav,2.215
29892.wav,13.207
29893.wav,3.459
29894.wav,19.138
29895.wav,3.927
29896.wav,1.427
29897.wav,3.363
29898.wav,8.327
29899.wav,12.999
299.wav,3.069
2990.wav,6.28
29900.wav,16.666
29901.wav,4.001
29902.wav,3.107
29903.wav,8.201
29904.wav,3.433
29905.wav,1.815
29906.wav,4.685
29907.wav,3.098
29908.wav,5.656
29909.wav,3.3
2991.wav,1.74
29910.wav,4.52
29911.wav,1.549
29912.wav,11.481
29913.wav,5.284
29914.wav,4.487
29915.wav,5.655
29916.wav,3.465
29917.wav,4.509
29918.wav,2.106
29919.wav,1.467
2992.wav,2.732
29920.wav,14.518
29921.wav,9.193
29922.wav,3.912
29923.wav,7.483
29924.wav,5.145
29925.wav,4.186
29926.wav,4.771
29927.wav,0.917
29928.wav,5.131
29929.wav,2.367
2993.wav,6.704
29930.wav,2.059
29931.wav,4.68
29932.wav,2.407
29933.wav,1.635
29934.wav,6.543
29935.wav,3.171
29936.wav,1.042
29937.wav,2.431
29938.wav,4.755
29939.wav,5.881
2994.wav,5.517
29940.wav,6.834
29941.wav,0.774
29942.wav,2.542
29943.wav,3.062
29944.wav,2.7
29945.wav,2.737
29946.wav,3.892
29947.wav,1.786
29948.wav,3.497
29949.wav,1.855
2995.wav,3.432
29950.wav,1.284
29951.wav,5.126
29952.wav,1.443
29953.wav,2.526
29954.wav,2.336
29955.wav,10.798
29956.wav,4.941
29957.wav,6.243
29958.wav,2.558
29959.wav,5.036
2996.wav,5.515
29960.wav,2.261
29961.wav,4.152
29962.wav,3.827
29963.wav,3.187
29964.wav,2.373
29965.wav,8.352
29966.wav,3.087
29967.wav,2.577
29968.wav,4.594
29969.wav,1.782
2997.wav,5.097
29970.wav,2.587
29971.wav,3.197
29972.wav,4.729
29973.wav,7.942
29974.wav,2.673
29975.wav,10.676
29976.wav,4.276
29977.wav,1.182
29978.wav,2.547
29979.wav,3.063
2998.wav,5.776
29980.wav,2.667
29981.wav,5.247
29982.wav,6.457
29983.wav,8.694
29984.wav,10.562
29985.wav,3.037
29986.wav,1.747
29987.wav,3.449
29988.wav,5.772
29989.wav,4.942
2999.wav,5.919
29990.wav,1.79
29991.wav,2.733
29992.wav,12.995
29993.wav,7.1
29994.wav,7.835
29995.wav,2.517
29996.wav,9.315
29997.wav,3.357
29998.wav,7.987
29999.wav,3.191
3.wav,10.431
30.wav,1.384
300.wav,2.283
3000.wav,2.904
30000.wav,3.563
30001.wav,13.902
30002.wav,1.588
30003.wav,2.806
30004.wav,2.474
30005.wav,3.751
30006.wav,3.858
30007.wav,1.737
30008.wav,2.341
30009.wav,5.059
3001.wav,1.788
30010.wav,2.685
30011.wav,6.006
30012.wav,3.824
30013.wav,0.802
30014.wav,6.012
30015.wav,2.055
30016.wav,4.08
30017.wav,14.79
30018.wav,2.172
30019.wav,4.987
3002.wav,3.695
30020.wav,6.177
30021.wav,10.195
30022.wav,3.401
30023.wav,2.47
30024.wav,4.737
30025.wav,1.567
30026.wav,3.615
30027.wav,3.044
30028.wav,2.765
30029.wav,2.54
3003.wav,8.607
30030.wav,3.437
30031.wav,6.939
30032.wav,4.56
30033.wav,4.993
30034.wav,2.991
30035.wav,1.51
30036.wav,3.436
30037.wav,1.674
30038.wav,3.91
30039.wav,3.276
3004.wav,6.995
30040.wav,5.523
30041.wav,2.432
30042.wav,6.486
30043.wav,13.04
30044.wav,5.514
30045.wav,3.512
30046.wav,2.291
30047.wav,6.858
30048.wav,7.557
30049.wav,3.114
3005.wav,4.812
30050.wav,7.996
30051.wav,3.146
30052.wav,2.916
30053.wav,2.486
30054.wav,0.914
30055.wav,1.116
30056.wav,2.236
30057.wav,3.322
30058.wav,3.608
30059.wav,1.807
3006.wav,5.138
30060.wav,5.77
30061.wav,2.735
30062.wav,19.004
30063.wav,10.896
30064.wav,2.481
30065.wav,5.874
30066.wav,6.231
30067.wav,2.983
30068.wav,1.429
30069.wav,13.05
3007.wav,3.237
30070.wav,2.135
30071.wav,1.908
30072.wav,6.755
30073.wav,4.884
30074.wav,4.272
30075.wav,5.09
30076.wav,1.692
30077.wav,2.085
30078.wav,4.618
30079.wav,1.911
3008.wav,9.44
30080.wav,2.832
30081.wav,5.652
30082.wav,1.445
30083.wav,3.773
30084.wav,5.956
30085.wav,12.961
30086.wav,3.751
30087.wav,9.707
30088.wav,3.05
30089.wav,1.979
3009.wav,2.011
30090.wav,1.981
30091.wav,5.517
30092.wav,7.352
30093.wav,3.428
30094.wav,0.952
30095.wav,3.843
30096.wav,3.615
30097.wav,3.849
30098.wav,10.096
30099.wav,5.023
301.wav,2.935
3010.wav,1.563
30100.wav,1.685
30101.wav,4.04
30102.wav,2.838
30103.wav,3.488
30104.wav,4.536
30105.wav,2.87
30106.wav,3.107
30107.wav,12.431
30108.wav,2.262
30109.wav,5.612
3011.wav,2.5
30110.wav,2.91
30111.wav,2.638
30112.wav,1.228
30113.wav,6.708
30114.wav,4.455
30115.wav,7.724
30116.wav,1.908
30117.wav,2.846
30118.wav,13.487
30119.wav,3.78
3012.wav,1.759
30120.wav,2.946
30121.wav,3.363
30122.wav,11.699
30123.wav,3.223
30124.wav,2.615
30125.wav,1.706
30126.wav,16.759
30127.wav,2.746
30128.wav,3.201
30129.wav,3.511
3013.wav,8.191
30130.wav,6.605
30131.wav,2.355
30132.wav,1.686
30133.wav,1.561
30134.wav,1.019
30135.wav,4.405
30136.wav,4.737
30137.wav,2.672
30138.wav,1.998
30139.wav,7.329
3014.wav,3.151
30140.wav,5.172
30141.wav,3.234
30142.wav,0.893
30143.wav,2.509
30144.wav,3.414
30145.wav,2.592
30146.wav,1.476
30147.wav,12.701
30148.wav,5.373
30149.wav,5.561
3015.wav,3.254
30150.wav,4.444
30151.wav,4.238
30152.wav,1.536
30153.wav,4.28
30154.wav,11.286
30155.wav,2.58
30156.wav,1.534
30157.wav,1.663
30158.wav,4.092
30159.wav,4.14
3016.wav,1.541
30160.wav,5.638
30161.wav,2.38
30162.wav,5.126
30163.wav,8.587
30164.wav,5.145
30165.wav,2.801
30166.wav,1.282
30167.wav,8.785
30168.wav,2.894
30169.wav,1.917
3017.wav,5.141
30170.wav,7.471
30171.wav,1.905
30172.wav,10.043
30173.wav,3.142
30174.wav,1.555
30175.wav,3.244
30176.wav,5.54
30177.wav,7.987
30178.wav,2.412
30179.wav,2.913
3018.wav,1.917
30180.wav,11.693
30181.wav,1.51
30182.wav,3.118
30183.wav,1.903
30184.wav,2.692
30185.wav,3.103
30186.wav,2.339
30187.wav,1.861
30188.wav,10.206
30189.wav,4.148
3019.wav,4.027
30190.wav,1.544
30191.wav,1.351
30192.wav,4.036
30193.wav,3.193
30194.wav,5.919
30195.wav,1.915
30196.wav,1.785
30197.wav,5.175
30198.wav,4.061
30199.wav,5.264
302.wav,3.094
3020.wav,2.006
30200.wav,1.662
30201.wav,5.12
30202.wav,19.72
30203.wav,5.186
30204.wav,1.711
30205.wav,5.817
30206.wav,0.876
30207.wav,7.08
30208.wav,6.31
30209.wav,13.954
3021.wav,2.123
30210.wav,2.136
30211.wav,0.827
30212.wav,3.396
30213.wav,2.204
30214.wav,9.555
30215.wav,1.47
30216.wav,3.496
30217.wav,5.418
30218.wav,8.201
30219.wav,1.662
3022.wav,7.11
30220.wav,6.912
30221.wav,2.597
30222.wav,1.889
30223.wav,4.808
30224.wav,2.068
30225.wav,4.358
30226.wav,7.956
30227.wav,1.637
30228.wav,1.029
30229.wav,1.213
3023.wav,2.263
30230.wav,2.91
30231.wav,5.241
30232.wav,8.94
30233.wav,4.323
30234.wav,4.23
30235.wav,3.537
30236.wav,2.74
30237.wav,2.235
30238.wav,3.644
30239.wav,12.555
3024.wav,1.641
30240.wav,3.081
30241.wav,5.372
30242.wav,6.643
30243.wav,1.243
30244.wav,5.305
30245.wav,3.37
30246.wav,7.311
30247.wav,4.665
30248.wav,5.579
30249.wav,3.65
3025.wav,6.327
30250.wav,2.26
30251.wav,3.515
30252.wav,23.32
30253.wav,3.559
30254.wav,2.885
30255.wav,1.607
30256.wav,5.677
30257.wav,2.008
30258.wav,1.823
30259.wav,1.272
3026.wav,2.366
30260.wav,7.547
30261.wav,0.815
30262.wav,2.186
30263.wav,2.525
30264.wav,5.074
30265.wav,2.353
30266.wav,8.499
30267.wav,2.953
30268.wav,2.209
30269.wav,5.602
3027.wav,2.423
30270.wav,3.012
30271.wav,3.077
30272.wav,0.88
30273.wav,1.767
30274.wav,2.532
30275.wav,3.206
30276.wav,3.53
30277.wav,7.129
30278.wav,3.011
30279.wav,1.893
3028.wav,2.881
30280.wav,1.848
30281.wav,2.477
30282.wav,9.341
30283.wav,1.263
30284.wav,1.522
30285.wav,3.516
30286.wav,3.018
30287.wav,1.683
30288.wav,4.42
30289.wav,3.148
3029.wav,1.119
30290.wav,1.098
30291.wav,23.549
30292.wav,3.595
30293.wav,7.495
30294.wav,1.32
30295.wav,5.098
30296.wav,2.669
30297.wav,2.002
30298.wav,21.222
30299.wav,5.539
303.wav,2.248
3030.wav,6.742
30300.wav,5.559
30301.wav,3.279
30302.wav,7.054
30303.wav,1.532
30304.wav,1.486
30305.wav,4.219
30306.wav,5.39
30307.wav,1.779
30308.wav,23.888
30309.wav,6.451
3031.wav,2.005
30310.wav,2.306
30311.wav,5.876
30312.wav,1.727
30313.wav,10.421
30314.wav,6.493
30315.wav,2.153
30316.wav,6.581
30317.wav,3.913
30318.wav,7.891
30319.wav,1.108
3032.wav,1.58
30320.wav,2.026
30321.wav,1.138
30322.wav,1.476
30323.wav,7.833
30324.wav,4.078
30325.wav,0.872
30326.wav,0.961
30327.wav,14.835
30328.wav,0.815
30329.wav,1.024
3033.wav,5.098
30330.wav,3.486
30331.wav,1.936
30332.wav,8.798
30333.wav,15.941
30334.wav,4.009
30335.wav,3.023
30336.wav,3.085
30337.wav,14.121
30338.wav,2.644
30339.wav,5.847
3034.wav,11.208
30340.wav,4.388
30341.wav,21.564
30342.wav,3.154
30343.wav,10.971
30344.wav,1.03
30345.wav,2.605
30346.wav,0.924
30347.wav,4.799
30348.wav,2.832
30349.wav,3.629
3035.wav,6.227
30350.wav,3.034
30351.wav,7.503
30352.wav,1.746
30353.wav,16.179
30354.wav,6.785
30355.wav,4.472
30356.wav,1.347
30357.wav,4.764
30358.wav,5.596
30359.wav,7.519
3036.wav,4.88
30360.wav,0.89
30361.wav,2.176
30362.wav,2.439
30363.wav,2.39
30364.wav,5.381
30365.wav,1.471
30366.wav,8.077
30367.wav,3.709
30368.wav,6.158
30369.wav,4.689
3037.wav,2.175
30370.wav,2.484
30371.wav,4.619
30372.wav,2.378
30373.wav,1.603
30374.wav,3.663
30375.wav,3.173
30376.wav,4.035
30377.wav,1.38
30378.wav,1.889
30379.wav,17.015
3038.wav,7.107
30380.wav,4.596
30381.wav,3.846
30382.wav,14.14
30383.wav,6.416
30384.wav,5.528
30385.wav,0.962
30386.wav,4.359
30387.wav,4.184
30388.wav,13.252
30389.wav,2.646
3039.wav,7.908
30390.wav,3.397
30391.wav,3.566
30392.wav,5.469
30393.wav,3.01
30394.wav,5.086
30395.wav,2.121
30396.wav,4.763
30397.wav,2.809
30398.wav,12.077
30399.wav,3.576
304.wav,3.629
3040.wav,6.14
30400.wav,2.892
30401.wav,6.208
30402.wav,1.261
30403.wav,11.482
30404.wav,2.531
30405.wav,0.756
30406.wav,1.872
30407.wav,1.313
30408.wav,8.6
30409.wav,2.905
3041.wav,7.361
30410.wav,11.313
30411.wav,1.4
30412.wav,5.231
30413.wav,2.115
30414.wav,9.42
30415.wav,7.005
30416.wav,3.21
30417.wav,3.692
30418.wav,10.0
30419.wav,2.267
3042.wav,2.272
30420.wav,3.314
30421.wav,16.28
30422.wav,5.06
30423.wav,1.485
30424.wav,2.075
30425.wav,6.839
30426.wav,11.092
30427.wav,9.086
30428.wav,1.224
30429.wav,2.105
3043.wav,3.767
30430.wav,1.531
30431.wav,4.883
30432.wav,5.429
30433.wav,2.91
30434.wav,1.885
30435.wav,5.326
30436.wav,5.044
30437.wav,3.309
30438.wav,2.25
30439.wav,5.086
3044.wav,2.092
30440.wav,0.849
30441.wav,2.763
30442.wav,5.196
30443.wav,5.184
30444.wav,4.317
30445.wav,2.226
30446.wav,16.931
30447.wav,4.514
30448.wav,2.43
30449.wav,3.386
3045.wav,8.223
30450.wav,7.179
30451.wav,3.173
30452.wav,2.1
30453.wav,2.19
30454.wav,9.917
30455.wav,1.801
30456.wav,7.826
30457.wav,2.159
30458.wav,3.133
30459.wav,1.031
3046.wav,3.244
30460.wav,9.06
30461.wav,2.546
30462.wav,2.863
30463.wav,23.366
30464.wav,6.19
30465.wav,4.45
30466.wav,2.518
30467.wav,2.468
30468.wav,1.666
30469.wav,2.269
3047.wav,3.98
30470.wav,14.131
30471.wav,2.287
30472.wav,2.078
30473.wav,3.52
30474.wav,9.75
30475.wav,8.996
30476.wav,8.225
30477.wav,5.706
30478.wav,2.175
30479.wav,3.662
3048.wav,3.68
30480.wav,2.392
30481.wav,2.674
30482.wav,4.092
30483.wav,2.156
30484.wav,3.806
30485.wav,12.906
30486.wav,7.193
30487.wav,0.986
30488.wav,2.702
30489.wav,1.457
3049.wav,3.148
30490.wav,8.468
30491.wav,1.811
30492.wav,3.038
30493.wav,5.513
30494.wav,2.704
30495.wav,3.337
30496.wav,1.681
30497.wav,6.419
30498.wav,5.25
30499.wav,4.588
305.wav,6.191
3050.wav,1.694
30500.wav,5.135
30501.wav,3.983
30502.wav,1.954
30503.wav,6.044
30504.wav,3.473
30505.wav,1.6
30506.wav,3.218
30507.wav,2.973
30508.wav,11.929
30509.wav,2.081
3051.wav,7.302
30510.wav,7.059
30511.wav,5.834
30512.wav,2.254
30513.wav,2.051
30514.wav,2.428
30515.wav,7.536
30516.wav,3.748
30517.wav,1.524
30518.wav,4.275
30519.wav,4.192
3052.wav,6.545
30520.wav,2.63
30521.wav,9.235
30522.wav,3.89
30523.wav,4.968
30524.wav,1.468
30525.wav,2.295
30526.wav,4.185
30527.wav,4.036
30528.wav,9.169
30529.wav,14.483
3053.wav,6.02
30530.wav,4.503
30531.wav,1.666
30532.wav,2.966
30533.wav,6.826
30534.wav,2.281
30535.wav,3.155
30536.wav,4.764
30537.wav,4.235
30538.wav,2.734
30539.wav,2.995
3054.wav,4.116
30540.wav,8.355
30541.wav,1.882
30542.wav,7.698
30543.wav,2.675
30544.wav,2.712
30545.wav,1.409
30546.wav,8.154
30547.wav,2.473
30548.wav,1.774
30549.wav,2.545
3055.wav,1.918
30550.wav,6.938
30551.wav,4.263
30552.wav,3.113
30553.wav,8.839
30554.wav,3.988
30555.wav,2.078
30556.wav,4.828
30557.wav,7.751
30558.wav,2.424
30559.wav,3.379
3056.wav,1.993
30560.wav,5.054
30561.wav,9.615
30562.wav,3.963
30563.wav,3.742
30564.wav,1.588
30565.wav,3.115
30566.wav,2.973
30567.wav,6.883
30568.wav,5.356
30569.wav,6.293
3057.wav,5.306
30570.wav,14.98
30571.wav,5.649
30572.wav,0.783
30573.wav,7.61
30574.wav,1.929
30575.wav,5.87
30576.wav,2.815
30577.wav,18.016
30578.wav,3.203
30579.wav,3.63
3058.wav,2.405
30580.wav,2.347
30581.wav,1.959
30582.wav,4.072
30583.wav,5.848
30584.wav,8.982
30585.wav,2.355
30586.wav,2.167
30587.wav,1.536
30588.wav,3.405
30589.wav,4.276
3059.wav,0.879
30590.wav,7.673
30591.wav,1.779
30592.wav,2.954
30593.wav,2.84
30594.wav,11.893
30595.wav,5.571
30596.wav,0.875
30597.wav,10.961
30598.wav,1.126
30599.wav,3.567
306.wav,1.411
3060.wav,3.528
30600.wav,18.524
30601.wav,1.635
30602.wav,5.889
30603.wav,9.731
30604.wav,4.029
30605.wav,3.673
30606.wav,3.541
30607.wav,3.648
30608.wav,2.26
30609.wav,2.406
3061.wav,4.352
30610.wav,4.507
30611.wav,0.979
30612.wav,1.864
30613.wav,5.883
30614.wav,3.638
30615.wav,6.593
30616.wav,7.674
30617.wav,2.287
30618.wav,1.142
30619.wav,1.935
3062.wav,3.897
30620.wav,3.041
30621.wav,3.332
30622.wav,1.534
30623.wav,2.69
30624.wav,3.507
30625.wav,3.053
30626.wav,2.484
30627.wav,4.663
30628.wav,2.145
30629.wav,1.351
3063.wav,14.16
30630.wav,3.079
30631.wav,2.398
30632.wav,3.765
30633.wav,11.005
30634.wav,3.106
30635.wav,2.709
30636.wav,7.242
30637.wav,2.465
30638.wav,7.824
30639.wav,2.799
3064.wav,2.077
30640.wav,10.361
30641.wav,6.699
30642.wav,9.397
30643.wav,1.9
30644.wav,2.085
30645.wav,4.069
30646.wav,1.304
30647.wav,5.163
30648.wav,4.774
30649.wav,1.853
3065.wav,5.193
30650.wav,0.729
30651.wav,1.232
30652.wav,1.899
30653.wav,1.14
30654.wav,3.964
30655.wav,1.87
30656.wav,12.45
30657.wav,2.528
30658.wav,3.171
30659.wav,12.329
3066.wav,3.712
30660.wav,4.452
30661.wav,11.353
30662.wav,2.606
30663.wav,2.202
30664.wav,2.455
30665.wav,4.578
30666.wav,1.6
30667.wav,3.985
30668.wav,1.873
30669.wav,15.594
3067.wav,1.622
30670.wav,5.816
30671.wav,5.552
30672.wav,2.695
30673.wav,6.321
30674.wav,2.895
30675.wav,5.8
30676.wav,6.328
30677.wav,1.889
30678.wav,6.158
30679.wav,21.507
3068.wav,10.111
30680.wav,4.241
30681.wav,2.624
30682.wav,1.498
30683.wav,2.147
30684.wav,3.9
30685.wav,1.57
30686.wav,2.6
30687.wav,1.761
30688.wav,2.459
30689.wav,2.984
3069.wav,1.931
30690.wav,3.907
30691.wav,2.852
30692.wav,2.234
30693.wav,1.76
30694.wav,4.414
30695.wav,1.218
30696.wav,6.529
30697.wav,5.329
30698.wav,1.277
30699.wav,9.013
307.wav,4.343
3070.wav,2.809
30700.wav,8.679
30701.wav,1.11
30702.wav,1.598
30703.wav,4.539
30704.wav,3.725
30705.wav,2.149
30706.wav,4.691
30707.wav,5.044
30708.wav,4.692
30709.wav,2.806
3071.wav,0.657
30710.wav,3.409
30711.wav,7.87
30712.wav,3.732
30713.wav,6.236
30714.wav,2.545
30715.wav,0.835
30716.wav,1.918
30717.wav,3.991
30718.wav,6.546
30719.wav,2.408
3072.wav,3.456
30720.wav,10.067
30721.wav,7.057
30722.wav,3.055
30723.wav,6.043
30724.wav,1.875
30725.wav,6.358
30726.wav,3.372
30727.wav,1.93
30728.wav,12.269
30729.wav,1.328
3073.wav,6.62
30730.wav,4.143
30731.wav,2.337
30732.wav,0.699
30733.wav,1.399
30734.wav,4.448
30735.wav,16.489
30736.wav,4.02
30737.wav,1.42
30738.wav,6.128
30739.wav,1.961
3074.wav,2.674
30740.wav,1.41
30741.wav,21.491
30742.wav,3.711
30743.wav,6.145
30744.wav,1.734
30745.wav,5.972
30746.wav,4.843
30747.wav,2.249
30748.wav,1.588
30749.wav,2.753
3075.wav,0.913
30750.wav,3.119
30751.wav,2.251
30752.wav,3.258
30753.wav,4.951
30754.wav,3.062
30755.wav,10.068
30756.wav,14.509
30757.wav,3.171
30758.wav,2.027
30759.wav,3.17
3076.wav,3.319
30760.wav,2.448
30761.wav,7.163
30762.wav,2.88
30763.wav,2.182
30764.wav,1.94
30765.wav,3.159
30766.wav,5.551
30767.wav,3.472
30768.wav,1.418
30769.wav,5.395
3077.wav,1.996
30770.wav,1.579
30771.wav,0.884
30772.wav,1.941
30773.wav,3.849
30774.wav,3.044
30775.wav,1.597
30776.wav,1.377
30777.wav,4.243
30778.wav,4.641
30779.wav,4.231
3078.wav,4.886
30780.wav,6.153
30781.wav,8.412
30782.wav,2.706
30783.wav,1.006
30784.wav,4.428
30785.wav,2.827
30786.wav,2.399
30787.wav,3.602
30788.wav,5.37
30789.wav,3.13
3079.wav,5.516
30790.wav,2.238
30791.wav,2.603
30792.wav,9.0
30793.wav,6.131
30794.wav,3.751
30795.wav,6.169
30796.wav,2.402
30797.wav,4.26
30798.wav,1.511
30799.wav,2.172
308.wav,1.718
3080.wav,5.088
30800.wav,4.536
30801.wav,8.778
30802.wav,1.995
30803.wav,3.204
30804.wav,3.551
30805.wav,5.988
30806.wav,5.393
30807.wav,2.019
30808.wav,4.606
30809.wav,4.787
3081.wav,4.425
30810.wav,4.801
30811.wav,3.762
30812.wav,7.878
30813.wav,1.466
30814.wav,8.958
30815.wav,3.588
30816.wav,6.097
30817.wav,6.524
30818.wav,9.577
30819.wav,9.817
3082.wav,7.04
30820.wav,16.18
30821.wav,2.023
30822.wav,3.13
30823.wav,10.601
30824.wav,3.908
30825.wav,3.674
30826.wav,2.758
30827.wav,4.232
30828.wav,1.79
30829.wav,2.093
3083.wav,10.15
30830.wav,0.814
30831.wav,1.493
30832.wav,2.401
30833.wav,4.441
30834.wav,0.809
30835.wav,4.102
30836.wav,2.198
30837.wav,4.2
30838.wav,4.683
30839.wav,0.944
3084.wav,0.905
30840.wav,0.978
30841.wav,1.917
30842.wav,1.811
30843.wav,1.995
30844.wav,1.88
30845.wav,2.341
30846.wav,3.353
30847.wav,4.581
30848.wav,4.897
30849.wav,4.07
3085.wav,1.811
30850.wav,3.248
30851.wav,6.882
30852.wav,6.243
30853.wav,5.797
30854.wav,3.799
30855.wav,2.909
30856.wav,5.174
30857.wav,3.157
30858.wav,4.021
30859.wav,2.295
3086.wav,2.831
30860.wav,2.165
30861.wav,2.552
30862.wav,10.467
30863.wav,1.83
30864.wav,0.91
30865.wav,4.586
30866.wav,4.003
30867.wav,4.688
30868.wav,2.574
30869.wav,2.939
3087.wav,3.369
30870.wav,3.747
30871.wav,0.896
30872.wav,3.144
30873.wav,11.262
30874.wav,4.702
30875.wav,1.341
30876.wav,2.087
30877.wav,1.39
30878.wav,1.567
30879.wav,1.801
3088.wav,1.321
30880.wav,8.784
30881.wav,1.249
30882.wav,9.5
30883.wav,4.874
30884.wav,1.083
30885.wav,2.151
30886.wav,12.121
30887.wav,1.385
30888.wav,2.149
30889.wav,1.61
3089.wav,4.114
30890.wav,0.799
30891.wav,2.508
30892.wav,3.569
30893.wav,2.467
30894.wav,10.182
30895.wav,3.353
30896.wav,2.404
30897.wav,4.205
30898.wav,3.835
30899.wav,1.427
309.wav,2.948
3090.wav,3.054
30900.wav,7.502
30901.wav,2.053
30902.wav,3.258
30903.wav,2.127
30904.wav,2.895
30905.wav,1.619
30906.wav,4.185
30907.wav,2.784
30908.wav,3.473
30909.wav,3.329
3091.wav,1.755
30910.wav,3.907
30911.wav,3.671
30912.wav,1.206
30913.wav,1.4
30914.wav,4.417
30915.wav,2.23
30916.wav,2.378
30917.wav,4.155
30918.wav,5.612
30919.wav,1.462
3092.wav,3.354
30920.wav,1.727
30921.wav,9.781
30922.wav,3.152
30923.wav,2.241
30924.wav,5.018
30925.wav,1.252
30926.wav,2.886
30927.wav,1.799
30928.wav,4.476
30929.wav,3.326
3093.wav,1.809
30930.wav,8.251
30931.wav,3.361
30932.wav,2.584
30933.wav,8.225
30934.wav,2.411
30935.wav,2.244
30936.wav,1.515
30937.wav,2.882
30938.wav,4.021
30939.wav,3.509
3094.wav,7.975
30940.wav,6.205
30941.wav,3.042
30942.wav,4.133
30943.wav,1.619
30944.wav,5.185
30945.wav,3.386
30946.wav,2.284
30947.wav,3.404
30948.wav,5.069
30949.wav,2.455
3095.wav,11.034
30950.wav,14.637
30951.wav,4.48
30952.wav,2.008
30953.wav,1.067
30954.wav,6.019
30955.wav,2.654
30956.wav,1.097
30957.wav,3.334
30958.wav,1.875
30959.wav,4.104
3096.wav,5.672
30960.wav,7.797
30961.wav,3.135
30962.wav,1.174
30963.wav,2.591
30964.wav,2.75
30965.wav,5.054
30966.wav,9.723
30967.wav,3.59
30968.wav,1.039
30969.wav,22.897
3097.wav,15.306
30970.wav,1.649
30971.wav,2.242
30972.wav,1.212
30973.wav,8.953
30974.wav,1.681
30975.wav,4.391
30976.wav,2.465
30977.wav,2.344
30978.wav,2.939
30979.wav,3.698
3098.wav,4.325
30980.wav,2.027
30981.wav,4.737
30982.wav,2.362
30983.wav,5.001
30984.wav,3.505
30985.wav,10.404
30986.wav,3.962
30987.wav,3.027
30988.wav,2.22
30989.wav,1.811
3099.wav,2.148
30990.wav,15.227
30991.wav,7.943
30992.wav,4.258
30993.wav,3.095
30994.wav,2.982
30995.wav,21.161
30996.wav,4.228
30997.wav,3.144
30998.wav,5.074
30999.wav,2.89
31.wav,14.635
310.wav,2.169
3100.wav,3.417
31000.wav,0.846
31001.wav,4.674
31002.wav,2.708
31003.wav,1.435
31004.wav,4.349
31005.wav,4.016
31006.wav,3.201
31007.wav,2.519
31008.wav,1.857
31009.wav,11.159
3101.wav,11.809
31010.wav,4.594
31011.wav,2.573
31012.wav,1.409
31013.wav,2.812
31014.wav,1.102
31015.wav,6.461
31016.wav,3.255
31017.wav,3.969
31018.wav,3.111
31019.wav,2.135
3102.wav,6.003
31020.wav,8.213
31021.wav,3.523
31022.wav,8.025
31023.wav,3.066
31024.wav,5.699
31025.wav,2.008
31026.wav,2.131
31027.wav,2.843
31028.wav,2.233
31029.wav,7.183
3103.wav,1.941
31030.wav,5.094
31031.wav,4.764
31032.wav,8.183
31033.wav,1.359
31034.wav,12.2
31035.wav,10.386
31036.wav,15.344
31037.wav,2.701
31038.wav,2.57
31039.wav,3.218
3104.wav,2.013
31040.wav,14.165
31041.wav,0.947
31042.wav,3.832
31043.wav,1.786
31044.wav,3.576
31045.wav,5.5
31046.wav,6.484
31047.wav,6.422
31048.wav,9.509
31049.wav,2.362
3105.wav,3.135
31050.wav,2.379
31051.wav,1.844
31052.wav,2.411
31053.wav,2.89
31054.wav,2.386
31055.wav,3.756
31056.wav,6.307
31057.wav,3.244
31058.wav,2.29
31059.wav,1.659
3106.wav,3.61
31060.wav,3.872
31061.wav,3.828
31062.wav,4.741
31063.wav,3.327
31064.wav,5.601
31065.wav,9.665
31066.wav,5.041
31067.wav,4.194
31068.wav,5.008
31069.wav,4.41
3107.wav,4.197
31070.wav,10.297
31071.wav,3.586
31072.wav,8.037
31073.wav,5.506
31074.wav,1.998
31075.wav,3.778
31076.wav,1.517
31077.wav,4.136
31078.wav,11.596
31079.wav,4.641
3108.wav,7.1
31080.wav,0.993
31081.wav,3.167
31082.wav,1.843
31083.wav,1.828
31084.wav,1.125
31085.wav,2.607
31086.wav,4.511
31087.wav,1.742
31088.wav,6.907
31089.wav,1.661
3109.wav,3.162
31090.wav,2.522
31091.wav,4.42
31092.wav,5.768
31093.wav,5.065
31094.wav,1.828
31095.wav,7.695
31096.wav,1.463
31097.wav,3.106
31098.wav,7.456
31099.wav,7.78
311.wav,1.767
3110.wav,2.732
31100.wav,3.061
31101.wav,7.55
31102.wav,1.457
31103.wav,2.584
31104.wav,2.458
31105.wav,2.434
31106.wav,2.936
31107.wav,3.243
31108.wav,4.042
31109.wav,4.983
3111.wav,3.017
31110.wav,2.498
31111.wav,1.768
31112.wav,2.172
31113.wav,3.411
31114.wav,8.854
31115.wav,0.749
31116.wav,22.52
31117.wav,3.216
31118.wav,11.292
31119.wav,1.422
3112.wav,1.606
31120.wav,2.305
31121.wav,4.52
31122.wav,2.584
31123.wav,2.492
31124.wav,4.67
31125.wav,1.941
31126.wav,6.775
31127.wav,9.266
31128.wav,1.311
31129.wav,1.795
3113.wav,2.336
31130.wav,3.076
31131.wav,2.341
31132.wav,6.545
31133.wav,4.484
31134.wav,4.76
31135.wav,6.038
31136.wav,2.683
31137.wav,13.852
31138.wav,1.993
31139.wav,2.086
3114.wav,3.825
31140.wav,4.323
31141.wav,4.87
31142.wav,2.633
31143.wav,2.759
31144.wav,2.552
31145.wav,3.404
31146.wav,2.763
31147.wav,9.868
31148.wav,13.871
31149.wav,6.567
3115.wav,3.215
31150.wav,2.855
31151.wav,2.327
31152.wav,5.909
31153.wav,1.573
31154.wav,4.624
31155.wav,3.425
31156.wav,1.778
31157.wav,1.532
31158.wav,5.831
31159.wav,3.729
3116.wav,5.95
31160.wav,3.647
31161.wav,2.33
31162.wav,3.253
31163.wav,1.613
31164.wav,2.685
31165.wav,6.95
31166.wav,7.621
31167.wav,3.935
31168.wav,2.316
31169.wav,2.136
3117.wav,2.176
31170.wav,2.19
31171.wav,1.464
31172.wav,6.036
31173.wav,2.528
31174.wav,2.7
31175.wav,4.655
31176.wav,13.374
31177.wav,1.17
31178.wav,3.396
31179.wav,2.762
3118.wav,8.97
31180.wav,1.352
31181.wav,13.253
31182.wav,1.553
31183.wav,5.219
31184.wav,1.572
31185.wav,7.553
31186.wav,1.983
31187.wav,8.203
31188.wav,3.641
31189.wav,4.857
3119.wav,2.022
31190.wav,2.646
31191.wav,3.268
31192.wav,1.417
31193.wav,4.755
31194.wav,1.788
31195.wav,4.035
31196.wav,1.938
31197.wav,5.849
31198.wav,8.616
31199.wav,2.405
312.wav,8.135
3120.wav,4.038
31200.wav,8.122
31201.wav,2.121
31202.wav,10.581
31203.wav,2.07
31204.wav,7.016
31205.wav,11.985
31206.wav,12.746
31207.wav,1.523
31208.wav,4.403
31209.wav,9.576
3121.wav,8.12
31210.wav,6.74
31211.wav,2.653
31212.wav,3.057
31213.wav,5.545
31214.wav,5.52
31215.wav,3.745
31216.wav,4.551
31217.wav,3.951
31218.wav,2.916
31219.wav,1.568
3122.wav,2.628
31220.wav,2.884
31221.wav,2.176
31222.wav,6.131
31223.wav,2.573
31224.wav,3.682
31225.wav,6.44
31226.wav,15.26
31227.wav,0.796
31228.wav,3.193
31229.wav,2.489
3123.wav,0.596
31230.wav,1.939
31231.wav,5.997
31232.wav,2.32
31233.wav,3.001
31234.wav,2.058
31235.wav,3.578
31236.wav,2.234
31237.wav,2.618
31238.wav,0.803
31239.wav,1.855
3124.wav,3.802
31240.wav,2.714
31241.wav,2.64
31242.wav,5.515
31243.wav,3.312
31244.wav,13.599
31245.wav,9.97
31246.wav,1.898
31247.wav,2.125
31248.wav,6.887
31249.wav,2.197
3125.wav,1.534
31250.wav,3.257
31251.wav,2.176
31252.wav,2.431
31253.wav,21.176
31254.wav,2.014
31255.wav,1.827
31256.wav,2.938
31257.wav,4.818
31258.wav,2.076
31259.wav,8.184
3126.wav,3.897
31260.wav,1.667
31261.wav,4.698
31262.wav,1.541
31263.wav,8.549
31264.wav,5.095
31265.wav,1.208
31266.wav,2.332
31267.wav,4.717
31268.wav,0.773
31269.wav,1.584
3127.wav,9.705
31270.wav,3.571
31271.wav,1.266
31272.wav,2.435
31273.wav,7.101
31274.wav,2.036
31275.wav,3.574
31276.wav,3.037
31277.wav,3.793
31278.wav,3.678
31279.wav,2.995
3128.wav,1.793
31280.wav,4.011
31281.wav,8.729
31282.wav,1.682
31283.wav,2.208
31284.wav,8.152
31285.wav,2.219
31286.wav,6.84
31287.wav,3.827
31288.wav,3.51
31289.wav,2.085
3129.wav,2.756
31290.wav,3.091
31291.wav,1.665
31292.wav,2.5
31293.wav,5.113
31294.wav,2.322
31295.wav,5.5
31296.wav,7.716
31297.wav,10.654
31298.wav,4.294
31299.wav,5.336
313.wav,2.13
3130.wav,1.852
31300.wav,2.089
31301.wav,2.347
31302.wav,3.006
31303.wav,1.788
31304.wav,10.058
31305.wav,3.199
31306.wav,2.498
31307.wav,10.256
31308.wav,1.405
31309.wav,1.659
3131.wav,2.094
31310.wav,2.144
31311.wav,2.323
31312.wav,4.129
31313.wav,1.758
31314.wav,3.789
31315.wav,4.881
31316.wav,4.335
31317.wav,2.933
31318.wav,2.315
31319.wav,1.23
3132.wav,1.381
31320.wav,4.252
31321.wav,7.551
31322.wav,4.11
31323.wav,5.948
31324.wav,3.398
31325.wav,4.98
31326.wav,11.307
31327.wav,6.541
31328.wav,1.324
31329.wav,3.641
3133.wav,1.809
31330.wav,4.79
31331.wav,7.666
31332.wav,2.255
31333.wav,1.98
31334.wav,2.589
31335.wav,2.534
31336.wav,3.097
31337.wav,2.421
31338.wav,6.792
31339.wav,4.009
3134.wav,3.789
31340.wav,3.154
31341.wav,5.934
31342.wav,4.347
31343.wav,0.943
31344.wav,1.654
31345.wav,5.192
31346.wav,4.01
31347.wav,1.232
31348.wav,7.737
31349.wav,2.743
3135.wav,1.829
31350.wav,2.791
31351.wav,5.109
31352.wav,6.036
31353.wav,8.711
31354.wav,4.785
31355.wav,4.342
31356.wav,1.301
31357.wav,3.624
31358.wav,5.854
31359.wav,1.539
3136.wav,3.025
31360.wav,6.163
31361.wav,1.523
31362.wav,4.044
31363.wav,4.163
31364.wav,2.109
31365.wav,2.373
31366.wav,1.762
31367.wav,2.633
31368.wav,3.82
31369.wav,3.824
3137.wav,1.995
31370.wav,7.735
31371.wav,3.41
31372.wav,3.96
31373.wav,3.724
31374.wav,3.227
31375.wav,3.462
31376.wav,8.133
31377.wav,2.59
31378.wav,11.152
31379.wav,1.98
3138.wav,2.135
31380.wav,2.672
31381.wav,1.568
31382.wav,7.136
31383.wav,1.733
31384.wav,1.487
31385.wav,3.817
31386.wav,3.864
31387.wav,11.701
31388.wav,10.123
31389.wav,8.454
3139.wav,1.468
31390.wav,7.01
31391.wav,3.058
31392.wav,6.642
31393.wav,2.293
31394.wav,1.858
31395.wav,2.133
31396.wav,3.098
31397.wav,4.555
31398.wav,8.474
31399.wav,3.168
314.wav,13.315
3140.wav,13.893
31400.wav,0.805
31401.wav,1.307
31402.wav,2.638
31403.wav,4.196
31404.wav,1.129
31405.wav,5.791
31406.wav,2.506
31407.wav,4.317
31408.wav,5.825
31409.wav,2.576
3141.wav,2.297
31410.wav,3.039
31411.wav,2.18
31412.wav,2.213
31413.wav,1.046
31414.wav,1.423
31415.wav,6.349
31416.wav,3.282
31417.wav,1.91
31418.wav,1.652
31419.wav,2.619
3142.wav,4.057
31420.wav,8.069
31421.wav,4.572
31422.wav,8.287
31423.wav,1.224
31424.wav,4.038
31425.wav,2.039
31426.wav,2.707
31427.wav,8.39
31428.wav,1.784
31429.wav,3.437
3143.wav,3.637
31430.wav,3.467
31431.wav,3.001
31432.wav,8.922
31433.wav,2.45
31434.wav,5.362
31435.wav,1.517
31436.wav,4.277
31437.wav,5.707
31438.wav,1.256
31439.wav,4.079
3144.wav,1.944
31440.wav,2.491
31441.wav,1.472
31442.wav,3.211
31443.wav,5.095
31444.wav,1.395
31445.wav,4.777
31446.wav,9.91
31447.wav,3.79
31448.wav,3.628
31449.wav,8.257
3145.wav,2.212
31450.wav,1.147
31451.wav,5.241
31452.wav,2.341
31453.wav,3.124
31454.wav,1.879
31455.wav,6.408
31456.wav,4.381
31457.wav,0.821
31458.wav,4.28
31459.wav,5.071
3146.wav,16.316
31460.wav,6.368
31461.wav,15.531
31462.wav,2.5
31463.wav,2.336
31464.wav,2.721
31465.wav,2.088
31466.wav,1.821
31467.wav,5.676
31468.wav,6.597
31469.wav,1.611
3147.wav,1.554
31470.wav,2.74
31471.wav,7.888
31472.wav,2.611
31473.wav,7.059
31474.wav,2.95
31475.wav,6.61
31476.wav,3.036
31477.wav,6.85
31478.wav,4.008
31479.wav,2.455
3148.wav,2.423
31480.wav,0.958
31481.wav,2.095
31482.wav,9.349
31483.wav,10.19
31484.wav,2.265
31485.wav,2.669
31486.wav,5.288
31487.wav,6.645
31488.wav,8.509
31489.wav,4.228
3149.wav,4.335
31490.wav,1.719
31491.wav,3.984
31492.wav,2.628
31493.wav,10.389
31494.wav,11.355
31495.wav,10.079
31496.wav,6.922
31497.wav,17.017
31498.wav,1.858
31499.wav,9.293
315.wav,1.249
3150.wav,2.122
31500.wav,5.167
31501.wav,2.204
31502.wav,1.625
31503.wav,7.029
31504.wav,6.718
31505.wav,3.68
31506.wav,2.893
31507.wav,3.663
31508.wav,2.637
31509.wav,5.353
3151.wav,2.906
31510.wav,1.347
31511.wav,2.552
31512.wav,3.414
31513.wav,2.964
31514.wav,2.791
31515.wav,4.694
31516.wav,6.264
31517.wav,1.465
31518.wav,1.381
31519.wav,3.993
3152.wav,3.206
31520.wav,2.718
31521.wav,3.293
31522.wav,3.809
31523.wav,2.747
31524.wav,23.797
31525.wav,1.813
31526.wav,1.873
31527.wav,2.6
31528.wav,0.614
31529.wav,6.406
3153.wav,1.419
31530.wav,1.771
31531.wav,3.777
31532.wav,2.922
31533.wav,2.832
31534.wav,5.54
31535.wav,5.85
31536.wav,0.965
31537.wav,4.123
31538.wav,6.792
31539.wav,2.202
3154.wav,1.47
31540.wav,11.611
31541.wav,4.325
31542.wav,4.87
31543.wav,0.855
31544.wav,3.061
31545.wav,1.396
31546.wav,3.828
31547.wav,1.658
31548.wav,12.394
31549.wav,2.192
3155.wav,0.892
31550.wav,8.298
31551.wav,4.458
31552.wav,6.044
31553.wav,3.78
31554.wav,2.711
31555.wav,4.792
31556.wav,2.626
31557.wav,4.954
31558.wav,0.801
31559.wav,8.08
3156.wav,1.447
31560.wav,1.889
31561.wav,3.325
31562.wav,4.257
31563.wav,2.188
31564.wav,6.466
31565.wav,2.499
31566.wav,1.156
31567.wav,4.184
31568.wav,5.252
31569.wav,3.637
3157.wav,3.398
31570.wav,0.893
31571.wav,1.992
31572.wav,2.598
31573.wav,5.741
31574.wav,0.748
31575.wav,2.768
31576.wav,1.847
31577.wav,6.407
31578.wav,4.473
31579.wav,5.288
3158.wav,3.657
31580.wav,8.069
31581.wav,2.376
31582.wav,5.81
31583.wav,4.95
31584.wav,4.817
31585.wav,2.022
31586.wav,9.782
31587.wav,8.464
31588.wav,1.928
31589.wav,3.091
3159.wav,3.689
31590.wav,6.136
31591.wav,3.454
31592.wav,2.349
31593.wav,5.165
31594.wav,3.508
31595.wav,1.477
31596.wav,7.137
31597.wav,1.358
31598.wav,5.425
31599.wav,2.508
316.wav,3.608
3160.wav,6.821
31600.wav,3.339
31601.wav,3.71
31602.wav,4.841
31603.wav,2.929
31604.wav,6.654
31605.wav,2.997
31606.wav,3.923
31607.wav,1.51
31608.wav,2.408
31609.wav,3.192
3161.wav,2.107
31610.wav,2.914
31611.wav,8.784
31612.wav,3.068
31613.wav,2.944
31614.wav,4.101
31615.wav,9.164
31616.wav,8.677
31617.wav,6.29
31618.wav,6.492
31619.wav,2.327
3162.wav,8.215
31620.wav,1.851
31621.wav,0.89
31622.wav,7.242
31623.wav,2.47
31624.wav,4.13
31625.wav,1.677
31626.wav,2.165
31627.wav,4.288
31628.wav,3.706
31629.wav,6.054
3163.wav,1.542
31630.wav,3.123
31631.wav,2.242
31632.wav,1.247
31633.wav,7.893
31634.wav,5.048
31635.wav,2.685
31636.wav,11.319
31637.wav,2.521
31638.wav,3.777
31639.wav,6.578
3164.wav,4.694
31640.wav,1.983
31641.wav,4.34
31642.wav,2.435
31643.wav,3.269
31644.wav,1.893
31645.wav,2.447
31646.wav,1.74
31647.wav,12.841
31648.wav,10.629
31649.wav,3.008
3165.wav,3.614
31650.wav,7.399
31651.wav,8.056
31652.wav,8.425
31653.wav,6.214
31654.wav,3.197
31655.wav,2.122
31656.wav,1.419
31657.wav,3.077
31658.wav,5.351
31659.wav,5.59
3166.wav,0.875
31660.wav,2.507
31661.wav,3.837
31662.wav,7.408
31663.wav,2.05
31664.wav,1.716
31665.wav,2.144
31666.wav,3.221
31667.wav,3.037
31668.wav,2.087
31669.wav,3.244
3167.wav,1.311
31670.wav,5.101
31671.wav,8.733
31672.wav,3.751
31673.wav,2.058
31674.wav,1.944
31675.wav,8.14
31676.wav,1.747
31677.wav,5.267
31678.wav,3.071
31679.wav,2.008
3168.wav,3.546
31680.wav,14.679
31681.wav,5.627
31682.wav,1.149
31683.wav,3.854
31684.wav,4.798
31685.wav,2.386
31686.wav,2.421
31687.wav,8.23
31688.wav,2.212
31689.wav,2.642
3169.wav,5.44
31690.wav,9.053
31691.wav,2.414
31692.wav,8.837
31693.wav,7.536
31694.wav,3.166
31695.wav,12.359
31696.wav,12.081
31697.wav,1.243
31698.wav,2.114
31699.wav,13.775
317.wav,2.596
3170.wav,0.819
31700.wav,1.214
31701.wav,2.629
31702.wav,7.159
31703.wav,2.684
31704.wav,1.925
31705.wav,3.878
31706.wav,5.397
31707.wav,5.203
31708.wav,2.026
31709.wav,1.238
3171.wav,2.109
31710.wav,2.648
31711.wav,2.562
31712.wav,2.337
31713.wav,1.421
31714.wav,1.678
31715.wav,4.068
31716.wav,10.724
31717.wav,8.644
31718.wav,0.937
31719.wav,1.913
3172.wav,2.111
31720.wav,3.416
31721.wav,3.895
31722.wav,3.769
31723.wav,2.311
31724.wav,2.236
31725.wav,2.392
31726.wav,1.647
31727.wav,6.98
31728.wav,14.414
31729.wav,3.754
3173.wav,1.05
31730.wav,3.376
31731.wav,2.649
31732.wav,2.243
31733.wav,3.852
31734.wav,2.491
31735.wav,3.375
31736.wav,3.967
31737.wav,2.826
31738.wav,4.804
31739.wav,1.752
3174.wav,2.651
31740.wav,4.258
31741.wav,4.021
31742.wav,4.836
31743.wav,7.514
31744.wav,3.337
31745.wav,1.58
31746.wav,7.186
31747.wav,2.79
31748.wav,5.352
31749.wav,8.729
3175.wav,1.554
31750.wav,2.011
31751.wav,3.784
31752.wav,2.576
31753.wav,5.835
31754.wav,1.284
31755.wav,2.645
31756.wav,2.345
31757.wav,9.683
31758.wav,12.639
31759.wav,4.426
3176.wav,1.313
31760.wav,1.172
31761.wav,3.697
31762.wav,2.573
31763.wav,2.815
31764.wav,3.694
31765.wav,4.088
31766.wav,2.523
31767.wav,2.361
31768.wav,5.953
31769.wav,3.469
3177.wav,1.028
31770.wav,4.816
31771.wav,2.193
31772.wav,4.944
31773.wav,2.97
31774.wav,2.699
31775.wav,0.945
31776.wav,1.943
31777.wav,1.582
31778.wav,9.02
3178.wav,1.559
3179.wav,2.678
318.wav,6.887
3180.wav,4.336
3181.wav,3.203
3182.wav,7.788
3183.wav,2.804
3184.wav,7.789
3185.wav,8.934
3186.wav,2.269
3187.wav,5.618
3188.wav,3.039
3189.wav,4.748
319.wav,6.702
3190.wav,7.559
3191.wav,9.64
3192.wav,6.911
3193.wav,2.337
3194.wav,2.71
3195.wav,0.814
3196.wav,2.622
3197.wav,6.84
3198.wav,2.762
3199.wav,2.614
32.wav,5.252
320.wav,3.669
3200.wav,1.895
3201.wav,14.749
3202.wav,2.032
3203.wav,2.499
3204.wav,4.934
3205.wav,5.02
3206.wav,4.794
3207.wav,2.425
3208.wav,0.701
3209.wav,0.975
321.wav,0.685
3210.wav,5.74
3211.wav,2.215
3212.wav,6.978
3213.wav,1.568
3214.wav,1.292
3215.wav,1.852
3216.wav,1.737
3217.wav,4.341
3218.wav,23.762
3219.wav,1.583
322.wav,2.577
3220.wav,2.833
3221.wav,11.191
3222.wav,5.159
3223.wav,3.082
3224.wav,6.387
3225.wav,5.065
3226.wav,1.001
3227.wav,9.031
3228.wav,7.395
3229.wav,4.727
323.wav,3.928
3230.wav,2.088
3231.wav,8.092
3232.wav,11.077
3233.wav,3.313
3234.wav,2.812
3235.wav,2.078
3236.wav,2.614
3237.wav,4.044
3238.wav,2.019
3239.wav,2.724
324.wav,9.752
3240.wav,4.154
3241.wav,2.929
3242.wav,1.628
3243.wav,1.865
3244.wav,2.971
3245.wav,4.451
3246.wav,2.406
3247.wav,3.176
3248.wav,6.126
3249.wav,4.204
325.wav,2.852
3250.wav,5.991
3251.wav,2.275
3252.wav,1.55
3253.wav,4.677
3254.wav,4.356
3255.wav,2.945
3256.wav,1.874
3257.wav,5.893
3258.wav,2.133
3259.wav,6.343
326.wav,2.609
3260.wav,2.288
3261.wav,14.466
3262.wav,4.896
3263.wav,2.044
3264.wav,5.272
3265.wav,6.237
3266.wav,2.453
3267.wav,3.478
3268.wav,3.879
3269.wav,3.607
327.wav,3.492
3270.wav,3.422
3271.wav,6.79
3272.wav,2.956
3273.wav,3.317
3274.wav,1.869
3275.wav,12.442
3276.wav,4.982
3277.wav,8.256
3278.wav,3.469
3279.wav,1.249
328.wav,4.035
3280.wav,8.209
3281.wav,2.869
3282.wav,8.128
3283.wav,4.772
3284.wav,1.66
3285.wav,0.832
3286.wav,3.174
3287.wav,4.868
3288.wav,4.967
3289.wav,8.47
329.wav,2.666
3290.wav,3.419
3291.wav,1.964
3292.wav,3.306
3293.wav,1.55
3294.wav,0.933
3295.wav,2.006
3296.wav,2.279
3297.wav,5.7
3298.wav,9.018
3299.wav,3.372
33.wav,4.503
330.wav,3.926
3300.wav,5.753
3301.wav,21.972
3302.wav,3.362
3303.wav,10.703
3304.wav,4.994
3305.wav,15.1
3306.wav,1.614
3307.wav,1.372
3308.wav,3.194
3309.wav,1.13
331.wav,6.829
3310.wav,2.03
3311.wav,1.858
3312.wav,2.03
3313.wav,5.803
3314.wav,1.203
3315.wav,2.947
3316.wav,9.677
3317.wav,1.639
3318.wav,1.726
3319.wav,6.477
332.wav,1.112
3320.wav,1.313
3321.wav,21.495
3322.wav,3.335
3323.wav,11.571
3324.wav,3.527
3325.wav,2.662
3326.wav,9.47
3327.wav,4.399
3328.wav,4.263
3329.wav,1.302
333.wav,0.837
3330.wav,2.245
3331.wav,1.231
3332.wav,3.004
3333.wav,8.032
3334.wav,2.641
3335.wav,2.363
3336.wav,2.021
3337.wav,2.516
3338.wav,3.987
3339.wav,2.665
334.wav,5.021
3340.wav,3.384
3341.wav,2.103
3342.wav,1.887
3343.wav,4.217
3344.wav,1.146
3345.wav,9.519
3346.wav,1.93
3347.wav,1.484
3348.wav,6.98
3349.wav,23.294
335.wav,5.253
3350.wav,3.923
3351.wav,3.01
3352.wav,2.173
3353.wav,1.479
3354.wav,2.73
3355.wav,9.821
3356.wav,1.601
3357.wav,2.096
3358.wav,4.883
3359.wav,2.016
336.wav,2.163
3360.wav,3.503
3361.wav,3.876
3362.wav,5.963
3363.wav,5.617
3364.wav,3.46
3365.wav,1.334
3366.wav,13.476
3367.wav,1.383
3368.wav,4.604
3369.wav,12.15
337.wav,2.078
3370.wav,5.561
3371.wav,2.205
3372.wav,20.55
3373.wav,3.354
3374.wav,0.998
3375.wav,0.81
3376.wav,4.093
3377.wav,0.771
3378.wav,1.965
3379.wav,11.823
338.wav,2.701
3380.wav,2.952
3381.wav,4.216
3382.wav,1.395
3383.wav,14.154
3384.wav,0.952
3385.wav,2.602
3386.wav,2.388
3387.wav,2.446
3388.wav,2.79
3389.wav,1.732
339.wav,5.955
3390.wav,1.708
3391.wav,2.667
3392.wav,2.344
3393.wav,3.462
3394.wav,8.083
3395.wav,2.692
3396.wav,22.468
3397.wav,2.74
3398.wav,2.352
3399.wav,14.694
34.wav,5.232
340.wav,2.095
3400.wav,9.562
3401.wav,2.75
3402.wav,3.702
3403.wav,5.457
3404.wav,1.649
3405.wav,5.351
3406.wav,3.009
3407.wav,1.204
3408.wav,10.548
3409.wav,4.094
341.wav,11.432
3410.wav,1.553
3411.wav,1.106
3412.wav,3.374
3413.wav,1.846
3414.wav,2.014
3415.wav,1.885
3416.wav,1.696
3417.wav,2.099
3418.wav,1.083
3419.wav,3.498
342.wav,3.776
3420.wav,3.395
3421.wav,5.462
3422.wav,2.183
3423.wav,2.45
3424.wav,6.644
3425.wav,2.522
3426.wav,1.003
3427.wav,2.146
3428.wav,1.247
3429.wav,10.021
343.wav,2.563
3430.wav,5.913
3431.wav,3.572
3432.wav,4.012
3433.wav,1.379
3434.wav,8.342
3435.wav,2.226
3436.wav,6.138
3437.wav,3.937
3438.wav,2.219
3439.wav,1.91
344.wav,8.308
3440.wav,5.537
3441.wav,4.899
3442.wav,1.278
3443.wav,3.678
3444.wav,1.216
3445.wav,8.985
3446.wav,5.072
3447.wav,2.618
3448.wav,2.12
3449.wav,2.179
345.wav,9.05
3450.wav,16.329
3451.wav,2.135
3452.wav,1.426
3453.wav,1.276
3454.wav,1.506
3455.wav,4.675
3456.wav,4.655
3457.wav,1.101
3458.wav,2.869
3459.wav,8.397
346.wav,3.531
3460.wav,6.527
3461.wav,2.73
3462.wav,1.856
3463.wav,4.988
3464.wav,3.103
3465.wav,2.77
3466.wav,1.375
3467.wav,2.442
3468.wav,0.964
3469.wav,4.786
347.wav,2.443
3470.wav,12.596
3471.wav,2.866
3472.wav,5.294
3473.wav,4.093
3474.wav,2.669
3475.wav,4.586
3476.wav,7.501
3477.wav,4.682
3478.wav,2.355
3479.wav,3.703
348.wav,5.493
3480.wav,5.215
3481.wav,2.794
3482.wav,5.193
3483.wav,2.912
3484.wav,9.402
3485.wav,1.673
3486.wav,15.574
3487.wav,3.947
3488.wav,2.046
3489.wav,4.761
349.wav,11.26
3490.wav,2.275
3491.wav,5.94
3492.wav,7.805
3493.wav,2.415
3494.wav,3.387
3495.wav,3.232
3496.wav,1.294
3497.wav,1.782
3498.wav,3.315
3499.wav,3.418
35.wav,5.804
350.wav,1.536
3500.wav,2.976
3501.wav,7.778
3502.wav,4.252
3503.wav,1.806
3504.wav,1.994
3505.wav,3.744
3506.wav,0.778
3507.wav,2.553
3508.wav,6.6
3509.wav,2.316
351.wav,9.65
3510.wav,1.574
3511.wav,1.312
3512.wav,5.08
3513.wav,1.638
3514.wav,11.308
3515.wav,4.506
3516.wav,4.286
3517.wav,3.077
3518.wav,3.478
3519.wav,2.296
352.wav,3.38
3520.wav,2.173
3521.wav,3.358
3522.wav,2.907
3523.wav,4.758
3524.wav,9.559
3525.wav,1.729
3526.wav,1.03
3527.wav,11.214
3528.wav,6.348
3529.wav,3.307
353.wav,3.612
3530.wav,8.308
3531.wav,2.585
3532.wav,6.478
3533.wav,1.888
3534.wav,5.115
3535.wav,24.278
3536.wav,2.616
3537.wav,5.924
3538.wav,3.589
3539.wav,2.424
354.wav,1.946
3540.wav,0.634
3541.wav,7.869
3542.wav,1.178
3543.wav,4.468
3544.wav,1.33
3545.wav,19.981
3546.wav,3.253
3547.wav,2.188
3548.wav,3.464
3549.wav,5.602
355.wav,3.019
3550.wav,4.945
3551.wav,0.987
3552.wav,3.212
3553.wav,1.002
3554.wav,2.812
3555.wav,2.675
3556.wav,7.443
3557.wav,1.429
3558.wav,6.049
3559.wav,2.921
356.wav,1.527
3560.wav,4.202
3561.wav,2.719
3562.wav,4.244
3563.wav,12.564
3564.wav,3.803
3565.wav,11.04
3566.wav,1.961
3567.wav,2.144
3568.wav,1.379
3569.wav,1.376
357.wav,3.906
3570.wav,3.806
3571.wav,3.045
3572.wav,4.044
3573.wav,15.004
3574.wav,5.166
3575.wav,5.164
3576.wav,1.927
3577.wav,9.802
3578.wav,14.264
3579.wav,2.148
358.wav,3.559
3580.wav,4.185
3581.wav,2.155
3582.wav,5.196
3583.wav,6.097
3584.wav,3.77
3585.wav,3.471
3586.wav,3.402
3587.wav,4.255
3588.wav,2.3
3589.wav,1.51
359.wav,2.274
3590.wav,4.598
3591.wav,2.722
3592.wav,4.131
3593.wav,6.974
3594.wav,4.405
3595.wav,2.833
3596.wav,9.422
3597.wav,6.039
3598.wav,4.824
3599.wav,2.123
36.wav,1.932
360.wav,1.422
3600.wav,5.289
3601.wav,8.089
3602.wav,1.503
3603.wav,3.982
3604.wav,5.15
3605.wav,3.47
3606.wav,1.091
3607.wav,2.397
3608.wav,2.955
3609.wav,2.047
361.wav,2.08
3610.wav,3.639
3611.wav,3.586
3612.wav,1.255
3613.wav,1.788
3614.wav,8.205
3615.wav,6.632
3616.wav,12.561
3617.wav,3.975
3618.wav,1.593
3619.wav,4.146
362.wav,4.546
3620.wav,2.254
3621.wav,3.775
3622.wav,1.816
3623.wav,2.263
3624.wav,1.518
3625.wav,4.769
3626.wav,1.418
3627.wav,2.888
3628.wav,6.938
3629.wav,2.734
363.wav,2.049
3630.wav,2.342
3631.wav,1.987
3632.wav,8.184
3633.wav,5.278
3634.wav,4.796
3635.wav,8.881
3636.wav,9.775
3637.wav,1.846
3638.wav,5.519
3639.wav,0.734
364.wav,6.648
3640.wav,5.198
3641.wav,1.188
3642.wav,2.023
3643.wav,3.58
3644.wav,4.251
3645.wav,1.685
3646.wav,2.959
3647.wav,16.971
3648.wav,1.65
3649.wav,8.016
365.wav,8.834
3650.wav,5.492
3651.wav,3.138
3652.wav,1.532
3653.wav,1.926
3654.wav,2.421
3655.wav,2.516
3656.wav,1.88
3657.wav,1.895
3658.wav,3.239
3659.wav,4.42
366.wav,3.172
3660.wav,5.952
3661.wav,4.59
3662.wav,1.255
3663.wav,1.582
3664.wav,5.082
3665.wav,2.868
3666.wav,5.63
3667.wav,7.614
3668.wav,1.756
3669.wav,4.451
367.wav,2.229
3670.wav,2.219
3671.wav,1.541
3672.wav,1.705
3673.wav,4.625
3674.wav,5.627
3675.wav,2.027
3676.wav,9.184
3677.wav,1.078
3678.wav,4.927
3679.wav,3.654
368.wav,5.461
3680.wav,2.378
3681.wav,2.64
3682.wav,10.243
3683.wav,9.682
3684.wav,2.637
3685.wav,2.875
3686.wav,0.834
3687.wav,4.265
3688.wav,2.183
3689.wav,1.866
369.wav,1.922
3690.wav,8.466
3691.wav,10.314
3692.wav,3.499
3693.wav,2.36
3694.wav,1.655
3695.wav,3.296
3696.wav,6.876
3697.wav,3.349
3698.wav,3.094
3699.wav,3.567
37.wav,3.039
370.wav,3.469
3700.wav,1.244
3701.wav,5.161
3702.wav,1.5
3703.wav,0.662
3704.wav,1.979
3705.wav,3.636
3706.wav,11.478
3707.wav,1.408
3708.wav,7.282
3709.wav,1.901
371.wav,2.449
3710.wav,3.63
3711.wav,2.116
3712.wav,5.306
3713.wav,3.153
3714.wav,3.176
3715.wav,8.125
3716.wav,1.977
3717.wav,4.897
3718.wav,1.734
3719.wav,2.553
372.wav,4.713
3720.wav,1.811
3721.wav,2.522
3722.wav,2.59
3723.wav,20.39
3724.wav,5.733
3725.wav,1.514
3726.wav,2.735
3727.wav,1.876
3728.wav,17.587
3729.wav,10.562
373.wav,1.219
3730.wav,5.919
3731.wav,2.893
3732.wav,7.822
3733.wav,8.784
3734.wav,8.295
3735.wav,5.799
3736.wav,2.842
3737.wav,2.956
3738.wav,2.147
3739.wav,3.368
374.wav,8.326
3740.wav,0.772
3741.wav,4.317
3742.wav,7.041
3743.wav,2.511
3744.wav,7.022
3745.wav,2.39
3746.wav,3.206
3747.wav,2.257
3748.wav,6.272
3749.wav,4.433
375.wav,5.503
3750.wav,1.181
3751.wav,2.387
3752.wav,4.025
3753.wav,4.151
3754.wav,2.57
3755.wav,3.534
3756.wav,4.26
3757.wav,6.983
3758.wav,5.392
3759.wav,1.162
376.wav,0.735
3760.wav,6.567
3761.wav,3.812
3762.wav,2.098
3763.wav,8.416
3764.wav,2.22
3765.wav,3.169
3766.wav,2.041
3767.wav,6.198
3768.wav,1.249
3769.wav,0.966
377.wav,1.375
3770.wav,3.077
3771.wav,1.829
3772.wav,3.663
3773.wav,1.362
3774.wav,3.076
3775.wav,9.88
3776.wav,4.028
3777.wav,2.419
3778.wav,2.524
3779.wav,4.336
378.wav,3.562
3780.wav,5.637
3781.wav,3.597
3782.wav,5.233
3783.wav,4.95
3784.wav,2.127
3785.wav,4.829
3786.wav,1.429
3787.wav,5.053
3788.wav,5.034
3789.wav,2.273
379.wav,1.539
3790.wav,1.527
3791.wav,2.259
3792.wav,2.492
3793.wav,3.449
3794.wav,5.143
3795.wav,1.1
3796.wav,9.421
3797.wav,4.236
3798.wav,4.514
3799.wav,7.461
38.wav,1.512
380.wav,6.524
3800.wav,4.369
3801.wav,1.676
3802.wav,2.7
3803.wav,7.885
3804.wav,2.658
3805.wav,3.848
3806.wav,8.333
3807.wav,6.294
3808.wav,6.701
3809.wav,0.96
381.wav,1.162
3810.wav,4.433
3811.wav,1.748
3812.wav,9.053
3813.wav,2.855
3814.wav,1.953
3815.wav,13.705
3816.wav,5.553
3817.wav,3.656
3818.wav,7.334
3819.wav,1.155
382.wav,1.866
3820.wav,2.98
3821.wav,3.436
3822.wav,2.761
3823.wav,1.862
3824.wav,2.652
3825.wav,10.288
3826.wav,3.993
3827.wav,3.451
3828.wav,4.565
3829.wav,2.406
383.wav,3.027
3830.wav,3.754
3831.wav,3.095
3832.wav,3.521
3833.wav,8.225
3834.wav,7.002
3835.wav,8.867
3836.wav,2.624
3837.wav,3.03
3838.wav,0.734
3839.wav,1.85
384.wav,3.203
3840.wav,3.021
3841.wav,9.967
3842.wav,6.436
3843.wav,5.239
3844.wav,6.944
3845.wav,1.378
3846.wav,1.548
3847.wav,1.328
3848.wav,1.806
3849.wav,1.949
385.wav,0.869
3850.wav,0.906
3851.wav,1.472
3852.wav,9.181
3853.wav,2.452
3854.wav,9.228
3855.wav,3.076
3856.wav,7.409
3857.wav,2.829
3858.wav,2.128
3859.wav,2.738
386.wav,1.823
3860.wav,3.542
3861.wav,4.796
3862.wav,2.438
3863.wav,8.057
3864.wav,23.163
3865.wav,12.867
3866.wav,4.327
3867.wav,2.49
3868.wav,3.022
3869.wav,2.777
387.wav,4.657
3870.wav,6.728
3871.wav,4.9
3872.wav,3.116
3873.wav,1.346
3874.wav,5.412
3875.wav,2.638
3876.wav,4.18
3877.wav,2.992
3878.wav,1.337
3879.wav,2.287
388.wav,2.808
3880.wav,8.193
3881.wav,2.007
3882.wav,2.046
3883.wav,2.809
3884.wav,1.829
3885.wav,1.32
3886.wav,3.605
3887.wav,2.458
3888.wav,1.521
3889.wav,4.826
389.wav,1.517
3890.wav,4.483
3891.wav,24.946
3892.wav,3.869
3893.wav,9.422
3894.wav,2.394
3895.wav,1.96
3896.wav,6.443
3897.wav,2.72
3898.wav,8.742
3899.wav,2.464
39.wav,1.055
390.wav,7.357
3900.wav,9.549
3901.wav,9.599
3902.wav,2.196
3903.wav,2.579
3904.wav,2.406
3905.wav,0.809
3906.wav,4.55
3907.wav,1.731
3908.wav,9.728
3909.wav,4.133
391.wav,1.908
3910.wav,2.43
3911.wav,3.386
3912.wav,1.246
3913.wav,6.467
3914.wav,4.07
3915.wav,2.168
3916.wav,4.673
3917.wav,2.885
3918.wav,18.868
3919.wav,2.253
392.wav,0.776
3920.wav,2.697
3921.wav,2.483
3922.wav,2.15
3923.wav,2.353
3924.wav,6.086
3925.wav,2.21
3926.wav,2.815
3927.wav,5.232
3928.wav,3.199
3929.wav,5.04
393.wav,4.506
3930.wav,1.647
3931.wav,7.226
3932.wav,3.857
3933.wav,13.734
3934.wav,2.195
3935.wav,3.597
3936.wav,12.964
3937.wav,4.282
3938.wav,2.325
3939.wav,6.217
394.wav,0.895
3940.wav,7.508
3941.wav,1.981
3942.wav,2.328
3943.wav,0.958
3944.wav,20.014
3945.wav,2.606
3946.wav,5.883
3947.wav,3.064
3948.wav,5.735
3949.wav,4.833
395.wav,0.674
3950.wav,5.496
3951.wav,4.134
3952.wav,9.101
3953.wav,6.966
3954.wav,4.754
3955.wav,12.918
3956.wav,1.364
3957.wav,5.298
3958.wav,7.011
3959.wav,13.892
396.wav,4.557
3960.wav,3.245
3961.wav,1.254
3962.wav,2.044
3963.wav,3.311
3964.wav,4.64
3965.wav,3.591
3966.wav,2.353
3967.wav,2.781
3968.wav,4.299
3969.wav,1.291
397.wav,9.886
3970.wav,2.654
3971.wav,3.943
3972.wav,1.044
3973.wav,6.304
3974.wav,1.203
3975.wav,4.286
3976.wav,0.881
3977.wav,3.508
3978.wav,21.548
3979.wav,3.981
398.wav,3.648
3980.wav,4.858
3981.wav,2.476
3982.wav,2.44
3983.wav,0.814
3984.wav,3.101
3985.wav,2.086
3986.wav,17.017
3987.wav,2.03
3988.wav,3.484
3989.wav,1.368
399.wav,12.012
3990.wav,13.41
3991.wav,2.961
3992.wav,15.069
3993.wav,2.751
3994.wav,2.382
3995.wav,1.786
3996.wav,2.011
3997.wav,8.492
3998.wav,3.872
3999.wav,3.841
4.wav,0.991
40.wav,1.336
400.wav,2.005
4000.wav,6.155
4001.wav,10.296
4002.wav,3.768
4003.wav,1.832
4004.wav,7.825
4005.wav,2.571
4006.wav,2.694
4007.wav,1.736
4008.wav,2.984
4009.wav,2.956
401.wav,2.244
4010.wav,13.892
4011.wav,1.152
4012.wav,2.319
4013.wav,2.11
4014.wav,3.286
4015.wav,5.698
4016.wav,2.32
4017.wav,2.641
4018.wav,2.063
4019.wav,1.209
402.wav,2.688
4020.wav,5.14
4021.wav,4.761
4022.wav,11.084
4023.wav,2.154
4024.wav,11.466
4025.wav,5.062
4026.wav,2.013
4027.wav,4.445
4028.wav,3.032
4029.wav,5.843
403.wav,8.969
4030.wav,1.339
4031.wav,8.316
4032.wav,10.158
4033.wav,6.286
4034.wav,2.324
4035.wav,13.689
4036.wav,2.495
4037.wav,2.822
4038.wav,4.052
4039.wav,2.335
404.wav,2.172
4040.wav,3.77
4041.wav,0.961
4042.wav,3.112
4043.wav,5.431
4044.wav,3.127
4045.wav,3.853
4046.wav,3.084
4047.wav,5.142
4048.wav,1.546
4049.wav,2.45
405.wav,5.725
4050.wav,8.234
4051.wav,2.578
4052.wav,5.281
4053.wav,5.74
4054.wav,4.089
4055.wav,2.488
4056.wav,7.178
4057.wav,5.334
4058.wav,2.331
4059.wav,1.601
406.wav,5.423
4060.wav,4.16
4061.wav,9.918
4062.wav,2.306
4063.wav,1.153
4064.wav,3.798
4065.wav,4.356
4066.wav,1.933
4067.wav,1.718
4068.wav,1.866
4069.wav,8.195
407.wav,2.62
4070.wav,1.55
4071.wav,4.596
4072.wav,2.849
4073.wav,2.192
4074.wav,7.675
4075.wav,5.896
4076.wav,7.256
4077.wav,4.916
4078.wav,2.414
4079.wav,3.114
408.wav,2.313
4080.wav,1.376
4081.wav,6.258
4082.wav,6.539
4083.wav,4.028
4084.wav,2.924
4085.wav,1.753
4086.wav,2.707
4087.wav,0.888
4088.wav,17.3
4089.wav,3.799
409.wav,3.359
4090.wav,3.875
4091.wav,2.013
4092.wav,4.324
4093.wav,5.626
4094.wav,1.972
4095.wav,5.948
4096.wav,1.823
4097.wav,2.521
4098.wav,13.265
4099.wav,9.386
41.wav,4.639
410.wav,1.924
4100.wav,3.849
4101.wav,2.202
4102.wav,4.814
4103.wav,2.458
4104.wav,5.238
4105.wav,2.999
4106.wav,2.411
4107.wav,3.901
4108.wav,1.531
4109.wav,4.555
411.wav,1.567
4110.wav,3.767
4111.wav,6.21
4112.wav,1.303
4113.wav,1.447
4114.wav,4.284
4115.wav,2.898
4116.wav,1.413
4117.wav,1.604
4118.wav,0.964
4119.wav,3.375
412.wav,2.962
4120.wav,5.589
4121.wav,1.477
4122.wav,12.238
4123.wav,2.78
4124.wav,1.76
4125.wav,2.557
4126.wav,4.59
4127.wav,1.015
4128.wav,3.651
4129.wav,3.327
413.wav,2.918
4130.wav,2.415
4131.wav,2.618
4132.wav,2.083
4133.wav,3.393
4134.wav,6.144
4135.wav,2.01
4136.wav,1.135
4137.wav,4.004
4138.wav,5.037
4139.wav,3.328
414.wav,2.914
4140.wav,4.71
4141.wav,12.658
4142.wav,3.732
4143.wav,2.408
4144.wav,2.061
4145.wav,5.077
4146.wav,2.326
4147.wav,2.35
4148.wav,1.727
4149.wav,1.868
415.wav,4.825
4150.wav,1.38
4151.wav,3.121
4152.wav,5.264
4153.wav,0.949
4154.wav,5.905
4155.wav,8.457
4156.wav,2.496
4157.wav,5.029
4158.wav,2.459
4159.wav,3.575
416.wav,2.082
4160.wav,1.186
4161.wav,3.044
4162.wav,0.843
4163.wav,3.944
4164.wav,5.156
4165.wav,1.881
4166.wav,2.203
4167.wav,8.751
4168.wav,1.386
4169.wav,1.857
417.wav,1.58
4170.wav,1.099
4171.wav,8.464
4172.wav,5.807
4173.wav,3.957
4174.wav,3.778
4175.wav,1.669
4176.wav,3.749
4177.wav,1.577
4178.wav,3.49
4179.wav,3.658
418.wav,1.149
4180.wav,3.773
4181.wav,5.865
4182.wav,3.255
4183.wav,1.65
4184.wav,1.521
4185.wav,0.972
4186.wav,4.19
4187.wav,1.919
4188.wav,1.107
4189.wav,4.177
419.wav,3.952
4190.wav,2.336
4191.wav,6.892
4192.wav,1.933
4193.wav,3.351
4194.wav,7.625
4195.wav,4.365
4196.wav,2.289
4197.wav,2.97
4198.wav,1.81
4199.wav,2.737
42.wav,2.86
420.wav,9.493
4200.wav,6.497
4201.wav,1.766
4202.wav,5.886
4203.wav,14.525
4204.wav,3.499
4205.wav,6.201
4206.wav,9.375
4207.wav,4.09
4208.wav,7.14
4209.wav,4.278
421.wav,1.379
4210.wav,3.811
4211.wav,3.385
4212.wav,1.831
4213.wav,4.42
4214.wav,1.159
4215.wav,1.916
4216.wav,3.428
4217.wav,1.94
4218.wav,1.815
4219.wav,3.123
422.wav,6.989
4220.wav,10.76
4221.wav,2.724
4222.wav,1.336
4223.wav,3.665
4224.wav,6.856
4225.wav,2.065
4226.wav,0.962
4227.wav,0.706
4228.wav,11.971
4229.wav,2.276
423.wav,3.025
4230.wav,5.117
4231.wav,2.032
4232.wav,6.423
4233.wav,4.065
4234.wav,6.304
4235.wav,2.72
4236.wav,14.834
4237.wav,7.946
4238.wav,10.701
4239.wav,1.653
424.wav,21.442
4240.wav,3.855
4241.wav,2.574
4242.wav,3.605
4243.wav,6.494
4244.wav,7.586
4245.wav,1.572
4246.wav,5.334
4247.wav,1.06
4248.wav,15.099
4249.wav,14.376
425.wav,2.495
4250.wav,7.181
4251.wav,1.145
4252.wav,1.855
4253.wav,1.826
4254.wav,3.87
4255.wav,1.099
4256.wav,5.843
4257.wav,20.461
4258.wav,12.574
4259.wav,1.456
426.wav,2.114
4260.wav,7.192
4261.wav,3.135
4262.wav,9.029
4263.wav,3.664
4264.wav,3.42
4265.wav,1.82
4266.wav,3.686
4267.wav,7.08
4268.wav,4.035
4269.wav,2.374
427.wav,5.398
4270.wav,3.002
4271.wav,7.9
4272.wav,3.062
4273.wav,9.77
4274.wav,0.941
4275.wav,5.922
4276.wav,1.67
4277.wav,2.036
4278.wav,3.914
4279.wav,1.804
428.wav,4.104
4280.wav,8.49
4281.wav,2.622
4282.wav,9.128
4283.wav,4.395
4284.wav,4.71
4285.wav,3.065
4286.wav,3.514
4287.wav,2.63
4288.wav,5.451
4289.wav,2.943
429.wav,3.444
4290.wav,10.075
4291.wav,1.564
4292.wav,3.235
4293.wav,2.045
4294.wav,2.872
4295.wav,10.997
4296.wav,2.956
4297.wav,4.611
4298.wav,2.701
4299.wav,5.086
43.wav,3.14
430.wav,1.75
4300.wav,6.241
4301.wav,2.975
4302.wav,2.176
4303.wav,4.059
4304.wav,8.434
4305.wav,1.514
4306.wav,0.806
4307.wav,1.597
4308.wav,1.691
4309.wav,8.761
431.wav,2.937
4310.wav,5.74
4311.wav,2.586
4312.wav,2.948
4313.wav,3.586
4314.wav,8.129
4315.wav,1.866
4316.wav,3.389
4317.wav,6.077
4318.wav,1.48
4319.wav,2.683
432.wav,2.263
4320.wav,13.233
4321.wav,7.511
4322.wav,2.84
4323.wav,1.454
4324.wav,2.464
4325.wav,2.835
4326.wav,4.864
4327.wav,3.961
4328.wav,2.968
4329.wav,3.257
433.wav,7.195
4330.wav,4.904
4331.wav,5.273
4332.wav,4.022
4333.wav,4.059
4334.wav,1.714
4335.wav,3.169
4336.wav,3.62
4337.wav,8.528
4338.wav,5.224
4339.wav,2.821
434.wav,4.59
4340.wav,7.769
4341.wav,2.075
4342.wav,4.582
4343.wav,11.441
4344.wav,3.644
4345.wav,10.322
4346.wav,3.164
4347.wav,4.291
4348.wav,3.257
4349.wav,5.668
435.wav,3.793
4350.wav,2.548
4351.wav,1.271
4352.wav,7.667
4353.wav,2.736
4354.wav,9.383
4355.wav,1.927
4356.wav,1.291
4357.wav,4.163
4358.wav,3.652
4359.wav,2.986
436.wav,10.324
4360.wav,3.492
4361.wav,7.449
4362.wav,3.631
4363.wav,3.781
4364.wav,3.477
4365.wav,2.715
4366.wav,7.038
4367.wav,2.465
4368.wav,2.397
4369.wav,1.803
437.wav,3.659
4370.wav,7.124
4371.wav,1.473
4372.wav,5.707
4373.wav,3.03
4374.wav,2.091
4375.wav,3.828
4376.wav,4.09
4377.wav,3.501
4378.wav,1.443
4379.wav,6.159
438.wav,2.12
4380.wav,4.88
4381.wav,2.208
4382.wav,1.408
4383.wav,5.814
4384.wav,17.412
4385.wav,4.741
4386.wav,19.824
4387.wav,10.134
4388.wav,2.458
4389.wav,1.217
439.wav,2.096
4390.wav,4.846
4391.wav,9.027
4392.wav,8.011
4393.wav,4.022
4394.wav,8.196
4395.wav,5.897
4396.wav,5.841
4397.wav,1.512
4398.wav,3.385
4399.wav,4.088
44.wav,4.027
440.wav,1.955
4400.wav,4.344
4401.wav,6.576
4402.wav,5.297
4403.wav,1.536
4404.wav,1.632
4405.wav,4.132
4406.wav,0.964
4407.wav,5.739
4408.wav,1.881
4409.wav,1.474
441.wav,2.106
4410.wav,2.528
4411.wav,2.805
4412.wav,6.396
4413.wav,8.998
4414.wav,1.703
4415.wav,8.803
4416.wav,2.858
4417.wav,14.027
4418.wav,5.199
4419.wav,2.973
442.wav,5.888
4420.wav,7.598
4421.wav,2.961
4422.wav,1.854
4423.wav,4.188
4424.wav,5.339
4425.wav,4.175
4426.wav,1.814
4427.wav,9.41
4428.wav,1.812
4429.wav,7.828
443.wav,3.654
4430.wav,1.386
4431.wav,1.869
4432.wav,2.746
4433.wav,4.079
4434.wav,5.065
4435.wav,2.973
4436.wav,5.052
4437.wav,7.768
4438.wav,1.19
4439.wav,1.482
444.wav,1.902
4440.wav,6.5
4441.wav,1.743
4442.wav,8.4
4443.wav,12.956
4444.wav,2.723
4445.wav,3.036
4446.wav,3.689
4447.wav,2.142
4448.wav,18.107
4449.wav,3.571
445.wav,1.11
4450.wav,10.067
4451.wav,2.677
4452.wav,5.447
4453.wav,1.749
4454.wav,4.676
4455.wav,8.642
4456.wav,8.829
4457.wav,4.666
4458.wav,4.017
4459.wav,1.262
446.wav,3.974
4460.wav,3.441
4461.wav,4.226
4462.wav,7.171
4463.wav,8.169
4464.wav,3.447
4465.wav,6.203
4466.wav,4.785
4467.wav,2.645
4468.wav,11.099
4469.wav,5.968
447.wav,3.073
4470.wav,0.822
4471.wav,2.618
4472.wav,2.33
4473.wav,3.117
4474.wav,4.497
4475.wav,7.493
4476.wav,2.454
4477.wav,2.531
4478.wav,6.888
4479.wav,3.665
448.wav,2.511
4480.wav,1.369
4481.wav,9.595
4482.wav,5.836
4483.wav,7.076
4484.wav,4.499
4485.wav,1.129
4486.wav,2.568
4487.wav,1.695
4488.wav,7.288
4489.wav,2.275
449.wav,2.531
4490.wav,16.637
4491.wav,1.938
4492.wav,3.791
4493.wav,4.041
4494.wav,1.314
4495.wav,2.223
4496.wav,4.537
4497.wav,1.716
4498.wav,2.782
4499.wav,1.825
45.wav,13.754
450.wav,3.934
4500.wav,3.886
4501.wav,12.44
4502.wav,4.387
4503.wav,2.532
4504.wav,1.336
4505.wav,7.548
4506.wav,8.711
4507.wav,3.522
4508.wav,3.247
4509.wav,2.349
451.wav,14.572
4510.wav,4.509
4511.wav,9.923
4512.wav,2.238
4513.wav,2.373
4514.wav,4.072
4515.wav,4.147
4516.wav,11.386
4517.wav,2.473
4518.wav,3.908
4519.wav,1.29
452.wav,2.961
4520.wav,1.144
4521.wav,4.396
4522.wav,2.677
4523.wav,1.357
4524.wav,5.046
4525.wav,8.701
4526.wav,4.005
4527.wav,21.661
4528.wav,5.485
4529.wav,2.999
453.wav,4.491
4530.wav,21.335
4531.wav,2.371
4532.wav,6.672
4533.wav,6.855
4534.wav,1.795
4535.wav,1.907
4536.wav,5.205
4537.wav,1.806
4538.wav,5.576
4539.wav,3.656
454.wav,5.402
4540.wav,1.707
4541.wav,14.022
4542.wav,6.348
4543.wav,2.564
4544.wav,6.7
4545.wav,6.175
4546.wav,9.585
4547.wav,2.194
4548.wav,1.763
4549.wav,5.997
455.wav,3.839
4550.wav,1.132
4551.wav,6.176
4552.wav,4.722
4553.wav,7.574
4554.wav,4.709
4555.wav,4.174
4556.wav,5.232
4557.wav,1.492
4558.wav,6.003
4559.wav,4.799
456.wav,2.105
4560.wav,3.881
4561.wav,4.251
4562.wav,1.961
4563.wav,1.875
4564.wav,8.23
4565.wav,5.288
4566.wav,9.357
4567.wav,2.637
4568.wav,3.251
4569.wav,4.632
457.wav,4.002
4570.wav,18.659
4571.wav,1.293
4572.wav,8.481
4573.wav,3.783
4574.wav,3.563
4575.wav,10.078
4576.wav,1.868
4577.wav,2.785
4578.wav,2.339
4579.wav,2.475
458.wav,2.02
4580.wav,2.042
4581.wav,6.738
4582.wav,2.155
4583.wav,3.572
4584.wav,9.27
4585.wav,3.895
4586.wav,3.68
4587.wav,5.079
4588.wav,2.737
4589.wav,10.356
459.wav,2.424
4590.wav,2.93
4591.wav,5.225
4592.wav,1.799
4593.wav,4.212
4594.wav,12.1
4595.wav,5.58
4596.wav,5.1
4597.wav,1.562
4598.wav,1.357
4599.wav,2.619
46.wav,4.574
460.wav,3.984
4600.wav,6.225
4601.wav,2.608
4602.wav,7.435
4603.wav,4.006
4604.wav,7.589
4605.wav,7.173
4606.wav,6.6
4607.wav,1.874
4608.wav,2.127
4609.wav,2.646
461.wav,1.778
4610.wav,3.821
4611.wav,4.99
4612.wav,7.031
4613.wav,2.92
4614.wav,3.122
4615.wav,1.443
4616.wav,1.209
4617.wav,2.931
4618.wav,5.742
4619.wav,3.687
462.wav,2.987
4620.wav,4.672
4621.wav,19.05
4622.wav,1.456
4623.wav,6.444
4624.wav,3.907
4625.wav,4.915
4626.wav,2.565
4627.wav,4.465
4628.wav,1.429
4629.wav,15.564
463.wav,2.028
4630.wav,8.85
4631.wav,2.152
4632.wav,1.792
4633.wav,4.476
4634.wav,4.265
4635.wav,2.414
4636.wav,1.085
4637.wav,2.375
4638.wav,1.952
4639.wav,2.604
464.wav,6.37
4640.wav,2.53
4641.wav,4.984
4642.wav,3.871
4643.wav,1.974
4644.wav,1.585
4645.wav,2.706
4646.wav,2.566
4647.wav,3.01
4648.wav,1.913
4649.wav,7.123
465.wav,4.192
4650.wav,7.707
4651.wav,2.08
4652.wav,1.85
4653.wav,0.938
4654.wav,1.113
4655.wav,3.143
4656.wav,1.526
4657.wav,2.626
4658.wav,4.157
4659.wav,2.496
466.wav,1.965
4660.wav,1.872
4661.wav,3.932
4662.wav,4.159
4663.wav,5.117
4664.wav,1.652
4665.wav,1.365
4666.wav,3.99
4667.wav,7.879
4668.wav,12.898
4669.wav,4.867
467.wav,2.153
4670.wav,5.695
4671.wav,0.945
4672.wav,12.798
4673.wav,2.311
4674.wav,4.523
4675.wav,1.657
4676.wav,2.764
4677.wav,2.505
4678.wav,3.163
4679.wav,1.774
468.wav,13.547
4680.wav,5.227
4681.wav,5.92
4682.wav,7.286
4683.wav,1.638
4684.wav,2.255
4685.wav,7.863
4686.wav,1.999
4687.wav,1.429
4688.wav,2.229
4689.wav,1.869
469.wav,4.073
4690.wav,0.884
4691.wav,9.047
4692.wav,3.946
4693.wav,1.655
4694.wav,3.94
4695.wav,7.493
4696.wav,3.544
4697.wav,2.222
4698.wav,3.611
4699.wav,11.999
47.wav,5.965
470.wav,3.475
4700.wav,2.988
4701.wav,2.477
4702.wav,2.871
4703.wav,5.618
4704.wav,4.504
4705.wav,1.65
4706.wav,2.669
4707.wav,2.516
4708.wav,8.827
4709.wav,1.522
471.wav,2.436
4710.wav,1.694
4711.wav,1.703
4712.wav,8.162
4713.wav,3.419
4714.wav,1.444
4715.wav,2.481
4716.wav,2.767
4717.wav,2.869
4718.wav,5.193
4719.wav,2.815
472.wav,2.214
4720.wav,3.54
4721.wav,3.83
4722.wav,2.223
4723.wav,3.529
4724.wav,3.573
4725.wav,1.843
4726.wav,2.064
4727.wav,6.105
4728.wav,1.853
4729.wav,3.434
473.wav,4.19
4730.wav,2.895
4731.wav,5.957
4732.wav,3.383
4733.wav,11.81
4734.wav,2.656
4735.wav,3.102
4736.wav,7.964
4737.wav,2.597
4738.wav,6.308
4739.wav,3.831
474.wav,6.758
4740.wav,16.246
4741.wav,4.914
4742.wav,2.835
4743.wav,8.812
4744.wav,1.775
4745.wav,2.932
4746.wav,1.319
4747.wav,3.807
4748.wav,1.041
4749.wav,8.932
475.wav,5.303
4750.wav,3.715
4751.wav,3.841
4752.wav,20.402
4753.wav,3.074
4754.wav,4.063
4755.wav,7.741
4756.wav,5.574
4757.wav,3.471
4758.wav,3.945
4759.wav,1.794
476.wav,1.432
4760.wav,1.342
4761.wav,3.886
4762.wav,12.637
4763.wav,2.931
4764.wav,2.879
4765.wav,4.984
4766.wav,3.622
4767.wav,1.79
4768.wav,1.96
4769.wav,2.008
477.wav,1.217
4770.wav,5.245
4771.wav,2.414
4772.wav,5.103
4773.wav,8.316
4774.wav,4.339
4775.wav,3.962
4776.wav,1.938
4777.wav,1.838
4778.wav,4.604
4779.wav,2.501
478.wav,2.033
4780.wav,5.914
4781.wav,8.692
4782.wav,7.096
4783.wav,1.248
4784.wav,4.395
4785.wav,1.205
4786.wav,5.992
4787.wav,2.767
4788.wav,8.337
4789.wav,1.071
479.wav,2.104
4790.wav,4.691
4791.wav,3.998
4792.wav,3.278
4793.wav,4.12
4794.wav,8.321
4795.wav,3.565
4796.wav,1.794
4797.wav,5.243
4798.wav,5.808
4799.wav,2.534
48.wav,1.485
480.wav,4.112
4800.wav,4.817
4801.wav,2.047
4802.wav,2.615
4803.wav,1.018
4804.wav,1.667
4805.wav,19.494
4806.wav,0.813
4807.wav,20.308
4808.wav,4.306
4809.wav,5.594
481.wav,8.459
4810.wav,6.454
4811.wav,3.31
4812.wav,6.347
4813.wav,11.198
4814.wav,0.818
4815.wav,0.749
4816.wav,2.063
4817.wav,1.577
4818.wav,7.693
4819.wav,5.649
482.wav,4.187
4820.wav,1.771
4821.wav,4.304
4822.wav,3.111
4823.wav,5.953
4824.wav,3.712
4825.wav,11.07
4826.wav,2.514
4827.wav,1.496
4828.wav,7.506
4829.wav,5.249
483.wav,2.49
4830.wav,2.217
4831.wav,3.733
4832.wav,8.831
4833.wav,3.694
4834.wav,3.804
4835.wav,3.839
4836.wav,1.202
4837.wav,21.804
4838.wav,10.267
4839.wav,1.02
484.wav,4.403
4840.wav,5.717
4841.wav,5.18
4842.wav,2.367
4843.wav,5.776
4844.wav,2.845
4845.wav,1.453
4846.wav,0.793
4847.wav,3.993
4848.wav,1.576
4849.wav,4.506
485.wav,1.889
4850.wav,4.652
4851.wav,1.512
4852.wav,2.829
4853.wav,2.405
4854.wav,2.516
4855.wav,9.713
4856.wav,1.667
4857.wav,6.03
4858.wav,6.58
4859.wav,3.361
486.wav,2.539
4860.wav,1.544
4861.wav,1.918
4862.wav,4.865
4863.wav,2.565
4864.wav,0.794
4865.wav,2.493
4866.wav,6.202
4867.wav,1.855
4868.wav,2.181
4869.wav,2.87
487.wav,0.605
4870.wav,10.04
4871.wav,4.53
4872.wav,4.093
4873.wav,4.71
4874.wav,1.688
4875.wav,1.86
4876.wav,2.391
4877.wav,3.011
4878.wav,1.405
4879.wav,2.471
488.wav,11.312
4880.wav,1.65
4881.wav,7.072
4882.wav,16.773
4883.wav,2.946
4884.wav,4.46
4885.wav,3.171
4886.wav,1.604
4887.wav,11.106
4888.wav,2.554
4889.wav,5.14
489.wav,2.118
4890.wav,3.202
4891.wav,1.711
4892.wav,7.409
4893.wav,5.034
4894.wav,1.902
4895.wav,9.471
4896.wav,1.259
4897.wav,10.988
4898.wav,3.882
4899.wav,4.991
49.wav,3.768
490.wav,8.89
4900.wav,4.302
4901.wav,3.283
4902.wav,1.213
4903.wav,3.966
4904.wav,2.147
4905.wav,1.473
4906.wav,3.938
4907.wav,7.955
4908.wav,5.722
4909.wav,1.221
491.wav,3.317
4910.wav,3.92
4911.wav,4.33
4912.wav,7.73
4913.wav,1.071
4914.wav,17.015
4915.wav,10.203
4916.wav,3.161
4917.wav,4.49
4918.wav,3.445
4919.wav,2.369
492.wav,6.284
4920.wav,1.682
4921.wav,3.027
4922.wav,6.643
4923.wav,1.534
4924.wav,4.82
4925.wav,3.803
4926.wav,3.22
4927.wav,2.303
4928.wav,2.083
4929.wav,3.555
493.wav,2.036
4930.wav,5.551
4931.wav,2.28
4932.wav,4.563
4933.wav,1.123
4934.wav,2.195
4935.wav,2.074
4936.wav,3.973
4937.wav,4.172
4938.wav,3.124
4939.wav,8.289
494.wav,1.084
4940.wav,1.283
4941.wav,12.963
4942.wav,2.623
4943.wav,2.351
4944.wav,4.117
4945.wav,12.185
4946.wav,2.788
4947.wav,2.989
4948.wav,8.463
4949.wav,3.135
495.wav,5.432
4950.wav,2.039
4951.wav,3.411
4952.wav,3.154
4953.wav,7.989
4954.wav,2.471
4955.wav,5.638
4956.wav,6.664
4957.wav,5.447
4958.wav,4.195
4959.wav,2.016
496.wav,1.996
4960.wav,2.144
4961.wav,2.545
4962.wav,10.349
4963.wav,15.637
4964.wav,4.613
4965.wav,1.339
4966.wav,3.452
4967.wav,6.036
4968.wav,5.85
4969.wav,1.54
497.wav,7.148
4970.wav,6.378
4971.wav,5.572
4972.wav,10.747
4973.wav,1.71
4974.wav,5.965
4975.wav,3.591
4976.wav,9.492
4977.wav,10.567
4978.wav,5.281
4979.wav,2.292
498.wav,5.37
4980.wav,3.252
4981.wav,1.353
4982.wav,1.007
4983.wav,3.289
4984.wav,6.144
4985.wav,2.188
4986.wav,6.0
4987.wav,9.2
4988.wav,8.997
4989.wav,5.75
499.wav,2.592
4990.wav,3.631
4991.wav,7.216
4992.wav,5.586
4993.wav,7.948
4994.wav,4.944
4995.wav,4.389
4996.wav,1.217
4997.wav,5.116
4998.wav,18.138
4999.wav,1.206
5.wav,3.96
50.wav,2.298
500.wav,5.221
5000.wav,2.958
5001.wav,1.379
5002.wav,3.26
5003.wav,7.607
5004.wav,2.743
5005.wav,4.281
5006.wav,5.549
5007.wav,1.629
5008.wav,4.544
5009.wav,2.871
501.wav,3.213
5010.wav,1.985
5011.wav,1.592
5012.wav,3.368
5013.wav,12.699
5014.wav,1.574
5015.wav,2.647
5016.wav,3.15
5017.wav,1.765
5018.wav,2.374
5019.wav,2.38
502.wav,3.146
5020.wav,1.558
5021.wav,7.372
5022.wav,3.422
5023.wav,3.085
5024.wav,4.344
5025.wav,5.606
5026.wav,3.977
5027.wav,2.135
5028.wav,4.776
5029.wav,9.0
503.wav,1.901
5030.wav,9.638
5031.wav,1.388
5032.wav,10.961
5033.wav,4.873
5034.wav,4.319
5035.wav,1.584
5036.wav,2.608
5037.wav,5.846
5038.wav,4.796
5039.wav,1.002
504.wav,2.491
5040.wav,2.676
5041.wav,3.296
5042.wav,4.911
5043.wav,2.16
5044.wav,2.217
5045.wav,3.76
5046.wav,1.118
5047.wav,3.044
5048.wav,2.381
5049.wav,4.291
505.wav,1.085
5050.wav,4.354
5051.wav,1.983
5052.wav,2.18
5053.wav,2.262
5054.wav,9.737
5055.wav,5.793
5056.wav,10.073
5057.wav,1.64
5058.wav,2.182
5059.wav,7.22
506.wav,2.727
5060.wav,2.115
5061.wav,3.626
5062.wav,4.794
5063.wav,14.671
5064.wav,3.793
5065.wav,3.987
5066.wav,2.742
5067.wav,1.847
5068.wav,1.422
5069.wav,0.682
507.wav,3.045
5070.wav,5.907
5071.wav,1.647
5072.wav,2.868
5073.wav,8.026
5074.wav,1.335
5075.wav,3.673
5076.wav,2.881
5077.wav,3.214
5078.wav,11.224
5079.wav,1.554
508.wav,2.123
5080.wav,2.12
5081.wav,1.829
5082.wav,3.394
5083.wav,5.54
5084.wav,18.153
5085.wav,13.261
5086.wav,1.98
5087.wav,3.122
5088.wav,3.05
5089.wav,0.845
509.wav,1.864
5090.wav,2.666
5091.wav,4.734
5092.wav,2.212
5093.wav,8.087
5094.wav,4.942
5095.wav,2.37
5096.wav,4.229
5097.wav,1.574
5098.wav,2.634
5099.wav,1.897
51.wav,2.951
510.wav,5.822
5100.wav,2.479
5101.wav,7.663
5102.wav,1.317
5103.wav,3.153
5104.wav,1.704
5105.wav,10.067
5106.wav,3.612
5107.wav,2.232
5108.wav,1.717
5109.wav,5.256
511.wav,6.776
5110.wav,5.032
5111.wav,2.183
5112.wav,1.227
5113.wav,9.688
5114.wav,16.21
5115.wav,9.682
5116.wav,4.468
5117.wav,5.212
5118.wav,1.884
5119.wav,3.889
512.wav,4.151
5120.wav,2.257
5121.wav,4.191
5122.wav,4.888
5123.wav,0.938
5124.wav,1.443
5125.wav,2.09
5126.wav,12.944
5127.wav,1.781
5128.wav,3.98
5129.wav,4.253
513.wav,1.635
5130.wav,11.439
5131.wav,15.439
5132.wav,3.713
5133.wav,2.455
5134.wav,2.458
5135.wav,2.061
5136.wav,7.198
5137.wav,2.063
5138.wav,9.87
5139.wav,2.833
514.wav,1.885
5140.wav,12.984
5141.wav,9.507
5142.wav,3.963
5143.wav,2.595
5144.wav,2.117
5145.wav,2.69
5146.wav,2.294
5147.wav,5.489
5148.wav,1.488
5149.wav,6.114
515.wav,4.591
5150.wav,4.955
5151.wav,3.675
5152.wav,1.706
5153.wav,2.255
5154.wav,7.606
5155.wav,3.27
5156.wav,4.633
5157.wav,6.44
5158.wav,1.37
5159.wav,2.541
516.wav,1.929
5160.wav,2.378
5161.wav,2.083
5162.wav,2.316
5163.wav,2.883
5164.wav,11.13
5165.wav,5.047
5166.wav,2.839
5167.wav,6.596
5168.wav,2.343
5169.wav,5.462
517.wav,1.436
5170.wav,2.573
5171.wav,5.917
5172.wav,6.531
5173.wav,1.438
5174.wav,2.452
5175.wav,2.751
5176.wav,13.848
5177.wav,5.942
5178.wav,2.934
5179.wav,2.748
518.wav,3.318
5180.wav,2.37
5181.wav,5.346
5182.wav,1.42
5183.wav,2.451
5184.wav,1.586
5185.wav,4.303
5186.wav,2.927
5187.wav,5.171
5188.wav,1.887
5189.wav,11.018
519.wav,7.215
5190.wav,2.819
5191.wav,2.783
5192.wav,4.69
5193.wav,2.488
5194.wav,2.601
5195.wav,6.0
5196.wav,1.654
5197.wav,1.928
5198.wav,3.574
5199.wav,5.218
52.wav,7.833
520.wav,4.978
5200.wav,3.844
5201.wav,4.789
5202.wav,6.44
5203.wav,3.219
5204.wav,5.844
5205.wav,1.961
5206.wav,2.242
5207.wav,3.617
5208.wav,6.296
5209.wav,7.066
521.wav,0.657
5210.wav,3.621
5211.wav,3.382
5212.wav,1.936
5213.wav,1.8
5214.wav,4.836
5215.wav,4.845
5216.wav,11.41
5217.wav,2.88
5218.wav,13.391
5219.wav,4.948
522.wav,2.521
5220.wav,1.41
5221.wav,4.155
5222.wav,1.368
5223.wav,1.534
5224.wav,1.607
5225.wav,2.326
5226.wav,1.7
5227.wav,1.153
5228.wav,3.132
5229.wav,8.003
523.wav,2.47
5230.wav,0.954
5231.wav,4.443
5232.wav,8.467
5233.wav,2.566
5234.wav,3.934
5235.wav,1.867
5236.wav,7.341
5237.wav,5.252
5238.wav,2.878
5239.wav,2.742
524.wav,3.86
5240.wav,1.235
5241.wav,10.675
5242.wav,0.696
5243.wav,2.821
5244.wav,3.409
5245.wav,2.689
5246.wav,2.028
5247.wav,1.714
5248.wav,5.898
5249.wav,1.054
525.wav,7.324
5250.wav,12.273
5251.wav,1.246
5252.wav,1.558
5253.wav,1.878
5254.wav,4.526
5255.wav,2.916
5256.wav,2.528
5257.wav,5.427
5258.wav,2.362
5259.wav,7.394
526.wav,1.02
5260.wav,1.377
5261.wav,3.469
5262.wav,1.955
5263.wav,0.993
5264.wav,3.306
5265.wav,1.663
5266.wav,2.33
5267.wav,1.852
5268.wav,23.459
5269.wav,2.362
527.wav,6.309
5270.wav,5.089
5271.wav,5.27
5272.wav,6.06
5273.wav,5.573
5274.wav,3.211
5275.wav,3.484
5276.wav,1.866
5277.wav,8.751
5278.wav,2.286
5279.wav,2.02
528.wav,1.768
5280.wav,2.023
5281.wav,3.92
5282.wav,2.637
5283.wav,0.957
5284.wav,3.191
5285.wav,1.211
5286.wav,1.922
5287.wav,2.194
5288.wav,3.54
5289.wav,3.444
529.wav,4.425
5290.wav,3.112
5291.wav,2.419
5292.wav,2.719
5293.wav,4.404
5294.wav,1.905
5295.wav,2.736
5296.wav,2.968
5297.wav,4.615
5298.wav,1.626
5299.wav,6.096
53.wav,1.48
530.wav,4.3
5300.wav,1.537
5301.wav,3.112
5302.wav,4.622
5303.wav,2.732
5304.wav,2.927
5305.wav,4.153
5306.wav,2.61
5307.wav,4.023
5308.wav,2.872
5309.wav,3.772
531.wav,7.471
5310.wav,1.818
5311.wav,1.292
5312.wav,3.172
5313.wav,4.075
5314.wav,3.641
5315.wav,8.358
5316.wav,1.88
5317.wav,1.664
5318.wav,3.602
5319.wav,7.099
532.wav,5.209
5320.wav,2.037
5321.wav,2.428
5322.wav,3.771
5323.wav,3.626
5324.wav,2.473
5325.wav,2.207
5326.wav,3.702
5327.wav,2.242
5328.wav,6.078
5329.wav,3.342
533.wav,2.318
5330.wav,2.355
5331.wav,3.555
5332.wav,1.263
5333.wav,3.162
5334.wav,2.95
5335.wav,3.262
5336.wav,2.865
5337.wav,5.61
5338.wav,1.513
5339.wav,6.254
534.wav,10.932
5340.wav,6.854
5341.wav,2.102
5342.wav,2.345
5343.wav,2.975
5344.wav,4.371
5345.wav,5.12
5346.wav,3.113
5347.wav,2.297
5348.wav,4.356
5349.wav,6.818
535.wav,1.956
5350.wav,4.236
5351.wav,5.554
5352.wav,2.851
5353.wav,1.694
5354.wav,1.771
5355.wav,2.066
5356.wav,5.213
5357.wav,4.215
5358.wav,7.474
5359.wav,1.446
536.wav,3.577
5360.wav,2.747
5361.wav,3.386
5362.wav,10.672
5363.wav,5.611
5364.wav,6.894
5365.wav,15.654
5366.wav,2.664
5367.wav,5.778
5368.wav,2.229
5369.wav,1.452
537.wav,2.341
5370.wav,5.609
5371.wav,3.652
5372.wav,1.812
5373.wav,0.836
5374.wav,3.782
5375.wav,5.045
5376.wav,5.873
5377.wav,2.298
5378.wav,2.173
5379.wav,4.131
538.wav,0.758
5380.wav,1.34
5381.wav,2.112
5382.wav,2.207
5383.wav,2.081
5384.wav,5.461
5385.wav,2.464
5386.wav,2.264
5387.wav,4.881
5388.wav,2.826
5389.wav,5.22
539.wav,1.739
5390.wav,4.877
5391.wav,4.052
5392.wav,2.077
5393.wav,3.598
5394.wav,1.891
5395.wav,6.78
5396.wav,1.485
5397.wav,6.345
5398.wav,1.62
5399.wav,2.661
54.wav,1.291
540.wav,5.868
5400.wav,2.82
5401.wav,4.374
5402.wav,1.991
5403.wav,3.574
5404.wav,2.631
5405.wav,2.413
5406.wav,4.637
5407.wav,3.754
5408.wav,2.217
5409.wav,1.427
541.wav,5.213
5410.wav,9.192
5411.wav,0.768
5412.wav,1.471
5413.wav,2.651
5414.wav,2.779
5415.wav,1.826
5416.wav,5.111
5417.wav,2.346
5418.wav,2.415
5419.wav,2.238
542.wav,7.207
5420.wav,1.149
5421.wav,3.574
5422.wav,0.802
5423.wav,3.261
5424.wav,2.874
5425.wav,3.911
5426.wav,5.189
5427.wav,3.038
5428.wav,5.534
5429.wav,9.313
543.wav,2.496
5430.wav,1.871
5431.wav,2.77
5432.wav,4.76
5433.wav,2.354
5434.wav,1.739
5435.wav,1.295
5436.wav,1.575
5437.wav,1.614
5438.wav,3.851
5439.wav,6.618
544.wav,9.821
5440.wav,4.746
5441.wav,22.019
5442.wav,2.669
5443.wav,1.742
5444.wav,2.035
5445.wav,3.266
5446.wav,2.867
5447.wav,2.251
5448.wav,2.967
5449.wav,3.568
545.wav,11.232
5450.wav,4.342
5451.wav,5.057
5452.wav,4.579
5453.wav,5.965
5454.wav,2.021
5455.wav,2.104
5456.wav,6.142
5457.wav,2.621
5458.wav,11.022
5459.wav,1.966
546.wav,8.535
5460.wav,5.089
5461.wav,1.121
5462.wav,1.037
5463.wav,7.411
5464.wav,0.854
5465.wav,3.473
5466.wav,1.703
5467.wav,3.318
5468.wav,2.371
5469.wav,3.123
547.wav,8.292
5470.wav,1.387
5471.wav,1.409
5472.wav,4.138
5473.wav,3.098
5474.wav,6.692
5475.wav,1.811
5476.wav,1.388
5477.wav,4.723
5478.wav,3.26
5479.wav,7.543
548.wav,1.64
5480.wav,9.848
5481.wav,14.832
5482.wav,2.781
5483.wav,2.131
5484.wav,1.459
5485.wav,4.501
5486.wav,10.073
5487.wav,6.628
5488.wav,3.988
5489.wav,1.256
549.wav,2.351
5490.wav,20.722
5491.wav,2.637
5492.wav,2.52
5493.wav,2.376
5494.wav,17.183
5495.wav,9.628
5496.wav,2.505
5497.wav,6.147
5498.wav,3.406
5499.wav,3.399
55.wav,1.521
550.wav,1.303
5500.wav,2.667
5501.wav,1.813
5502.wav,1.27
5503.wav,3.868
5504.wav,2.402
5505.wav,4.106
5506.wav,4.346
5507.wav,6.096
5508.wav,2.888
5509.wav,3.14
551.wav,2.257
5510.wav,2.579
5511.wav,4.694
5512.wav,2.845
5513.wav,1.969
5514.wav,3.819
5515.wav,2.424
5516.wav,6.031
5517.wav,5.214
5518.wav,6.122
5519.wav,2.921
552.wav,13.471
5520.wav,2.892
5521.wav,3.863
5522.wav,1.447
5523.wav,1.819
5524.wav,3.243
5525.wav,7.172
5526.wav,4.265
5527.wav,2.698
5528.wav,4.167
5529.wav,10.739
553.wav,4.089
5530.wav,3.089
5531.wav,8.218
5532.wav,13.237
5533.wav,6.665
5534.wav,3.491
5535.wav,3.912
5536.wav,3.422
5537.wav,2.906
5538.wav,3.227
5539.wav,1.214
554.wav,2.786
5540.wav,3.311
5541.wav,0.863
5542.wav,2.316
5543.wav,4.484
5544.wav,18.427
5545.wav,2.642
5546.wav,6.046
5547.wav,2.752
5548.wav,4.443
5549.wav,2.907
555.wav,14.57
5550.wav,2.198
5551.wav,5.779
5552.wav,4.551
5553.wav,3.405
5554.wav,22.567
5555.wav,6.484
5556.wav,1.212
5557.wav,1.083
5558.wav,1.874
5559.wav,4.42
556.wav,1.367
5560.wav,6.579
5561.wav,2.447
5562.wav,5.611
5563.wav,4.251
5564.wav,5.055
5565.wav,3.463
5566.wav,2.795
5567.wav,8.871
5568.wav,3.914
5569.wav,3.035
557.wav,2.365
5570.wav,5.46
5571.wav,7.562
5572.wav,1.703
5573.wav,6.005
5574.wav,1.512
5575.wav,9.244
5576.wav,7.075
5577.wav,3.393
5578.wav,3.296
5579.wav,3.716
558.wav,2.956
5580.wav,2.964
5581.wav,3.565
5582.wav,1.298
5583.wav,5.177
5584.wav,2.394
5585.wav,6.247
5586.wav,1.075
5587.wav,4.566
5588.wav,5.11
5589.wav,8.416
559.wav,4.524
5590.wav,1.191
5591.wav,4.019
5592.wav,3.433
5593.wav,2.804
5594.wav,6.635
5595.wav,3.505
5596.wav,4.336
5597.wav,5.334
5598.wav,4.14
5599.wav,3.648
56.wav,2.192
560.wav,8.851
5600.wav,2.836
5601.wav,11.909
5602.wav,0.97
5603.wav,2.4
5604.wav,2.31
5605.wav,3.31
5606.wav,7.164
5607.wav,1.747
5608.wav,3.431
5609.wav,8.774
561.wav,5.839
5610.wav,2.286
5611.wav,3.248
5612.wav,2.113
5613.wav,1.47
5614.wav,9.932
5615.wav,8.532
5616.wav,2.551
5617.wav,6.631
5618.wav,5.876
5619.wav,1.991
562.wav,11.255
5620.wav,2.472
5621.wav,10.126
5622.wav,6.709
5623.wav,3.973
5624.wav,15.63
5625.wav,11.324
5626.wav,1.4
5627.wav,1.389
5628.wav,3.333
5629.wav,4.499
563.wav,3.186
5630.wav,2.06
5631.wav,4.224
5632.wav,2.68
5633.wav,2.971
5634.wav,2.202
5635.wav,5.745
5636.wav,4.289
5637.wav,5.769
5638.wav,3.22
5639.wav,2.979
564.wav,9.609
5640.wav,1.564
5641.wav,4.42
5642.wav,1.157
5643.wav,1.158
5644.wav,2.015
5645.wav,7.017
5646.wav,8.573
5647.wav,1.38
5648.wav,2.253
5649.wav,3.053
565.wav,14.187
5650.wav,5.494
5651.wav,5.675
5652.wav,7.376
5653.wav,1.971
5654.wav,5.14
5655.wav,6.328
5656.wav,2.528
5657.wav,10.38
5658.wav,1.795
5659.wav,3.603
566.wav,1.173
5660.wav,4.013
5661.wav,2.779
5662.wav,3.291
5663.wav,3.097
5664.wav,4.937
5665.wav,1.904
5666.wav,11.827
5667.wav,2.872
5668.wav,5.394
5669.wav,5.296
567.wav,6.164
5670.wav,2.134
5671.wav,2.011
5672.wav,4.94
5673.wav,2.633
5674.wav,2.308
5675.wav,2.019
5676.wav,5.144
5677.wav,2.65
5678.wav,2.288
5679.wav,4.378
568.wav,10.141
5680.wav,4.103
5681.wav,1.193
5682.wav,1.625
5683.wav,2.971
5684.wav,5.654
5685.wav,4.404
5686.wav,2.142
5687.wav,2.362
5688.wav,4.09
5689.wav,22.792
569.wav,8.817
5690.wav,1.799
5691.wav,3.62
5692.wav,14.469
5693.wav,4.573
5694.wav,1.505
5695.wav,4.649
5696.wav,2.723
5697.wav,1.21
5698.wav,2.863
5699.wav,3.361
57.wav,2.865
570.wav,11.636
5700.wav,5.969
5701.wav,1.52
5702.wav,3.338
5703.wav,20.39
5704.wav,1.797
5705.wav,7.646
5706.wav,4.136
5707.wav,3.206
5708.wav,6.798
5709.wav,10.706
571.wav,2.49
5710.wav,5.401
5711.wav,7.535
5712.wav,1.431
5713.wav,2.227
5714.wav,3.868
5715.wav,4.805
5716.wav,2.802
5717.wav,1.993
5718.wav,4.892
5719.wav,2.059
572.wav,1.031
5720.wav,3.622
5721.wav,2.214
5722.wav,1.402
5723.wav,4.1
5724.wav,4.082
5725.wav,3.273
5726.wav,1.922
5727.wav,3.199
5728.wav,1.462
5729.wav,3.916
573.wav,4.449
5730.wav,3.024
5731.wav,2.786
5732.wav,2.115
5733.wav,2.02
5734.wav,4.083
5735.wav,6.217
5736.wav,1.934
5737.wav,1.203
5738.wav,7.987
5739.wav,4.128
574.wav,2.721
5740.wav,7.256
5741.wav,5.111
5742.wav,7.03
5743.wav,5.278
5744.wav,1.491
5745.wav,1.002
5746.wav,3.132
5747.wav,8.93
5748.wav,1.753
5749.wav,3.646
575.wav,20.031
5750.wav,8.855
5751.wav,10.289
5752.wav,1.523
5753.wav,2.815
5754.wav,4.271
5755.wav,5.143
5756.wav,1.968
5757.wav,3.178
5758.wav,1.443
5759.wav,4.644
576.wav,4.203
5760.wav,2.657
5761.wav,3.823
5762.wav,1.671
5763.wav,2.598
5764.wav,2.841
5765.wav,2.736
5766.wav,5.227
5767.wav,5.117
5768.wav,1.435
5769.wav,7.465
577.wav,3.749
5770.wav,1.518
5771.wav,0.897
5772.wav,2.601
5773.wav,1.154
5774.wav,3.986
5775.wav,4.57
5776.wav,10.025
5777.wav,2.134
5778.wav,5.778
5779.wav,4.406
578.wav,8.841
5780.wav,3.764
5781.wav,1.067
5782.wav,3.475
5783.wav,2.134
5784.wav,3.947
5785.wav,2.322
5786.wav,2.639
5787.wav,2.284
5788.wav,2.618
5789.wav,1.136
579.wav,6.091
5790.wav,2.041
5791.wav,3.05
5792.wav,1.245
5793.wav,3.177
5794.wav,13.308
5795.wav,3.424
5796.wav,10.34
5797.wav,3.153
5798.wav,4.171
5799.wav,5.834
58.wav,2.281
580.wav,1.359
5800.wav,3.371
5801.wav,1.819
5802.wav,0.825
5803.wav,0.764
5804.wav,1.998
5805.wav,4.784
5806.wav,3.368
5807.wav,4.605
5808.wav,3.897
5809.wav,2.855
581.wav,2.163
5810.wav,1.793
5811.wav,3.172
5812.wav,5.024
5813.wav,3.66
5814.wav,2.167
5815.wav,1.974
5816.wav,3.678
5817.wav,8.411
5818.wav,1.102
5819.wav,17.529
582.wav,5.329
5820.wav,1.701
5821.wav,3.484
5822.wav,5.57
5823.wav,11.573
5824.wav,2.214
5825.wav,2.205
5826.wav,2.391
5827.wav,3.236
5828.wav,6.842
5829.wav,1.732
583.wav,4.302
5830.wav,1.468
5831.wav,3.119
5832.wav,3.669
5833.wav,4.383
5834.wav,7.984
5835.wav,1.653
5836.wav,19.011
5837.wav,3.953
5838.wav,3.144
5839.wav,4.561
584.wav,4.189
5840.wav,1.836
5841.wav,2.26
5842.wav,3.243
5843.wav,2.521
5844.wav,3.947
5845.wav,1.649
5846.wav,1.842
5847.wav,8.814
5848.wav,3.096
5849.wav,4.457
585.wav,5.486
5850.wav,3.25
5851.wav,3.349
5852.wav,4.841
5853.wav,3.238
5854.wav,4.194
5855.wav,8.613
5856.wav,1.8
5857.wav,2.424
5858.wav,2.661
5859.wav,1.61
586.wav,0.778
5860.wav,1.933
5861.wav,1.758
5862.wav,5.083
5863.wav,6.646
5864.wav,7.554
5865.wav,1.321
5866.wav,1.175
5867.wav,1.54
5868.wav,4.75
5869.wav,5.256
587.wav,10.404
5870.wav,3.004
5871.wav,4.425
5872.wav,1.273
5873.wav,12.486
5874.wav,3.275
5875.wav,1.555
5876.wav,2.196
5877.wav,2.589
5878.wav,2.317
5879.wav,0.613
588.wav,1.583
5880.wav,3.62
5881.wav,5.378
5882.wav,11.206
5883.wav,1.813
5884.wav,10.392
5885.wav,3.326
5886.wav,2.204
5887.wav,9.825
5888.wav,7.928
5889.wav,8.656
589.wav,7.447
5890.wav,8.387
5891.wav,3.788
5892.wav,5.005
5893.wav,24.299
5894.wav,3.205
5895.wav,3.887
5896.wav,6.226
5897.wav,2.39
5898.wav,8.71
5899.wav,4.779
59.wav,11.574
590.wav,2.447
5900.wav,0.964
5901.wav,3.118
5902.wav,4.265
5903.wav,8.127
5904.wav,1.586
5905.wav,1.459
5906.wav,2.693
5907.wav,5.376
5908.wav,3.367
5909.wav,1.082
591.wav,3.427
5910.wav,1.715
5911.wav,1.082
5912.wav,3.73
5913.wav,1.795
5914.wav,5.422
5915.wav,7.056
5916.wav,10.37
5917.wav,12.174
5918.wav,1.398
5919.wav,0.801
592.wav,6.849
5920.wav,2.119
5921.wav,2.015
5922.wav,2.827
5923.wav,7.512
5924.wav,3.972
5925.wav,3.187
5926.wav,1.76
5927.wav,3.391
5928.wav,2.33
5929.wav,4.254
593.wav,5.395
5930.wav,2.562
5931.wav,2.084
5932.wav,4.894
5933.wav,2.734
5934.wav,2.475
5935.wav,1.88
5936.wav,2.635
5937.wav,0.91
5938.wav,4.046
5939.wav,1.49
594.wav,11.29
5940.wav,3.951
5941.wav,2.26
5942.wav,9.14
5943.wav,2.832
5944.wav,2.283
5945.wav,4.784
5946.wav,1.492
5947.wav,2.396
5948.wav,3.492
5949.wav,5.065
595.wav,2.787
5950.wav,2.207
5951.wav,2.58
5952.wav,4.149
5953.wav,8.847
5954.wav,1.352
5955.wav,1.591
5956.wav,1.321
5957.wav,2.812
5958.wav,4.994
5959.wav,2.339
596.wav,2.143
5960.wav,2.75
5961.wav,1.462
5962.wav,1.588
5963.wav,2.681
5964.wav,4.424
5965.wav,4.524
5966.wav,3.294
5967.wav,17.867
5968.wav,3.061
5969.wav,3.414
597.wav,2.894
5970.wav,3.373
5971.wav,2.452
5972.wav,7.497
5973.wav,3.062
5974.wav,3.031
5975.wav,3.203
5976.wav,0.877
5977.wav,1.776
5978.wav,4.077
5979.wav,1.806
598.wav,2.864
5980.wav,4.581
5981.wav,1.388
5982.wav,5.178
5983.wav,3.865
5984.wav,5.305
5985.wav,0.989
5986.wav,3.485
5987.wav,1.182
5988.wav,1.654
5989.wav,1.192
599.wav,2.499
5990.wav,1.404
5991.wav,10.882
5992.wav,2.838
5993.wav,4.601
5994.wav,7.661
5995.wav,4.498
5996.wav,3.956
5997.wav,4.49
5998.wav,1.508
5999.wav,7.574
6.wav,4.619
60.wav,1.93
600.wav,1.854
6000.wav,5.296
6001.wav,2.732
6002.wav,3.707
6003.wav,1.332
6004.wav,13.679
6005.wav,4.064
6006.wav,9.415
6007.wav,2.042
6008.wav,1.704
6009.wav,5.044
601.wav,3.77
6010.wav,3.056
6011.wav,4.41
6012.wav,1.884
6013.wav,2.727
6014.wav,6.506
6015.wav,4.225
6016.wav,4.238
6017.wav,1.69
6018.wav,6.737
6019.wav,2.966
602.wav,1.884
6020.wav,6.988
6021.wav,13.379
6022.wav,2.397
6023.wav,2.418
6024.wav,6.611
6025.wav,3.112
6026.wav,5.815
6027.wav,1.048
6028.wav,2.731
6029.wav,3.491
603.wav,6.841
6030.wav,2.322
6031.wav,2.041
6032.wav,3.26
6033.wav,2.401
6034.wav,3.127
6035.wav,0.955
6036.wav,4.069
6037.wav,1.98
6038.wav,2.116
6039.wav,2.992
604.wav,4.554
6040.wav,2.367
6041.wav,3.238
6042.wav,4.628
6043.wav,1.22
6044.wav,2.699
6045.wav,10.453
6046.wav,1.956
6047.wav,3.443
6048.wav,1.429
6049.wav,3.06
605.wav,1.655
6050.wav,3.422
6051.wav,2.859
6052.wav,0.719
6053.wav,4.471
6054.wav,3.762
6055.wav,3.425
6056.wav,2.972
6057.wav,2.455
6058.wav,3.312
6059.wav,2.063
606.wav,2.573
6060.wav,2.45
6061.wav,23.264
6062.wav,3.429
6063.wav,6.047
6064.wav,5.766
6065.wav,4.595
6066.wav,3.825
6067.wav,7.285
6068.wav,5.586
6069.wav,3.566
607.wav,4.309
6070.wav,8.076
6071.wav,3.033
6072.wav,14.178
6073.wav,1.938
6074.wav,7.298
6075.wav,2.215
6076.wav,1.228
6077.wav,3.102
6078.wav,12.219
6079.wav,1.504
608.wav,5.136
6080.wav,4.391
6081.wav,7.716
6082.wav,1.063
6083.wav,2.276
6084.wav,10.798
6085.wav,2.223
6086.wav,6.508
6087.wav,4.127
6088.wav,8.6
6089.wav,6.384
609.wav,4.55
6090.wav,1.402
6091.wav,2.429
6092.wav,3.26
6093.wav,1.814
6094.wav,2.572
6095.wav,5.545
6096.wav,6.953
6097.wav,6.898
6098.wav,3.211
6099.wav,1.545
61.wav,7.042
610.wav,4.254
6100.wav,2.557
6101.wav,8.245
6102.wav,4.017
6103.wav,2.989
6104.wav,14.969
6105.wav,5.042
6106.wav,3.888
6107.wav,1.653
6108.wav,1.228
6109.wav,1.738
611.wav,1.966
6110.wav,5.962
6111.wav,2.757
6112.wav,3.438
6113.wav,1.481
6114.wav,9.532
6115.wav,6.712
6116.wav,5.946
6117.wav,15.455
6118.wav,6.39
6119.wav,3.287
612.wav,3.702
6120.wav,4.967
6121.wav,1.311
6122.wav,3.862
6123.wav,18.299
6124.wav,5.517
6125.wav,1.525
6126.wav,1.112
6127.wav,4.389
6128.wav,1.902
6129.wav,4.468
613.wav,2.269
6130.wav,5.58
6131.wav,3.033
6132.wav,3.418
6133.wav,1.371
6134.wav,4.932
6135.wav,8.981
6136.wav,6.198
6137.wav,3.729
6138.wav,4.35
6139.wav,1.623
614.wav,6.411
6140.wav,4.687
6141.wav,2.648
6142.wav,1.629
6143.wav,3.373
6144.wav,5.99
6145.wav,1.757
6146.wav,1.607
6147.wav,1.142
6148.wav,4.955
6149.wav,2.321
615.wav,6.262
6150.wav,4.743
6151.wav,5.735
6152.wav,2.003
6153.wav,2.714
6154.wav,5.978
6155.wav,0.847
6156.wav,3.799
6157.wav,5.613
6158.wav,3.963
6159.wav,6.001
616.wav,2.603
6160.wav,1.173
6161.wav,5.753
6162.wav,1.461
6163.wav,0.773
6164.wav,1.351
6165.wav,5.727
6166.wav,2.342
6167.wav,2.089
6168.wav,2.245
6169.wav,3.938
617.wav,4.452
6170.wav,6.187
6171.wav,1.673
6172.wav,1.936
6173.wav,3.321
6174.wav,1.091
6175.wav,2.341
6176.wav,4.238
6177.wav,13.27
6178.wav,5.18
6179.wav,6.459
618.wav,2.507
6180.wav,0.887
6181.wav,3.214
6182.wav,11.646
6183.wav,4.491
6184.wav,3.601
6185.wav,2.606
6186.wav,8.442
6187.wav,7.618
6188.wav,6.044
6189.wav,3.686
619.wav,2.24
6190.wav,1.604
6191.wav,6.785
6192.wav,3.111
6193.wav,3.06
6194.wav,5.794
6195.wav,4.049
6196.wav,5.921
6197.wav,2.282
6198.wav,1.974
6199.wav,17.065
62.wav,3.038
620.wav,3.612
6200.wav,3.371
6201.wav,3.616
6202.wav,2.294
6203.wav,10.38
6204.wav,2.485
6205.wav,6.702
6206.wav,1.114
6207.wav,15.029
6208.wav,1.726
6209.wav,4.965
621.wav,5.143
6210.wav,1.557
6211.wav,0.798
6212.wav,5.34
6213.wav,7.529
6214.wav,2.779
6215.wav,1.739
6216.wav,1.3
6217.wav,1.152
6218.wav,4.704
6219.wav,4.99
622.wav,3.471
6220.wav,2.342
6221.wav,5.406
6222.wav,0.906
6223.wav,2.71
6224.wav,2.121
6225.wav,4.395
6226.wav,5.126
6227.wav,3.061
6228.wav,8.11
6229.wav,2.052
623.wav,3.982
6230.wav,5.104
6231.wav,3.054
6232.wav,2.944
6233.wav,4.292
6234.wav,2.977
6235.wav,2.242
6236.wav,0.992
6237.wav,1.618
6238.wav,6.448
6239.wav,4.8
624.wav,5.622
6240.wav,8.007
6241.wav,3.599
6242.wav,4.434
6243.wav,1.766
6244.wav,10.563
6245.wav,2.459
6246.wav,2.723
6247.wav,2.718
6248.wav,5.809
6249.wav,9.39
625.wav,1.632
6250.wav,4.08
6251.wav,4.726
6252.wav,1.557
6253.wav,7.565
6254.wav,1.876
6255.wav,3.579
6256.wav,3.556
6257.wav,2.424
6258.wav,2.629
6259.wav,2.865
626.wav,1.174
6260.wav,5.401
6261.wav,4.638
6262.wav,3.012
6263.wav,2.245
6264.wav,4.132
6265.wav,7.714
6266.wav,0.935
6267.wav,2.637
6268.wav,8.238
6269.wav,1.831
627.wav,2.816
6270.wav,14.336
6271.wav,2.261
6272.wav,1.435
6273.wav,4.279
6274.wav,3.489
6275.wav,2.951
6276.wav,4.8
6277.wav,6.015
6278.wav,8.082
6279.wav,4.459
628.wav,1.482
6280.wav,3.137
6281.wav,6.084
6282.wav,9.647
6283.wav,2.805
6284.wav,14.302
6285.wav,8.469
6286.wav,5.997
6287.wav,2.761
6288.wav,2.886
6289.wav,2.245
629.wav,0.997
6290.wav,1.945
6291.wav,2.075
6292.wav,1.213
6293.wav,2.129
6294.wav,6.575
6295.wav,4.223
6296.wav,1.712
6297.wav,4.831
6298.wav,3.437
6299.wav,5.855
63.wav,4.849
630.wav,3.694
6300.wav,3.067
6301.wav,3.028
6302.wav,2.674
6303.wav,3.379
6304.wav,8.632
6305.wav,11.065
6306.wav,6.481
6307.wav,1.798
6308.wav,1.392
6309.wav,9.147
631.wav,3.346
6310.wav,1.77
6311.wav,6.394
6312.wav,1.684
6313.wav,14.488
6314.wav,5.709
6315.wav,3.86
6316.wav,5.416
6317.wav,2.145
6318.wav,5.21
6319.wav,5.43
632.wav,2.172
6320.wav,12.613
6321.wav,2.056
6322.wav,16.818
6323.wav,4.179
6324.wav,2.129
6325.wav,1.185
6326.wav,14.209
6327.wav,4.973
6328.wav,4.709
6329.wav,3.608
633.wav,7.088
6330.wav,2.181
6331.wav,2.5
6332.wav,1.93
6333.wav,3.279
6334.wav,8.454
6335.wav,2.582
6336.wav,3.41
6337.wav,7.385
6338.wav,0.898
6339.wav,5.526
634.wav,5.181
6340.wav,5.407
6341.wav,4.062
6342.wav,1.205
6343.wav,3.326
6344.wav,3.406
6345.wav,1.603
6346.wav,2.04
6347.wav,2.31
6348.wav,6.203
6349.wav,3.957
635.wav,2.174
6350.wav,2.38
6351.wav,5.331
6352.wav,5.358
6353.wav,4.347
6354.wav,3.14
6355.wav,2.255
6356.wav,2.395
6357.wav,21.203
6358.wav,2.89
6359.wav,16.254
636.wav,2.168
6360.wav,1.837
6361.wav,2.408
6362.wav,3.046
6363.wav,1.399
6364.wav,5.727
6365.wav,4.119
6366.wav,1.351
6367.wav,3.693
6368.wav,1.725
6369.wav,6.305
637.wav,3.455
6370.wav,2.55
6371.wav,7.186
6372.wav,2.406
6373.wav,0.826
6374.wav,9.611
6375.wav,3.851
6376.wav,8.19
6377.wav,4.009
6378.wav,0.851
6379.wav,2.277
638.wav,3.35
6380.wav,6.034
6381.wav,2.148
6382.wav,3.473
6383.wav,7.398
6384.wav,5.139
6385.wav,7.257
6386.wav,3.4
6387.wav,1.333
6388.wav,21.613
6389.wav,2.794
639.wav,4.451
6390.wav,2.451
6391.wav,1.615
6392.wav,2.112
6393.wav,2.788
6394.wav,9.223
6395.wav,5.686
6396.wav,1.896
6397.wav,3.337
6398.wav,2.398
6399.wav,5.786
64.wav,4.328
640.wav,1.248
6400.wav,7.332
6401.wav,1.87
6402.wav,2.117
6403.wav,1.303
6404.wav,22.53
6405.wav,4.584
6406.wav,7.28
6407.wav,2.359
6408.wav,3.487
6409.wav,1.358
641.wav,3.075
6410.wav,4.071
6411.wav,1.176
6412.wav,12.22
6413.wav,3.57
6414.wav,4.696
6415.wav,6.061
6416.wav,1.144
6417.wav,4.082
6418.wav,4.682
6419.wav,3.357
642.wav,5.844
6420.wav,3.798
6421.wav,2.8
6422.wav,1.547
6423.wav,3.432
6424.wav,1.795
6425.wav,4.966
6426.wav,17.433
6427.wav,3.114
6428.wav,2.752
6429.wav,2.056
643.wav,2.093
6430.wav,2.081
6431.wav,2.703
6432.wav,4.081
6433.wav,2.715
6434.wav,4.986
6435.wav,5.949
6436.wav,2.294
6437.wav,4.429
6438.wav,2.136
6439.wav,11.596
644.wav,7.098
6440.wav,2.212
6441.wav,4.364
6442.wav,4.619
6443.wav,2.722
6444.wav,7.055
6445.wav,6.818
6446.wav,0.662
6447.wav,3.663
6448.wav,4.647
6449.wav,11.152
645.wav,10.176
6450.wav,2.772
6451.wav,4.4
6452.wav,1.395
6453.wav,3.263
6454.wav,7.177
6455.wav,3.244
6456.wav,4.757
6457.wav,8.267
6458.wav,9.672
6459.wav,3.943
646.wav,1.252
6460.wav,2.657
6461.wav,2.656
6462.wav,5.633
6463.wav,2.45
6464.wav,1.906
6465.wav,7.168
6466.wav,3.684
6467.wav,2.011
6468.wav,4.38
6469.wav,0.842
647.wav,3.306
6470.wav,2.817
6471.wav,9.632
6472.wav,1.56
6473.wav,11.339
6474.wav,2.419
6475.wav,1.56
6476.wav,4.742
6477.wav,1.44
6478.wav,5.507
6479.wav,4.169
648.wav,8.671
6480.wav,2.915
6481.wav,6.341
6482.wav,1.572
6483.wav,5.669
6484.wav,3.871
6485.wav,3.207
6486.wav,16.155
6487.wav,3.813
6488.wav,1.341
6489.wav,7.286
649.wav,2.102
6490.wav,0.862
6491.wav,2.702
6492.wav,1.863
6493.wav,4.476
6494.wav,1.165
6495.wav,4.461
6496.wav,5.313
6497.wav,3.783
6498.wav,2.613
6499.wav,15.314
65.wav,7.876
650.wav,5.721
6500.wav,3.516
6501.wav,5.125
6502.wav,3.831
6503.wav,1.201
6504.wav,5.813
6505.wav,5.127
6506.wav,3.714
6507.wav,1.472
6508.wav,4.311
6509.wav,10.968
651.wav,8.413
6510.wav,3.355
6511.wav,1.125
6512.wav,4.045
6513.wav,3.284
6514.wav,2.023
6515.wav,5.33
6516.wav,5.984
6517.wav,6.464
6518.wav,1.697
6519.wav,4.883
652.wav,1.013
6520.wav,9.506
6521.wav,7.232
6522.wav,2.485
6523.wav,1.306
6524.wav,3.584
6525.wav,3.203
6526.wav,2.182
6527.wav,4.409
6528.wav,7.472
6529.wav,4.43
653.wav,5.161
6530.wav,5.036
6531.wav,3.564
6532.wav,1.48
6533.wav,3.471
6534.wav,4.983
6535.wav,2.081
6536.wav,2.01
6537.wav,12.3
6538.wav,1.481
6539.wav,6.08
654.wav,2.239
6540.wav,3.503
6541.wav,2.291
6542.wav,1.735
6543.wav,4.45
6544.wav,2.751
6545.wav,6.003
6546.wav,4.271
6547.wav,3.015
6548.wav,1.627
6549.wav,1.007
655.wav,2.026
6550.wav,15.529
6551.wav,8.995
6552.wav,2.92
6553.wav,5.719
6554.wav,21.084
6555.wav,3.595
6556.wav,1.122
6557.wav,2.058
6558.wav,2.173
6559.wav,9.672
656.wav,3.109
6560.wav,3.872
6561.wav,2.317
6562.wav,8.932
6563.wav,1.561
6564.wav,2.239
6565.wav,1.749
6566.wav,0.966
6567.wav,1.732
6568.wav,2.747
6569.wav,3.548
657.wav,4.34
6570.wav,13.602
6571.wav,3.757
6572.wav,0.83
6573.wav,0.743
6574.wav,8.901
6575.wav,2.275
6576.wav,2.27
6577.wav,2.278
6578.wav,1.244
6579.wav,8.43
658.wav,4.976
6580.wav,4.747
6581.wav,3.604
6582.wav,1.85
6583.wav,1.356
6584.wav,4.16
6585.wav,1.434
6586.wav,4.388
6587.wav,4.803
6588.wav,7.518
6589.wav,3.613
659.wav,9.544
6590.wav,2.719
6591.wav,0.957
6592.wav,10.864
6593.wav,3.468
6594.wav,6.428
6595.wav,1.525
6596.wav,8.407
6597.wav,10.992
6598.wav,3.455
6599.wav,8.666
66.wav,1.51
660.wav,1.951
6600.wav,11.101
6601.wav,1.18
6602.wav,3.452
6603.wav,2.338
6604.wav,2.324
6605.wav,2.179
6606.wav,2.466
6607.wav,2.068
6608.wav,0.925
6609.wav,4.445
661.wav,5.87
6610.wav,3.03
6611.wav,8.471
6612.wav,12.609
6613.wav,0.803
6614.wav,3.3
6615.wav,1.68
6616.wav,5.49
6617.wav,1.72
6618.wav,7.609
6619.wav,4.195
662.wav,1.976
6620.wav,3.572
6621.wav,1.564
6622.wav,0.826
6623.wav,4.877
6624.wav,0.791
6625.wav,7.724
6626.wav,4.822
6627.wav,2.15
6628.wav,2.852
6629.wav,3.957
663.wav,3.847
6630.wav,2.816
6631.wav,2.343
6632.wav,6.413
6633.wav,1.647
6634.wav,6.627
6635.wav,14.245
6636.wav,9.189
6637.wav,2.6
6638.wav,3.3
6639.wav,2.983
664.wav,5.42
6640.wav,2.804
6641.wav,6.055
6642.wav,1.736
6643.wav,2.691
6644.wav,2.844
6645.wav,1.461
6646.wav,2.346
6647.wav,8.246
6648.wav,5.307
6649.wav,6.526
665.wav,8.541
6650.wav,1.744
6651.wav,0.697
6652.wav,7.771
6653.wav,9.187
6654.wav,6.685
6655.wav,0.943
6656.wav,2.335
6657.wav,2.548
6658.wav,1.689
6659.wav,3.097
666.wav,5.397
6660.wav,1.317
6661.wav,2.471
6662.wav,2.584
6663.wav,8.365
6664.wav,1.177
6665.wav,4.455
6666.wav,3.841
6667.wav,2.845
6668.wav,4.898
6669.wav,1.841
667.wav,3.663
6670.wav,2.251
6671.wav,3.361
6672.wav,1.14
6673.wav,4.474
6674.wav,8.139
6675.wav,3.988
6676.wav,3.371
6677.wav,3.364
6678.wav,1.749
6679.wav,6.104
668.wav,6.855
6680.wav,2.376
6681.wav,3.939
6682.wav,3.827
6683.wav,0.857
6684.wav,3.697
6685.wav,5.75
6686.wav,2.1
6687.wav,1.854
6688.wav,3.556
6689.wav,4.555
669.wav,1.978
6690.wav,1.279
6691.wav,4.433
6692.wav,5.97
6693.wav,1.733
6694.wav,15.607
6695.wav,4.15
6696.wav,2.285
6697.wav,3.021
6698.wav,1.605
6699.wav,3.689
67.wav,3.761
670.wav,1.762
6700.wav,8.587
6701.wav,3.112
6702.wav,3.354
6703.wav,3.699
6704.wav,7.886
6705.wav,2.242
6706.wav,14.319
6707.wav,1.212
6708.wav,2.463
6709.wav,9.464
671.wav,2.716
6710.wav,2.586
6711.wav,4.275
6712.wav,5.615
6713.wav,3.146
6714.wav,2.205
6715.wav,2.061
6716.wav,2.862
6717.wav,4.211
6718.wav,6.872
6719.wav,4.343
672.wav,20.896
6720.wav,8.682
6721.wav,4.174
6722.wav,3.904
6723.wav,5.341
6724.wav,19.79
6725.wav,1.459
6726.wav,1.926
6727.wav,2.755
6728.wav,2.193
6729.wav,1.71
673.wav,10.448
6730.wav,6.093
6731.wav,5.597
6732.wav,2.332
6733.wav,2.531
6734.wav,2.103
6735.wav,1.295
6736.wav,6.524
6737.wav,2.174
6738.wav,7.25
6739.wav,2.214
674.wav,4.616
6740.wav,1.911
6741.wav,0.873
6742.wav,2.961
6743.wav,3.87
6744.wav,2.814
6745.wav,1.16
6746.wav,5.464
6747.wav,7.12
6748.wav,3.57
6749.wav,2.712
675.wav,1.286
6750.wav,3.779
6751.wav,5.404
6752.wav,2.49
6753.wav,2.829
6754.wav,3.405
6755.wav,4.929
6756.wav,3.915
6757.wav,3.436
6758.wav,1.566
6759.wav,3.492
676.wav,9.056
6760.wav,6.059
6761.wav,1.531
6762.wav,3.32
6763.wav,3.912
6764.wav,7.109
6765.wav,5.657
6766.wav,1.516
6767.wav,3.899
6768.wav,2.226
6769.wav,4.109
677.wav,4.597
6770.wav,6.843
6771.wav,1.276
6772.wav,14.945
6773.wav,3.567
6774.wav,1.264
6775.wav,10.046
6776.wav,0.809
6777.wav,2.07
6778.wav,2.349
6779.wav,5.093
678.wav,2.009
6780.wav,3.542
6781.wav,1.457
6782.wav,1.592
6783.wav,1.549
6784.wav,2.504
6785.wav,2.445
6786.wav,3.098
6787.wav,1.239
6788.wav,1.976
6789.wav,2.383
679.wav,2.028
6790.wav,2.41
6791.wav,10.072
6792.wav,1.053
6793.wav,6.0
6794.wav,1.881
6795.wav,4.664
6796.wav,2.761
6797.wav,2.927
6798.wav,2.955
6799.wav,2.834
68.wav,1.745
680.wav,6.421
6800.wav,1.769
6801.wav,4.273
6802.wav,2.967
6803.wav,3.799
6804.wav,8.044
6805.wav,6.233
6806.wav,2.401
6807.wav,3.278
6808.wav,2.159
6809.wav,2.484
681.wav,1.316
6810.wav,3.826
6811.wav,2.538
6812.wav,5.146
6813.wav,5.311
6814.wav,1.056
6815.wav,3.157
6816.wav,1.419
6817.wav,1.334
6818.wav,6.218
6819.wav,1.969
682.wav,1.499
6820.wav,4.23
6821.wav,6.067
6822.wav,6.436
6823.wav,1.572
6824.wav,1.643
6825.wav,1.275
6826.wav,2.498
6827.wav,1.945
6828.wav,6.025
6829.wav,9.182
683.wav,3.345
6830.wav,2.732
6831.wav,3.513
6832.wav,2.131
6833.wav,3.227
6834.wav,3.485
6835.wav,12.071
6836.wav,1.5
6837.wav,1.526
6838.wav,2.384
6839.wav,2.474
684.wav,3.059
6840.wav,8.629
6841.wav,2.439
6842.wav,3.238
6843.wav,3.459
6844.wav,1.654
6845.wav,0.862
6846.wav,2.181
6847.wav,3.034
6848.wav,16.072
6849.wav,1.936
685.wav,2.422
6850.wav,8.66
6851.wav,12.949
6852.wav,5.162
6853.wav,3.128
6854.wav,2.179
6855.wav,2.23
6856.wav,5.464
6857.wav,4.664
6858.wav,1.961
6859.wav,5.288
686.wav,1.523
6860.wav,2.952
6861.wav,1.442
6862.wav,5.913
6863.wav,5.002
6864.wav,2.321
6865.wav,3.008
6866.wav,4.291
6867.wav,1.564
6868.wav,2.292
6869.wav,2.458
687.wav,0.678
6870.wav,8.071
6871.wav,5.253
6872.wav,1.3
6873.wav,1.596
6874.wav,1.198
6875.wav,1.058
6876.wav,1.783
6877.wav,1.071
6878.wav,3.869
6879.wav,3.199
688.wav,6.223
6880.wav,7.334
6881.wav,4.288
6882.wav,5.484
6883.wav,3.527
6884.wav,4.706
6885.wav,6.635
6886.wav,2.163
6887.wav,7.181
6888.wav,9.216
6889.wav,6.251
689.wav,3.36
6890.wav,5.643
6891.wav,5.952
6892.wav,3.505
6893.wav,2.199
6894.wav,14.051
6895.wav,2.906
6896.wav,3.106
6897.wav,18.044
6898.wav,2.294
6899.wav,3.997
69.wav,5.116
690.wav,4.617
6900.wav,9.426
6901.wav,3.685
6902.wav,5.252
6903.wav,6.705
6904.wav,2.854
6905.wav,5.595
6906.wav,6.23
6907.wav,2.69
6908.wav,1.9
6909.wav,4.674
691.wav,2.449
6910.wav,1.956
6911.wav,1.977
6912.wav,2.726
6913.wav,1.477
6914.wav,2.366
6915.wav,7.579
6916.wav,3.592
6917.wav,3.079
6918.wav,0.922
6919.wav,1.839
692.wav,6.164
6920.wav,9.332
6921.wav,16.849
6922.wav,7.833
6923.wav,5.855
6924.wav,6.567
6925.wav,5.781
6926.wav,7.12
6927.wav,3.237
6928.wav,5.058
6929.wav,17.439
693.wav,3.11
6930.wav,1.774
6931.wav,2.172
6932.wav,10.889
6933.wav,4.876
6934.wav,2.735
6935.wav,6.495
6936.wav,4.435
6937.wav,3.248
6938.wav,6.871
6939.wav,0.873
694.wav,6.082
6940.wav,2.638
6941.wav,4.162
6942.wav,8.06
6943.wav,4.083
6944.wav,5.016
6945.wav,2.124
6946.wav,13.343
6947.wav,2.028
6948.wav,11.687
6949.wav,2.783
695.wav,1.775
6950.wav,5.075
6951.wav,4.702
6952.wav,1.474
6953.wav,2.648
6954.wav,2.079
6955.wav,2.295
6956.wav,4.848
6957.wav,2.718
6958.wav,15.484
6959.wav,5.404
696.wav,2.402
6960.wav,1.641
6961.wav,2.894
6962.wav,2.906
6963.wav,1.818
6964.wav,3.08
6965.wav,1.976
6966.wav,1.721
6967.wav,8.27
6968.wav,1.443
6969.wav,4.96
697.wav,1.762
6970.wav,11.657
6971.wav,2.997
6972.wav,3.121
6973.wav,1.163
6974.wav,1.77
6975.wav,8.636
6976.wav,12.85
6977.wav,6.582
6978.wav,6.217
6979.wav,3.148
698.wav,2.168
6980.wav,1.212
6981.wav,2.914
6982.wav,1.881
6983.wav,6.925
6984.wav,2.811
6985.wav,1.32
6986.wav,7.878
6987.wav,5.224
6988.wav,0.809
6989.wav,3.964
699.wav,4.125
6990.wav,1.941
6991.wav,2.055
6992.wav,3.232
6993.wav,1.188
6994.wav,2.461
6995.wav,1.106
6996.wav,19.636
6997.wav,3.336
6998.wav,3.977
6999.wav,4.391
7.wav,2.188
70.wav,1.935
700.wav,2.438
7000.wav,3.178
7001.wav,3.454
7002.wav,2.672
7003.wav,9.154
7004.wav,1.789
7005.wav,5.709
7006.wav,5.097
7007.wav,4.309
7008.wav,2.133
7009.wav,2.795
701.wav,2.402
7010.wav,11.616
7011.wav,0.972
7012.wav,2.312
7013.wav,2.571
7014.wav,1.955
7015.wav,1.419
7016.wav,2.361
7017.wav,3.713
7018.wav,2.014
7019.wav,3.68
702.wav,2.319
7020.wav,5.13
7021.wav,9.576
7022.wav,4.86
7023.wav,4.147
7024.wav,16.772
7025.wav,2.717
7026.wav,3.18
7027.wav,1.936
7028.wav,4.262
7029.wav,5.32
703.wav,7.588
7030.wav,1.519
7031.wav,10.504
7032.wav,4.31
7033.wav,5.747
7034.wav,4.132
7035.wav,7.246
7036.wav,7.474
7037.wav,5.042
7038.wav,0.891
7039.wav,6.583
704.wav,8.736
7040.wav,3.724
7041.wav,5.995
7042.wav,5.737
7043.wav,1.263
7044.wav,2.842
7045.wav,5.555
7046.wav,2.138
7047.wav,5.074
7048.wav,2.917
7049.wav,1.049
705.wav,2.398
7050.wav,9.233
7051.wav,2.425
7052.wav,4.352
7053.wav,4.505
7054.wav,6.119
7055.wav,0.899
7056.wav,2.384
7057.wav,9.914
7058.wav,1.367
7059.wav,9.088
706.wav,1.704
7060.wav,2.841
7061.wav,6.635
7062.wav,5.841
7063.wav,5.086
7064.wav,1.064
7065.wav,9.404
7066.wav,2.522
7067.wav,3.564
7068.wav,3.208
7069.wav,2.251
707.wav,8.996
7070.wav,14.56
7071.wav,2.144
7072.wav,1.182
7073.wav,6.235
7074.wav,6.313
7075.wav,3.559
7076.wav,21.205
7077.wav,3.323
7078.wav,3.395
7079.wav,9.795
708.wav,8.506
7080.wav,7.025
7081.wav,3.669
7082.wav,5.009
7083.wav,3.426
7084.wav,1.47
7085.wav,3.916
7086.wav,1.933
7087.wav,2.686
7088.wav,5.048
7089.wav,2.237
709.wav,3.859
7090.wav,2.271
7091.wav,4.735
7092.wav,3.086
7093.wav,2.603
7094.wav,2.342
7095.wav,1.767
7096.wav,2.917
7097.wav,7.994
7098.wav,3.369
7099.wav,8.541
71.wav,3.173
710.wav,7.06
7100.wav,2.796
7101.wav,2.856
7102.wav,1.508
7103.wav,2.128
7104.wav,11.475
7105.wav,19.111
7106.wav,8.211
7107.wav,1.78
7108.wav,2.637
7109.wav,1.439
711.wav,3.097
7110.wav,3.553
7111.wav,2.017
7112.wav,3.329
7113.wav,6.684
7114.wav,1.694
7115.wav,2.403
7116.wav,4.084
7117.wav,2.254
7118.wav,4.206
7119.wav,4.214
712.wav,1.457
7120.wav,1.178
7121.wav,2.277
7122.wav,4.795
7123.wav,12.95
7124.wav,2.217
7125.wav,3.247
7126.wav,3.865
7127.wav,12.672
7128.wav,4.4
7129.wav,5.746
713.wav,4.736
7130.wav,4.667
7131.wav,1.561
7132.wav,1.97
7133.wav,9.069
7134.wav,1.904
7135.wav,3.455
7136.wav,4.941
7137.wav,1.27
7138.wav,3.726
7139.wav,2.181
714.wav,3.073
7140.wav,5.133
7141.wav,2.138
7142.wav,1.384
7143.wav,6.371
7144.wav,2.48
7145.wav,3.165
7146.wav,4.373
7147.wav,2.937
7148.wav,2.517
7149.wav,7.341
715.wav,2.094
7150.wav,2.749
7151.wav,5.023
7152.wav,1.624
7153.wav,4.426
7154.wav,7.749
7155.wav,0.911
7156.wav,2.729
7157.wav,5.816
7158.wav,1.83
7159.wav,10.566
716.wav,0.852
7160.wav,3.165
7161.wav,3.22
7162.wav,1.634
7163.wav,11.512
7164.wav,3.554
7165.wav,3.07
7166.wav,5.415
7167.wav,1.481
7168.wav,2.455
7169.wav,0.812
717.wav,5.316
7170.wav,4.296
7171.wav,1.119
7172.wav,6.466
7173.wav,3.921
7174.wav,1.377
7175.wav,2.602
7176.wav,3.126
7177.wav,6.427
7178.wav,1.847
7179.wav,1.517
718.wav,2.683
7180.wav,6.861
7181.wav,2.893
7182.wav,1.539
7183.wav,1.394
7184.wav,9.036
7185.wav,1.5
7186.wav,1.755
7187.wav,3.297
7188.wav,2.518
7189.wav,2.721
719.wav,9.483
7190.wav,3.1
7191.wav,2.385
7192.wav,0.986
7193.wav,1.061
7194.wav,3.563
7195.wav,3.796
7196.wav,1.004
7197.wav,5.702
7198.wav,3.321
7199.wav,2.214
72.wav,6.698
720.wav,7.748
7200.wav,2.563
7201.wav,2.309
7202.wav,4.061
7203.wav,6.35
7204.wav,4.282
7205.wav,1.863
7206.wav,3.832
7207.wav,1.417
7208.wav,3.827
7209.wav,3.639
721.wav,3.097
7210.wav,16.462
7211.wav,1.154
7212.wav,6.045
7213.wav,0.835
7214.wav,0.922
7215.wav,4.489
7216.wav,2.713
7217.wav,1.75
7218.wav,1.604
7219.wav,4.513
722.wav,6.479
7220.wav,18.529
7221.wav,8.585
7222.wav,2.863
7223.wav,1.59
7224.wav,3.996
7225.wav,3.241
7226.wav,2.279
7227.wav,2.12
7228.wav,3.285
7229.wav,7.051
723.wav,1.615
7230.wav,1.238
7231.wav,1.075
7232.wav,9.943
7233.wav,5.787
7234.wav,0.779
7235.wav,1.252
7236.wav,10.997
7237.wav,1.797
7238.wav,2.998
7239.wav,2.301
724.wav,3.698
7240.wav,3.76
7241.wav,1.98
7242.wav,3.735
7243.wav,1.446
7244.wav,3.864
7245.wav,2.281
7246.wav,3.301
7247.wav,2.874
7248.wav,1.647
7249.wav,1.616
725.wav,1.579
7250.wav,2.815
7251.wav,7.739
7252.wav,8.082
7253.wav,3.396
7254.wav,5.082
7255.wav,4.557
7256.wav,3.106
7257.wav,3.582
7258.wav,3.196
7259.wav,1.795
726.wav,4.356
7260.wav,6.297
7261.wav,4.261
7262.wav,5.545
7263.wav,2.038
7264.wav,2.875
7265.wav,6.543
7266.wav,1.041
7267.wav,13.286
7268.wav,4.006
7269.wav,2.419
727.wav,2.61
7270.wav,2.875
7271.wav,1.748
7272.wav,4.992
7273.wav,1.625
7274.wav,3.097
7275.wav,1.558
7276.wav,5.157
7277.wav,1.578
7278.wav,4.659
7279.wav,3.788
728.wav,2.494
7280.wav,1.413
7281.wav,3.273
7282.wav,16.725
7283.wav,9.009
7284.wav,3.541
7285.wav,4.605
7286.wav,6.602
7287.wav,1.303
7288.wav,4.443
7289.wav,9.718
729.wav,3.699
7290.wav,3.041
7291.wav,2.878
7292.wav,0.935
7293.wav,6.988
7294.wav,4.264
7295.wav,3.795
7296.wav,2.628
7297.wav,3.78
7298.wav,2.638
7299.wav,0.828
73.wav,1.176
730.wav,3.434
7300.wav,9.351
7301.wav,5.028
7302.wav,6.759
7303.wav,2.735
7304.wav,2.056
7305.wav,3.39
7306.wav,2.539
7307.wav,6.863
7308.wav,4.404
7309.wav,0.743
731.wav,1.615
7310.wav,1.104
7311.wav,2.945
7312.wav,3.652
7313.wav,5.161
7314.wav,2.155
7315.wav,3.739
7316.wav,1.803
7317.wav,1.366
7318.wav,5.413
7319.wav,2.387
732.wav,2.678
7320.wav,1.825
7321.wav,4.49
7322.wav,24.262
7323.wav,0.847
7324.wav,7.893
7325.wav,4.364
7326.wav,2.107
7327.wav,1.217
7328.wav,2.562
7329.wav,3.191
733.wav,0.718
7330.wav,2.411
7331.wav,1.548
7332.wav,5.169
7333.wav,5.058
7334.wav,2.694
7335.wav,5.499
7336.wav,7.062
7337.wav,16.795
7338.wav,1.114
7339.wav,1.522
734.wav,3.361
7340.wav,2.091
7341.wav,6.844
7342.wav,5.079
7343.wav,1.12
7344.wav,3.761
7345.wav,2.429
7346.wav,1.992
7347.wav,4.533
7348.wav,7.655
7349.wav,0.788
735.wav,1.245
7350.wav,1.781
7351.wav,1.455
7352.wav,5.902
7353.wav,3.34
7354.wav,3.891
7355.wav,1.606
7356.wav,1.471
7357.wav,5.13
7358.wav,7.49
7359.wav,6.971
736.wav,4.296
7360.wav,7.411
7361.wav,2.122
7362.wav,1.713
7363.wav,2.525
7364.wav,5.795
7365.wav,3.544
7366.wav,2.411
7367.wav,3.194
7368.wav,12.01
7369.wav,1.268
737.wav,7.966
7370.wav,1.646
7371.wav,6.909
7372.wav,7.088
7373.wav,1.749
7374.wav,1.669
7375.wav,2.675
7376.wav,3.1
7377.wav,5.327
7378.wav,2.819
7379.wav,2.793
738.wav,1.461
7380.wav,3.155
7381.wav,4.242
7382.wav,5.195
7383.wav,4.355
7384.wav,2.748
7385.wav,3.408
7386.wav,5.357
7387.wav,3.86
7388.wav,3.687
7389.wav,2.423
739.wav,6.599
7390.wav,1.706
7391.wav,3.118
7392.wav,3.333
7393.wav,2.584
7394.wav,2.886
7395.wav,6.139
7396.wav,4.464
7397.wav,3.551
7398.wav,1.961
7399.wav,3.331
74.wav,1.82
740.wav,4.705
7400.wav,3.911
7401.wav,3.152
7402.wav,0.83
7403.wav,2.586
7404.wav,7.066
7405.wav,4.183
7406.wav,3.235
7407.wav,1.703
7408.wav,1.389
7409.wav,2.054
741.wav,1.783
7410.wav,1.576
7411.wav,3.868
7412.wav,4.06
7413.wav,7.957
7414.wav,2.061
7415.wav,1.681
7416.wav,6.394
7417.wav,5.813
7418.wav,4.001
7419.wav,4.977
742.wav,2.577
7420.wav,5.995
7421.wav,13.12
7422.wav,6.285
7423.wav,11.178
7424.wav,8.34
7425.wav,1.455
7426.wav,0.802
7427.wav,3.153
7428.wav,3.093
7429.wav,7.343
743.wav,14.241
7430.wav,4.719
7431.wav,10.156
7432.wav,1.463
7433.wav,1.762
7434.wav,1.405
7435.wav,3.322
7436.wav,2.984
7437.wav,7.14
7438.wav,2.665
7439.wav,4.862
744.wav,6.379
7440.wav,12.684
7441.wav,1.662
7442.wav,0.737
7443.wav,4.635
7444.wav,1.367
7445.wav,5.926
7446.wav,9.939
7447.wav,3.331
7448.wav,1.61
7449.wav,1.372
745.wav,2.676
7450.wav,2.68
7451.wav,22.968
7452.wav,3.073
7453.wav,6.204
7454.wav,3.479
7455.wav,2.5
7456.wav,11.466
7457.wav,6.264
7458.wav,1.506
7459.wav,12.058
746.wav,2.187
7460.wav,1.864
7461.wav,8.273
7462.wav,9.69
7463.wav,2.797
7464.wav,3.837
7465.wav,2.731
7466.wav,7.996
7467.wav,1.608
7468.wav,4.448
7469.wav,1.958
747.wav,3.201
7470.wav,3.184
7471.wav,0.96
7472.wav,2.147
7473.wav,6.459
7474.wav,4.76
7475.wav,2.012
7476.wav,3.25
7477.wav,7.686
7478.wav,6.474
7479.wav,2.903
748.wav,4.9
7480.wav,3.074
7481.wav,2.961
7482.wav,1.689
7483.wav,1.748
7484.wav,1.689
7485.wav,2.534
7486.wav,4.669
7487.wav,2.806
7488.wav,7.57
7489.wav,2.165
749.wav,2.591
7490.wav,20.142
7491.wav,5.591
7492.wav,2.935
7493.wav,6.421
7494.wav,5.877
7495.wav,3.558
7496.wav,1.395
7497.wav,1.781
7498.wav,5.235
7499.wav,0.828
75.wav,1.906
750.wav,2.131
7500.wav,2.816
7501.wav,2.077
7502.wav,7.772
7503.wav,2.249
7504.wav,3.773
7505.wav,6.664
7506.wav,2.434
7507.wav,2.099
7508.wav,1.479
7509.wav,2.764
751.wav,2.939
7510.wav,2.535
7511.wav,4.009
7512.wav,5.453
7513.wav,1.952
7514.wav,2.664
7515.wav,12.422
7516.wav,3.422
7517.wav,2.759
7518.wav,1.427
7519.wav,2.554
752.wav,3.193
7520.wav,3.449
7521.wav,1.714
7522.wav,4.462
7523.wav,2.753
7524.wav,4.0
7525.wav,3.241
7526.wav,2.647
7527.wav,4.461
7528.wav,1.153
7529.wav,9.25
753.wav,3.156
7530.wav,2.048
7531.wav,1.748
7532.wav,3.008
7533.wav,4.49
7534.wav,7.651
7535.wav,7.438
7536.wav,2.258
7537.wav,2.571
7538.wav,2.039
7539.wav,3.423
754.wav,1.754
7540.wav,4.545
7541.wav,5.225
7542.wav,9.122
7543.wav,2.329
7544.wav,4.316
7545.wav,11.552
7546.wav,3.78
7547.wav,2.257
7548.wav,1.441
7549.wav,3.075
755.wav,5.964
7550.wav,8.931
7551.wav,8.035
7552.wav,5.075
7553.wav,2.506
7554.wav,0.853
7555.wav,2.074
7556.wav,2.72
7557.wav,0.794
7558.wav,2.134
7559.wav,3.115
756.wav,2.253
7560.wav,4.739
7561.wav,2.988
7562.wav,2.311
7563.wav,2.603
7564.wav,3.328
7565.wav,2.098
7566.wav,1.684
7567.wav,2.298
7568.wav,1.36
7569.wav,1.326
757.wav,4.413
7570.wav,9.95
7571.wav,3.272
7572.wav,16.473
7573.wav,4.192
7574.wav,5.149
7575.wav,8.579
7576.wav,0.893
7577.wav,4.241
7578.wav,5.707
7579.wav,2.005
758.wav,3.847
7580.wav,4.331
7581.wav,4.447
7582.wav,2.684
7583.wav,3.275
7584.wav,2.883
7585.wav,3.47
7586.wav,5.586
7587.wav,1.174
7588.wav,9.122
7589.wav,2.614
759.wav,1.702
7590.wav,5.582
7591.wav,4.112
7592.wav,1.224
7593.wav,0.822
7594.wav,2.993
7595.wav,1.195
7596.wav,3.241
7597.wav,2.512
7598.wav,7.394
7599.wav,1.319
76.wav,2.881
760.wav,5.539
7600.wav,0.983
7601.wav,4.119
7602.wav,3.993
7603.wav,3.44
7604.wav,3.996
7605.wav,1.557
7606.wav,4.386
7607.wav,1.566
7608.wav,3.079
7609.wav,4.035
761.wav,3.144
7610.wav,2.472
7611.wav,2.845
7612.wav,2.818
7613.wav,3.509
7614.wav,3.525
7615.wav,1.416
7616.wav,5.079
7617.wav,2.816
7618.wav,2.832
7619.wav,10.996
762.wav,1.528
7620.wav,8.953
7621.wav,2.976
7622.wav,4.32
7623.wav,2.714
7624.wav,0.73
7625.wav,4.391
7626.wav,13.959
7627.wav,1.53
7628.wav,8.85
7629.wav,2.933
763.wav,17.452
7630.wav,18.423
7631.wav,3.649
7632.wav,1.38
7633.wav,2.261
7634.wav,11.927
7635.wav,0.816
7636.wav,2.938
7637.wav,2.854
7638.wav,2.111
7639.wav,2.836
764.wav,5.387
7640.wav,1.283
7641.wav,0.773
7642.wav,1.614
7643.wav,3.201
7644.wav,1.472
7645.wav,4.602
7646.wav,3.539
7647.wav,5.888
7648.wav,4.413
7649.wav,2.931
765.wav,13.872
7650.wav,1.752
7651.wav,2.397
7652.wav,6.741
7653.wav,3.851
7654.wav,3.213
7655.wav,13.675
7656.wav,3.721
7657.wav,1.512
7658.wav,3.476
7659.wav,2.648
766.wav,3.419
7660.wav,3.011
7661.wav,7.838
7662.wav,4.104
7663.wav,2.539
7664.wav,0.902
7665.wav,1.129
7666.wav,4.159
7667.wav,4.312
7668.wav,8.167
7669.wav,1.09
767.wav,6.374
7670.wav,3.953
7671.wav,3.716
7672.wav,1.816
7673.wav,9.837
7674.wav,2.614
7675.wav,2.829
7676.wav,19.203
7677.wav,2.829
7678.wav,3.717
7679.wav,1.531
768.wav,1.962
7680.wav,3.928
7681.wav,1.798
7682.wav,14.719
7683.wav,2.862
7684.wav,3.067
7685.wav,7.554
7686.wav,1.89
7687.wav,1.229
7688.wav,4.518
7689.wav,7.915
769.wav,1.861
7690.wav,1.918
7691.wav,7.705
7692.wav,3.018
7693.wav,3.132
7694.wav,2.073
7695.wav,2.559
7696.wav,3.574
7697.wav,1.321
7698.wav,2.184
7699.wav,1.688
77.wav,1.227
770.wav,4.727
7700.wav,1.74
7701.wav,4.012
7702.wav,1.963
7703.wav,24.05
7704.wav,3.943
7705.wav,1.831
7706.wav,2.909
7707.wav,4.071
7708.wav,2.804
7709.wav,1.826
771.wav,3.883
7710.wav,7.37
7711.wav,4.271
7712.wav,2.108
7713.wav,0.914
7714.wav,2.268
7715.wav,1.714
7716.wav,3.07
7717.wav,1.054
7718.wav,9.173
7719.wav,9.569
772.wav,7.172
7720.wav,2.705
7721.wav,1.811
7722.wav,5.164
7723.wav,1.775
7724.wav,1.177
7725.wav,3.77
7726.wav,3.135
7727.wav,4.849
7728.wav,9.442
7729.wav,5.858
773.wav,8.092
7730.wav,14.437
7731.wav,1.177
7732.wav,3.066
7733.wav,5.963
7734.wav,2.015
7735.wav,3.62
7736.wav,1.611
7737.wav,10.358
7738.wav,5.039
7739.wav,1.454
774.wav,2.031
7740.wav,2.568
7741.wav,11.745
7742.wav,10.247
7743.wav,1.904
7744.wav,2.546
7745.wav,0.909
7746.wav,2.881
7747.wav,0.802
7748.wav,3.458
7749.wav,6.309
775.wav,2.264
7750.wav,2.042
7751.wav,6.199
7752.wav,3.866
7753.wav,1.683
7754.wav,7.627
7755.wav,8.128
7756.wav,1.845
7757.wav,2.379
7758.wav,6.417
7759.wav,7.522
776.wav,1.584
7760.wav,5.062
7761.wav,0.867
7762.wav,5.964
7763.wav,4.107
7764.wav,7.761
7765.wav,6.927
7766.wav,1.51
7767.wav,4.044
7768.wav,1.775
7769.wav,8.646
777.wav,11.86
7770.wav,2.014
7771.wav,2.803
7772.wav,3.654
7773.wav,5.321
7774.wav,1.278
7775.wav,2.972
7776.wav,2.572
7777.wav,8.66
7778.wav,2.069
7779.wav,7.054
778.wav,0.97
7780.wav,5.344
7781.wav,2.055
7782.wav,4.427
7783.wav,6.194
7784.wav,2.495
7785.wav,2.112
7786.wav,2.036
7787.wav,3.202
7788.wav,0.802
7789.wav,1.919
779.wav,1.8
7790.wav,6.379
7791.wav,3.409
7792.wav,2.608
7793.wav,1.304
7794.wav,4.07
7795.wav,3.57
7796.wav,15.089
7797.wav,20.047
7798.wav,2.556
7799.wav,3.118
78.wav,1.822
780.wav,2.761
7800.wav,13.991
7801.wav,2.814
7802.wav,1.353
7803.wav,4.716
7804.wav,4.075
7805.wav,1.633
7806.wav,1.853
7807.wav,2.022
7808.wav,3.968
7809.wav,6.344
781.wav,2.269
7810.wav,1.891
7811.wav,2.113
7812.wav,9.371
7813.wav,9.018
7814.wav,3.506
7815.wav,11.524
7816.wav,5.258
7817.wav,3.205
7818.wav,23.583
7819.wav,1.704
782.wav,2.661
7820.wav,13.918
7821.wav,1.749
7822.wav,7.293
7823.wav,4.457
7824.wav,2.05
7825.wav,2.507
7826.wav,7.425
7827.wav,2.748
7828.wav,4.551
7829.wav,5.681
783.wav,7.86
7830.wav,3.364
7831.wav,3.76
7832.wav,1.026
7833.wav,3.587
7834.wav,11.417
7835.wav,2.463
7836.wav,6.989
7837.wav,2.25
7838.wav,2.239
7839.wav,4.469
784.wav,9.786
7840.wav,1.587
7841.wav,2.226
7842.wav,8.527
7843.wav,1.114
7844.wav,5.195
7845.wav,4.983
7846.wav,4.286
7847.wav,7.657
7848.wav,2.445
7849.wav,3.507
785.wav,6.567
7850.wav,3.448
7851.wav,1.735
7852.wav,1.796
7853.wav,7.769
7854.wav,2.974
7855.wav,2.24
7856.wav,3.047
7857.wav,2.191
7858.wav,3.042
7859.wav,6.492
786.wav,4.037
7860.wav,6.31
7861.wav,2.848
7862.wav,3.764
7863.wav,0.994
7864.wav,4.547
7865.wav,2.508
7866.wav,0.846
7867.wav,2.264
7868.wav,7.132
7869.wav,4.4
787.wav,8.72
7870.wav,1.625
7871.wav,11.907
7872.wav,5.831
7873.wav,3.336
7874.wav,3.703
7875.wav,2.212
7876.wav,0.705
7877.wav,3.89
7878.wav,8.25
7879.wav,3.54
788.wav,1.605
7880.wav,3.153
7881.wav,2.966
7882.wav,0.846
7883.wav,1.18
7884.wav,1.675
7885.wav,2.463
7886.wav,3.061
7887.wav,5.131
7888.wav,2.905
7889.wav,4.511
789.wav,3.675
7890.wav,1.631
7891.wav,2.34
7892.wav,4.306
7893.wav,7.534
7894.wav,4.117
7895.wav,7.026
7896.wav,2.573
7897.wav,3.529
7898.wav,6.55
7899.wav,1.298
79.wav,2.35
790.wav,2.949
7900.wav,1.713
7901.wav,8.358
7902.wav,1.809
7903.wav,6.663
7904.wav,1.229
7905.wav,2.865
7906.wav,6.219
7907.wav,1.847
7908.wav,5.281
7909.wav,2.814
791.wav,7.364
7910.wav,3.655
7911.wav,4.345
7912.wav,7.847
7913.wav,4.465
7914.wav,3.502
7915.wav,2.202
7916.wav,2.364
7917.wav,3.417
7918.wav,1.702
7919.wav,8.861
792.wav,1.186
7920.wav,2.299
7921.wav,4.724
7922.wav,6.137
7923.wav,3.729
7924.wav,1.258
7925.wav,7.962
7926.wav,1.936
7927.wav,1.244
7928.wav,3.666
7929.wav,5.826
793.wav,2.311
7930.wav,6.175
7931.wav,2.716
7932.wav,9.785
7933.wav,1.308
7934.wav,2.256
7935.wav,3.527
7936.wav,1.228
7937.wav,4.012
7938.wav,7.749
7939.wav,1.708
794.wav,1.64
7940.wav,1.521
7941.wav,2.767
7942.wav,4.93
7943.wav,2.771
7944.wav,1.065
7945.wav,7.482
7946.wav,0.824
7947.wav,2.454
7948.wav,2.112
7949.wav,4.751
795.wav,10.25
7950.wav,1.754
7951.wav,4.111
7952.wav,1.584
7953.wav,3.069
7954.wav,3.609
7955.wav,2.167
7956.wav,1.226
7957.wav,7.505
7958.wav,2.227
7959.wav,7.132
796.wav,9.987
7960.wav,6.385
7961.wav,4.449
7962.wav,2.643
7963.wav,1.979
7964.wav,8.835
7965.wav,16.711
7966.wav,4.337
7967.wav,2.916
7968.wav,3.766
7969.wav,7.028
797.wav,15.021
7970.wav,3.11
7971.wav,4.898
7972.wav,2.437
7973.wav,6.565
7974.wav,4.034
7975.wav,4.845
7976.wav,5.051
7977.wav,2.359
7978.wav,2.409
7979.wav,1.203
798.wav,2.576
7980.wav,3.353
7981.wav,4.895
7982.wav,4.559
7983.wav,2.591
7984.wav,4.522
7985.wav,2.651
7986.wav,2.094
7987.wav,1.696
7988.wav,3.624
7989.wav,3.981
799.wav,3.317
7990.wav,4.861
7991.wav,4.125
7992.wav,1.812
7993.wav,1.27
7994.wav,6.19
7995.wav,1.863
7996.wav,1.542
7997.wav,5.793
7998.wav,1.808
7999.wav,4.803
8.wav,5.146
80.wav,5.366
800.wav,6.43
8000.wav,9.511
8001.wav,3.944
8002.wav,1.722
8003.wav,2.151
8004.wav,5.715
8005.wav,4.517
8006.wav,4.393
8007.wav,3.831
8008.wav,0.993
8009.wav,6.382
801.wav,3.107
8010.wav,2.337
8011.wav,3.445
8012.wav,1.21
8013.wav,10.119
8014.wav,1.402
8015.wav,2.42
8016.wav,4.97
8017.wav,1.958
8018.wav,2.81
8019.wav,8.777
802.wav,4.363
8020.wav,1.301
8021.wav,2.834
8022.wav,2.861
8023.wav,4.881
8024.wav,4.38
8025.wav,9.832
8026.wav,1.806
8027.wav,3.233
8028.wav,7.667
8029.wav,5.729
803.wav,3.1
8030.wav,2.628
8031.wav,2.669
8032.wav,4.793
8033.wav,2.433
8034.wav,1.334
8035.wav,4.768
8036.wav,18.479
8037.wav,3.998
8038.wav,3.033
8039.wav,0.864
804.wav,3.01
8040.wav,3.437
8041.wav,3.015
8042.wav,9.032
8043.wav,2.615
8044.wav,2.85
8045.wav,1.459
8046.wav,1.61
8047.wav,7.872
8048.wav,2.421
8049.wav,4.187
805.wav,5.05
8050.wav,2.623
8051.wav,3.55
8052.wav,1.835
8053.wav,2.688
8054.wav,4.245
8055.wav,9.963
8056.wav,4.456
8057.wav,3.91
8058.wav,7.203
8059.wav,6.029
806.wav,2.543
8060.wav,4.6
8061.wav,1.701
8062.wav,23.061
8063.wav,3.949
8064.wav,2.517
8065.wav,5.225
8066.wav,4.633
8067.wav,2.52
8068.wav,3.642
8069.wav,3.392
807.wav,9.334
8070.wav,2.177
8071.wav,9.707
8072.wav,2.638
8073.wav,2.818
8074.wav,1.513
8075.wav,7.009
8076.wav,1.013
8077.wav,2.313
8078.wav,1.377
8079.wav,3.705
808.wav,3.032
8080.wav,1.133
8081.wav,1.312
8082.wav,9.592
8083.wav,6.49
8084.wav,1.334
8085.wav,4.722
8086.wav,4.791
8087.wav,5.668
8088.wav,2.524
8089.wav,1.958
809.wav,8.938
8090.wav,24.488
8091.wav,2.616
8092.wav,2.407
8093.wav,7.509
8094.wav,4.308
8095.wav,3.602
8096.wav,6.891
8097.wav,2.61
8098.wav,2.798
8099.wav,7.918
81.wav,1.918
810.wav,2.772
8100.wav,5.251
8101.wav,5.324
8102.wav,2.911
8103.wav,5.153
8104.wav,1.303
8105.wav,7.889
8106.wav,3.344
8107.wav,6.521
8108.wav,16.31
8109.wav,3.551
811.wav,1.157
8110.wav,5.285
8111.wav,2.436
8112.wav,2.054
8113.wav,2.927
8114.wav,2.246
8115.wav,8.303
8116.wav,0.801
8117.wav,4.527
8118.wav,2.299
8119.wav,2.103
812.wav,3.8
8120.wav,5.66
8121.wav,2.715
8122.wav,4.324
8123.wav,3.827
8124.wav,5.789
8125.wav,3.305
8126.wav,1.581
8127.wav,2.106
8128.wav,1.613
8129.wav,1.141
813.wav,2.677
8130.wav,2.161
8131.wav,3.201
8132.wav,1.517
8133.wav,1.649
8134.wav,2.71
8135.wav,8.021
8136.wav,1.265
8137.wav,2.354
8138.wav,2.761
8139.wav,23.732
814.wav,1.143
8140.wav,2.118
8141.wav,2.198
8142.wav,4.968
8143.wav,6.029
8144.wav,1.705
8145.wav,2.591
8146.wav,4.136
8147.wav,5.349
8148.wav,3.45
8149.wav,2.807
815.wav,2.428
8150.wav,4.508
8151.wav,2.39
8152.wav,5.125
8153.wav,2.009
8154.wav,5.212
8155.wav,1.992
8156.wav,6.895
8157.wav,5.321
8158.wav,10.485
8159.wav,5.138
816.wav,1.609
8160.wav,2.519
8161.wav,2.17
8162.wav,3.017
8163.wav,2.596
8164.wav,8.627
8165.wav,5.025
8166.wav,4.632
8167.wav,1.96
8168.wav,12.673
8169.wav,1.592
817.wav,2.761
8170.wav,5.651
8171.wav,2.021
8172.wav,2.551
8173.wav,1.021
8174.wav,1.925
8175.wav,2.779
8176.wav,3.401
8177.wav,4.579
8178.wav,4.029
8179.wav,1.794
818.wav,4.053
8180.wav,1.578
8181.wav,0.853
8182.wav,4.812
8183.wav,1.925
8184.wav,2.653
8185.wav,2.235
8186.wav,1.742
8187.wav,5.337
8188.wav,0.93
8189.wav,2.014
819.wav,5.088
8190.wav,4.29
8191.wav,8.443
8192.wav,2.116
8193.wav,8.207
8194.wav,5.355
8195.wav,5.687
8196.wav,2.201
8197.wav,4.34
8198.wav,1.189
8199.wav,3.384
82.wav,9.57
820.wav,1.794
8200.wav,8.657
8201.wav,1.867
8202.wav,5.196
8203.wav,2.537
8204.wav,2.386
8205.wav,5.652
8206.wav,2.768
8207.wav,3.991
8208.wav,1.631
8209.wav,4.373
821.wav,3.307
8210.wav,3.427
8211.wav,2.82
8212.wav,11.908
8213.wav,4.93
8214.wav,12.946
8215.wav,4.399
8216.wav,3.98
8217.wav,4.526
8218.wav,3.959
8219.wav,4.41
822.wav,3.432
8220.wav,3.629
8221.wav,5.186
8222.wav,2.681
8223.wav,6.385
8224.wav,4.912
8225.wav,1.07
8226.wav,3.716
8227.wav,2.991
8228.wav,3.39
8229.wav,3.613
823.wav,2.286
8230.wav,2.244
8231.wav,4.355
8232.wav,1.22
8233.wav,3.705
8234.wav,9.294
8235.wav,7.479
8236.wav,5.254
8237.wav,2.691
8238.wav,1.326
8239.wav,2.693
824.wav,4.237
8240.wav,1.313
8241.wav,1.094
8242.wav,1.519
8243.wav,1.444
8244.wav,4.217
8245.wav,21.829
8246.wav,3.884
8247.wav,2.563
8248.wav,1.846
8249.wav,4.277
825.wav,2.645
8250.wav,3.674
8251.wav,1.368
8252.wav,2.211
8253.wav,1.723
8254.wav,2.261
8255.wav,2.072
8256.wav,3.795
8257.wav,2.904
8258.wav,1.858
8259.wav,7.102
826.wav,1.771
8260.wav,2.051
8261.wav,3.471
8262.wav,4.579
8263.wav,9.179
8264.wav,1.782
8265.wav,4.12
8266.wav,1.174
8267.wav,1.68
8268.wav,2.385
8269.wav,2.863
827.wav,1.555
8270.wav,2.727
8271.wav,10.049
8272.wav,3.98
8273.wav,13.516
8274.wav,1.667
8275.wav,3.993
8276.wav,1.552
8277.wav,1.521
8278.wav,10.496
8279.wav,2.18
828.wav,2.274
8280.wav,2.219
8281.wav,0.647
8282.wav,4.075
8283.wav,5.656
8284.wav,1.94
8285.wav,6.608
8286.wav,0.799
8287.wav,2.041
8288.wav,3.449
8289.wav,5.591
829.wav,1.741
8290.wav,4.358
8291.wav,10.483
8292.wav,3.145
8293.wav,3.215
8294.wav,2.888
8295.wav,17.926
8296.wav,1.724
8297.wav,3.182
8298.wav,1.961
8299.wav,4.227
83.wav,2.511
830.wav,3.872
8300.wav,2.034
8301.wav,2.665
8302.wav,4.888
8303.wav,3.166
8304.wav,2.6
8305.wav,6.621
8306.wav,2.761
8307.wav,1.967
8308.wav,2.458
8309.wav,8.656
831.wav,11.148
8310.wav,6.099
8311.wav,7.553
8312.wav,6.065
8313.wav,1.865
8314.wav,4.177
8315.wav,7.407
8316.wav,3.232
8317.wav,3.238
8318.wav,5.384
8319.wav,4.267
832.wav,1.641
8320.wav,2.449
8321.wav,2.189
8322.wav,3.114
8323.wav,4.611
8324.wav,3.515
8325.wav,2.09
8326.wav,0.837
8327.wav,1.21
8328.wav,14.438
8329.wav,2.14
833.wav,4.783
8330.wav,3.126
8331.wav,3.677
8332.wav,5.081
8333.wav,1.453
8334.wav,4.207
8335.wav,3.959
8336.wav,2.129
8337.wav,1.98
8338.wav,3.362
8339.wav,5.168
834.wav,6.498
8340.wav,5.208
8341.wav,6.793
8342.wav,1.693
8343.wav,10.638
8344.wav,1.942
8345.wav,7.254
8346.wav,8.425
8347.wav,1.638
8348.wav,5.564
8349.wav,5.312
835.wav,11.019
8350.wav,1.226
8351.wav,3.286
8352.wav,3.72
8353.wav,1.251
8354.wav,2.454
8355.wav,4.024
8356.wav,1.384
8357.wav,4.887
8358.wav,0.824
8359.wav,1.893
836.wav,7.53
8360.wav,3.579
8361.wav,1.63
8362.wav,4.502
8363.wav,1.253
8364.wav,3.271
8365.wav,3.156
8366.wav,1.937
8367.wav,9.753
8368.wav,1.382
8369.wav,2.677
837.wav,6.891
8370.wav,4.956
8371.wav,1.437
8372.wav,4.069
8373.wav,11.312
8374.wav,7.894
8375.wav,2.505
8376.wav,4.962
8377.wav,6.886
8378.wav,1.813
8379.wav,4.87
838.wav,3.303
8380.wav,5.778
8381.wav,7.277
8382.wav,8.437
8383.wav,2.854
8384.wav,4.193
8385.wav,2.45
8386.wav,4.407
8387.wav,1.873
8388.wav,13.05
8389.wav,2.48
839.wav,1.85
8390.wav,0.826
8391.wav,4.995
8392.wav,1.395
8393.wav,2.711
8394.wav,10.001
8395.wav,3.092
8396.wav,1.187
8397.wav,8.945
8398.wav,10.663
8399.wav,5.336
84.wav,2.666
840.wav,5.295
8400.wav,2.228
8401.wav,1.428
8402.wav,3.921
8403.wav,6.267
8404.wav,4.121
8405.wav,1.639
8406.wav,1.872
8407.wav,2.543
8408.wav,1.592
8409.wav,3.971
841.wav,3.147
8410.wav,2.861
8411.wav,2.408
8412.wav,2.981
8413.wav,3.971
8414.wav,7.585
8415.wav,2.982
8416.wav,3.345
8417.wav,2.539
8418.wav,7.607
8419.wav,2.946
842.wav,5.196
8420.wav,3.383
8421.wav,1.282
8422.wav,5.611
8423.wav,2.496
8424.wav,5.527
8425.wav,4.81
8426.wav,4.779
8427.wav,3.161
8428.wav,6.034
8429.wav,1.607
843.wav,7.825
8430.wav,0.82
8431.wav,5.554
8432.wav,4.498
8433.wav,1.756
8434.wav,4.323
8435.wav,1.87
8436.wav,2.802
8437.wav,3.086
8438.wav,1.017
8439.wav,5.44
844.wav,4.013
8440.wav,1.062
8441.wav,1.97
8442.wav,4.051
8443.wav,8.067
8444.wav,11.773
8445.wav,3.16
8446.wav,2.43
8447.wav,1.781
8448.wav,3.284
8449.wav,3.395
845.wav,1.932
8450.wav,2.918
8451.wav,3.012
8452.wav,2.157
8453.wav,2.901
8454.wav,2.537
8455.wav,4.218
8456.wav,1.281
8457.wav,5.983
8458.wav,9.819
8459.wav,4.081
846.wav,1.473
8460.wav,2.916
8461.wav,1.818
8462.wav,4.967
8463.wav,1.097
8464.wav,5.801
8465.wav,6.804
8466.wav,1.296
8467.wav,1.653
8468.wav,2.37
8469.wav,9.332
847.wav,1.671
8470.wav,3.885
8471.wav,3.308
8472.wav,9.309
8473.wav,1.583
8474.wav,3.504
8475.wav,5.411
8476.wav,2.501
8477.wav,1.975
8478.wav,1.403
8479.wav,13.369
848.wav,4.886
8480.wav,2.491
8481.wav,8.041
8482.wav,1.754
8483.wav,8.503
8484.wav,1.837
8485.wav,7.163
8486.wav,3.918
8487.wav,2.762
8488.wav,3.387
8489.wav,5.57
849.wav,2.109
8490.wav,1.421
8491.wav,2.068
8492.wav,3.69
8493.wav,1.208
8494.wav,3.198
8495.wav,1.49
8496.wav,6.405
8497.wav,3.95
8498.wav,2.643
8499.wav,1.949
85.wav,7.641
850.wav,2.205
8500.wav,1.596
8501.wav,5.36
8502.wav,4.315
8503.wav,2.915
8504.wav,4.74
8505.wav,2.032
8506.wav,3.255
8507.wav,0.939
8508.wav,3.044
8509.wav,10.032
851.wav,1.69
8510.wav,3.894
8511.wav,9.186
8512.wav,3.247
8513.wav,14.746
8514.wav,0.941
8515.wav,4.536
8516.wav,3.371
8517.wav,2.945
8518.wav,4.759
8519.wav,1.247
852.wav,3.316
8520.wav,2.555
8521.wav,3.654
8522.wav,2.949
8523.wav,5.127
8524.wav,1.948
8525.wav,2.299
8526.wav,5.968
8527.wav,17.978
8528.wav,1.254
8529.wav,1.051
853.wav,1.492
8530.wav,5.674
8531.wav,6.072
8532.wav,3.678
8533.wav,4.321
8534.wav,1.503
8535.wav,3.353
8536.wav,4.091
8537.wav,1.736
8538.wav,0.881
8539.wav,8.456
854.wav,4.23
8540.wav,4.467
8541.wav,9.924
8542.wav,1.575
8543.wav,1.864
8544.wav,3.308
8545.wav,6.243
8546.wav,2.362
8547.wav,5.556
8548.wav,4.513
8549.wav,3.613
855.wav,3.362
8550.wav,2.6
8551.wav,4.515
8552.wav,5.177
8553.wav,1.972
8554.wav,1.622
8555.wav,7.853
8556.wav,5.085
8557.wav,4.54
8558.wav,3.865
8559.wav,1.898
856.wav,4.439
8560.wav,1.858
8561.wav,1.792
8562.wav,3.334
8563.wav,3.754
8564.wav,1.912
8565.wav,4.451
8566.wav,6.54
8567.wav,2.163
8568.wav,2.654
8569.wav,8.057
857.wav,4.908
8570.wav,1.31
8571.wav,1.65
8572.wav,2.709
8573.wav,3.06
8574.wav,6.083
8575.wav,4.843
8576.wav,7.512
8577.wav,2.889
8578.wav,4.306
8579.wav,2.548
858.wav,3.719
8580.wav,1.37
8581.wav,6.803
8582.wav,11.791
8583.wav,1.417
8584.wav,10.088
8585.wav,8.162
8586.wav,4.051
8587.wav,2.423
8588.wav,5.337
8589.wav,5.749
859.wav,1.612
8590.wav,6.548
8591.wav,2.786
8592.wav,3.059
8593.wav,1.178
8594.wav,12.754
8595.wav,7.171
8596.wav,4.66
8597.wav,1.479
8598.wav,1.822
8599.wav,7.884
86.wav,1.599
860.wav,5.302
8600.wav,3.435
8601.wav,1.823
8602.wav,7.359
8603.wav,2.026
8604.wav,2.138
8605.wav,10.399
8606.wav,2.073
8607.wav,8.223
8608.wav,2.964
8609.wav,2.496
861.wav,3.525
8610.wav,2.242
8611.wav,1.706
8612.wav,8.579
8613.wav,3.645
8614.wav,3.662
8615.wav,1.0
8616.wav,1.884
8617.wav,3.02
8618.wav,5.263
8619.wav,3.722
862.wav,5.73
8620.wav,2.63
8621.wav,4.215
8622.wav,3.858
8623.wav,4.407
8624.wav,4.782
8625.wav,2.202
8626.wav,1.509
8627.wav,6.472
8628.wav,6.742
8629.wav,2.385
863.wav,5.835
8630.wav,4.741
8631.wav,1.056
8632.wav,2.792
8633.wav,2.419
8634.wav,3.165
8635.wav,3.523
8636.wav,0.7
8637.wav,4.487
8638.wav,2.079
8639.wav,12.044
864.wav,1.934
8640.wav,6.867
8641.wav,4.557
8642.wav,2.481
8643.wav,1.943
8644.wav,2.838
8645.wav,4.892
8646.wav,2.416
8647.wav,12.46
8648.wav,2.491
8649.wav,3.269
865.wav,7.337
8650.wav,8.588
8651.wav,8.42
8652.wav,3.132
8653.wav,3.519
8654.wav,3.563
8655.wav,7.136
8656.wav,2.876
8657.wav,2.354
8658.wav,3.683
8659.wav,4.467
866.wav,5.78
8660.wav,3.682
8661.wav,0.708
8662.wav,5.009
8663.wav,7.863
8664.wav,1.839
8665.wav,1.401
8666.wav,1.787
8667.wav,0.812
8668.wav,3.988
8669.wav,2.345
867.wav,5.334
8670.wav,2.557
8671.wav,5.858
8672.wav,2.502
8673.wav,1.625
8674.wav,9.264
8675.wav,2.788
8676.wav,4.819
8677.wav,6.139
8678.wav,4.848
8679.wav,1.294
868.wav,4.266
8680.wav,2.643
8681.wav,1.416
8682.wav,5.457
8683.wav,3.312
8684.wav,3.097
8685.wav,1.846
8686.wav,0.866
8687.wav,2.521
8688.wav,1.866
8689.wav,5.173
869.wav,1.987
8690.wav,3.841
8691.wav,4.353
8692.wav,5.432
8693.wav,3.6
8694.wav,1.802
8695.wav,2.655
8696.wav,4.992
8697.wav,4.633
8698.wav,6.312
8699.wav,1.727
87.wav,2.894
870.wav,6.242
8700.wav,4.879
8701.wav,16.218
8702.wav,7.723
8703.wav,0.97
8704.wav,2.26
8705.wav,4.143
8706.wav,1.89
8707.wav,3.084
8708.wav,2.472
8709.wav,3.332
871.wav,3.833
8710.wav,10.307
8711.wav,21.115
8712.wav,1.405
8713.wav,5.958
8714.wav,1.058
8715.wav,3.415
8716.wav,1.939
8717.wav,9.664
8718.wav,2.326
8719.wav,1.204
872.wav,5.075
8720.wav,9.302
8721.wav,1.666
8722.wav,2.553
8723.wav,4.401
8724.wav,1.693
8725.wav,3.293
8726.wav,0.84
8727.wav,2.115
8728.wav,4.898
8729.wav,4.256
873.wav,6.218
8730.wav,3.853
8731.wav,11.626
8732.wav,16.623
8733.wav,2.483
8734.wav,3.863
8735.wav,1.985
8736.wav,4.549
8737.wav,1.866
8738.wav,10.234
8739.wav,1.472
874.wav,1.677
8740.wav,1.656
8741.wav,1.999
8742.wav,11.834
8743.wav,9.388
8744.wav,7.505
8745.wav,1.847
8746.wav,3.063
8747.wav,2.5
8748.wav,12.972
8749.wav,3.234
875.wav,2.384
8750.wav,10.301
8751.wav,1.43
8752.wav,8.715
8753.wav,4.089
8754.wav,4.783
8755.wav,1.529
8756.wav,3.03
8757.wav,2.369
8758.wav,1.705
8759.wav,10.504
876.wav,2.773
8760.wav,1.048
8761.wav,3.422
8762.wav,1.305
8763.wav,2.709
8764.wav,1.98
8765.wav,1.016
8766.wav,7.272
8767.wav,2.615
8768.wav,4.659
8769.wav,2.594
877.wav,3.54
8770.wav,8.184
8771.wav,2.464
8772.wav,1.629
8773.wav,9.409
8774.wav,2.054
8775.wav,3.003
8776.wav,3.547
8777.wav,1.79
8778.wav,5.073
8779.wav,1.914
878.wav,3.374
8780.wav,3.464
8781.wav,2.442
8782.wav,3.48
8783.wav,3.601
8784.wav,4.003
8785.wav,3.18
8786.wav,22.77
8787.wav,14.637
8788.wav,4.69
8789.wav,7.885
879.wav,5.285
8790.wav,2.255
8791.wav,4.818
8792.wav,2.281
8793.wav,1.1
8794.wav,4.333
8795.wav,9.042
8796.wav,7.809
8797.wav,4.925
8798.wav,11.689
8799.wav,1.149
88.wav,2.311
880.wav,2.476
8800.wav,2.215
8801.wav,1.421
8802.wav,2.912
8803.wav,5.225
8804.wav,7.746
8805.wav,2.149
8806.wav,2.811
8807.wav,1.558
8808.wav,9.319
8809.wav,11.323
881.wav,2.277
8810.wav,9.49
8811.wav,1.916
8812.wav,1.799
8813.wav,4.069
8814.wav,2.815
8815.wav,2.11
8816.wav,1.357
8817.wav,1.517
8818.wav,3.275
8819.wav,6.651
882.wav,4.584
8820.wav,4.473
8821.wav,3.924
8822.wav,1.513
8823.wav,2.46
8824.wav,2.18
8825.wav,2.695
8826.wav,8.754
8827.wav,3.69
8828.wav,2.488
8829.wav,1.724
883.wav,7.471
8830.wav,4.539
8831.wav,6.581
8832.wav,7.08
8833.wav,5.594
8834.wav,24.481
8835.wav,8.069
8836.wav,7.34
8837.wav,4.22
8838.wav,6.241
8839.wav,3.226
884.wav,3.339
8840.wav,2.217
8841.wav,8.614
8842.wav,8.52
8843.wav,2.425
8844.wav,2.731
8845.wav,4.234
8846.wav,5.892
8847.wav,1.959
8848.wav,5.729
8849.wav,3.254
885.wav,11.209
8850.wav,1.645
8851.wav,5.263
8852.wav,2.504
8853.wav,3.154
8854.wav,3.155
8855.wav,2.324
8856.wav,3.844
8857.wav,8.562
8858.wav,5.681
8859.wav,2.661
886.wav,1.43
8860.wav,2.768
8861.wav,1.617
8862.wav,4.145
8863.wav,3.264
8864.wav,1.497
8865.wav,10.637
8866.wav,1.846
8867.wav,3.773
8868.wav,5.414
8869.wav,2.999
887.wav,1.922
8870.wav,6.271
8871.wav,2.391
8872.wav,5.974
8873.wav,6.186
8874.wav,9.533
8875.wav,4.758
8876.wav,1.582
8877.wav,8.156
8878.wav,4.6
8879.wav,7.676
888.wav,5.113
8880.wav,0.761
8881.wav,1.101
8882.wav,2.727
8883.wav,2.457
8884.wav,3.07
8885.wav,5.46
8886.wav,2.222
8887.wav,2.124
8888.wav,1.149
8889.wav,1.406
889.wav,2.502
8890.wav,3.899
8891.wav,3.002
8892.wav,6.666
8893.wav,3.846
8894.wav,3.358
8895.wav,5.642
8896.wav,4.828
8897.wav,2.158
8898.wav,2.527
8899.wav,3.054
89.wav,4.107
890.wav,1.925
8900.wav,1.531
8901.wav,9.712
8902.wav,2.061
8903.wav,16.265
8904.wav,4.439
8905.wav,2.905
8906.wav,9.035
8907.wav,2.123
8908.wav,3.918
8909.wav,8.496
891.wav,2.893
8910.wav,1.284
8911.wav,3.988
8912.wav,10.235
8913.wav,6.866
8914.wav,2.526
8915.wav,3.419
8916.wav,3.528
8917.wav,3.105
8918.wav,5.002
8919.wav,1.174
892.wav,2.556
8920.wav,2.802
8921.wav,1.556
8922.wav,7.843
8923.wav,2.005
8924.wav,2.839
8925.wav,5.843
8926.wav,5.792
8927.wav,4.312
8928.wav,7.728
8929.wav,4.545
893.wav,4.85
8930.wav,5.715
8931.wav,1.489
8932.wav,5.411
8933.wav,3.324
8934.wav,1.784
8935.wav,4.309
8936.wav,3.524
8937.wav,4.102
8938.wav,3.295
8939.wav,6.232
894.wav,4.385
8940.wav,2.91
8941.wav,3.326
8942.wav,1.048
8943.wav,10.125
8944.wav,4.938
8945.wav,8.396
8946.wav,2.937
8947.wav,4.146
8948.wav,4.87
8949.wav,10.888
895.wav,1.633
8950.wav,1.185
8951.wav,7.169
8952.wav,0.913
8953.wav,3.027
8954.wav,1.29
8955.wav,5.701
8956.wav,2.011
8957.wav,1.767
8958.wav,2.669
8959.wav,10.129
896.wav,2.998
8960.wav,8.286
8961.wav,2.211
8962.wav,3.01
8963.wav,5.884
8964.wav,2.287
8965.wav,3.809
8966.wav,4.263
8967.wav,0.725
8968.wav,3.133
8969.wav,7.54
897.wav,2.089
8970.wav,8.144
8971.wav,4.364
8972.wav,2.119
8973.wav,1.28
8974.wav,6.48
8975.wav,0.755
8976.wav,3.771
8977.wav,3.79
8978.wav,1.104
8979.wav,4.608
898.wav,2.713
8980.wav,1.264
8981.wav,3.714
8982.wav,3.567
8983.wav,3.787
8984.wav,1.536
8985.wav,1.07
8986.wav,1.627
8987.wav,1.953
8988.wav,2.066
8989.wav,2.397
899.wav,2.811
8990.wav,2.093
8991.wav,8.51
8992.wav,3.071
8993.wav,1.815
8994.wav,6.191
8995.wav,23.755
8996.wav,16.113
8997.wav,7.694
8998.wav,9.155
8999.wav,5.043
9.wav,7.937
90.wav,3.169
900.wav,2.561
9000.wav,10.878
9001.wav,4.048
9002.wav,4.278
9003.wav,8.829
9004.wav,5.255
9005.wav,1.417
9006.wav,2.113
9007.wav,19.258
9008.wav,6.558
9009.wav,9.812
901.wav,17.593
9010.wav,6.386
9011.wav,11.801
9012.wav,4.706
9013.wav,7.832
9014.wav,3.583
9015.wav,1.777
9016.wav,3.571
9017.wav,9.901
9018.wav,20.098
9019.wav,8.966
902.wav,2.07
9020.wav,2.831
9021.wav,1.309
9022.wav,1.43
9023.wav,4.376
9024.wav,1.395
9025.wav,5.112
9026.wav,7.021
9027.wav,4.795
9028.wav,2.388
9029.wav,3.854
903.wav,3.121
9030.wav,3.215
9031.wav,7.542
9032.wav,3.123
9033.wav,8.307
9034.wav,4.323
9035.wav,1.888
9036.wav,11.133
9037.wav,1.47
9038.wav,2.636
9039.wav,3.239
904.wav,2.202
9040.wav,2.699
9041.wav,3.396
9042.wav,0.788
9043.wav,3.528
9044.wav,2.866
9045.wav,7.334
9046.wav,5.056
9047.wav,2.661
9048.wav,4.444
9049.wav,2.567
905.wav,5.711
9050.wav,8.644
9051.wav,23.846
9052.wav,1.92
9053.wav,10.035
9054.wav,4.209
9055.wav,10.215
9056.wav,2.771
9057.wav,5.325
9058.wav,3.612
9059.wav,2.64
906.wav,5.714
9060.wav,1.255
9061.wav,3.178
9062.wav,6.591
9063.wav,2.995
9064.wav,3.113
9065.wav,1.706
9066.wav,1.485
9067.wav,2.397
9068.wav,1.857
9069.wav,1.865
907.wav,3.142
9070.wav,10.645
9071.wav,7.151
9072.wav,1.567
9073.wav,3.091
9074.wav,2.989
9075.wav,5.617
9076.wav,0.709
9077.wav,11.543
9078.wav,1.72
9079.wav,8.025
908.wav,4.36
9080.wav,2.683
9081.wav,6.053
9082.wav,2.092
9083.wav,10.615
9084.wav,4.927
9085.wav,3.032
9086.wav,3.546
9087.wav,1.56
9088.wav,13.373
9089.wav,1.554
909.wav,2.543
9090.wav,4.992
9091.wav,2.452
9092.wav,2.566
9093.wav,5.176
9094.wav,3.04
9095.wav,2.721
9096.wav,3.021
9097.wav,1.065
9098.wav,1.141
9099.wav,3.296
91.wav,2.8
910.wav,5.234
9100.wav,1.686
9101.wav,3.448
9102.wav,1.461
9103.wav,8.238
9104.wav,4.56
9105.wav,5.996
9106.wav,4.52
9107.wav,3.939
9108.wav,3.843
9109.wav,4.118
911.wav,2.548
9110.wav,6.99
9111.wav,16.713
9112.wav,3.935
9113.wav,2.784
9114.wav,1.645
9115.wav,4.734
9116.wav,2.923
9117.wav,3.416
9118.wav,1.864
9119.wav,2.719
912.wav,4.716
9120.wav,2.645
9121.wav,7.626
9122.wav,2.754
9123.wav,1.601
9124.wav,3.68
9125.wav,13.622
9126.wav,3.12
9127.wav,1.603
9128.wav,3.943
9129.wav,1.615
913.wav,3.355
9130.wav,1.727
9131.wav,3.137
9132.wav,7.141
9133.wav,0.801
9134.wav,5.627
9135.wav,1.684
9136.wav,7.662
9137.wav,3.953
9138.wav,2.945
9139.wav,3.231
914.wav,3.953
9140.wav,1.844
9141.wav,5.286
9142.wav,1.811
9143.wav,1.795
9144.wav,1.765
9145.wav,3.27
9146.wav,6.881
9147.wav,2.125
9148.wav,5.485
9149.wav,1.083
915.wav,6.283
9150.wav,6.477
9151.wav,4.659
9152.wav,11.139
9153.wav,2.783
9154.wav,7.524
9155.wav,1.821
9156.wav,2.954
9157.wav,1.469
9158.wav,5.416
9159.wav,7.806
916.wav,15.532
9160.wav,3.817
9161.wav,5.196
9162.wav,3.647
9163.wav,8.552
9164.wav,3.114
9165.wav,3.303
9166.wav,4.734
9167.wav,2.395
9168.wav,9.695
9169.wav,1.575
917.wav,1.017
9170.wav,1.732
9171.wav,5.62
9172.wav,2.144
9173.wav,1.277
9174.wav,2.535
9175.wav,1.415
9176.wav,2.896
9177.wav,5.054
9178.wav,7.733
9179.wav,2.466
918.wav,4.127
9180.wav,2.125
9181.wav,2.207
9182.wav,1.262
9183.wav,2.447
9184.wav,1.486
9185.wav,4.031
9186.wav,10.451
9187.wav,1.085
9188.wav,3.939
9189.wav,6.657
919.wav,1.586
9190.wav,1.191
9191.wav,3.316
9192.wav,10.416
9193.wav,1.727
9194.wav,2.698
9195.wav,2.719
9196.wav,1.405
9197.wav,10.08
9198.wav,3.795
9199.wav,2.811
92.wav,2.536
920.wav,2.872
9200.wav,4.468
9201.wav,2.749
9202.wav,1.073
9203.wav,2.861
9204.wav,4.063
9205.wav,16.263
9206.wav,2.704
9207.wav,19.623
9208.wav,3.68
9209.wav,3.209
921.wav,1.865
9210.wav,3.007
9211.wav,3.815
9212.wav,5.14
9213.wav,4.15
9214.wav,0.82
9215.wav,4.383
9216.wav,1.539
9217.wav,3.347
9218.wav,4.712
9219.wav,3.217
922.wav,3.336
9220.wav,4.203
9221.wav,6.136
9222.wav,4.229
9223.wav,2.56
9224.wav,6.681
9225.wav,3.782
9226.wav,5.272
9227.wav,2.196
9228.wav,3.443
9229.wav,5.233
923.wav,1.751
9230.wav,2.67
9231.wav,2.996
9232.wav,2.003
9233.wav,3.388
9234.wav,1.535
9235.wav,4.906
9236.wav,4.757
9237.wav,5.215
9238.wav,2.675
9239.wav,2.045
924.wav,9.253
9240.wav,1.848
9241.wav,3.231
9242.wav,3.921
9243.wav,2.008
9244.wav,3.017
9245.wav,3.205
9246.wav,8.821
9247.wav,4.725
9248.wav,1.361
9249.wav,3.212
925.wav,3.226
9250.wav,1.829
9251.wav,1.877
9252.wav,5.25
9253.wav,1.964
9254.wav,8.876
9255.wav,7.496
9256.wav,5.163
9257.wav,5.408
9258.wav,4.02
9259.wav,1.93
926.wav,4.782
9260.wav,5.994
9261.wav,4.684
9262.wav,4.325
9263.wav,3.366
9264.wav,2.08
9265.wav,1.763
9266.wav,3.565
9267.wav,1.515
9268.wav,1.39
9269.wav,3.017
927.wav,4.214
9270.wav,10.701
9271.wav,7.907
9272.wav,5.98
9273.wav,6.055
9274.wav,1.446
9275.wav,2.803
9276.wav,1.499
9277.wav,19.183
9278.wav,4.199
9279.wav,4.608
928.wav,1.186
9280.wav,8.312
9281.wav,7.588
9282.wav,2.556
9283.wav,7.505
9284.wav,3.196
9285.wav,2.836
9286.wav,1.553
9287.wav,3.021
9288.wav,4.099
9289.wav,1.499
929.wav,6.655
9290.wav,9.153
9291.wav,9.517
9292.wav,3.607
9293.wav,2.896
9294.wav,7.033
9295.wav,2.985
9296.wav,4.035
9297.wav,6.814
9298.wav,1.444
9299.wav,1.662
93.wav,2.148
930.wav,2.881
9300.wav,4.497
9301.wav,5.538
9302.wav,16.717
9303.wav,2.717
9304.wav,12.934
9305.wav,6.438
9306.wav,10.395
9307.wav,4.054
9308.wav,2.321
9309.wav,6.046
931.wav,1.524
9310.wav,4.607
9311.wav,3.325
9312.wav,3.713
9313.wav,6.523
9314.wav,1.586
9315.wav,6.593
9316.wav,4.352
9317.wav,3.018
9318.wav,0.762
9319.wav,1.379
932.wav,1.746
9320.wav,2.867
9321.wav,3.577
9322.wav,4.349
9323.wav,3.489
9324.wav,1.596
9325.wav,5.313
9326.wav,4.867
9327.wav,5.667
9328.wav,2.728
9329.wav,10.808
933.wav,2.856
9330.wav,2.408
9331.wav,1.521
9332.wav,1.6
9333.wav,2.074
9334.wav,4.254
9335.wav,5.851
9336.wav,1.861
9337.wav,3.371
9338.wav,2.024
9339.wav,3.216
934.wav,2.108
9340.wav,3.227
9341.wav,1.503
9342.wav,21.538
9343.wav,4.495
9344.wav,3.873
9345.wav,6.098
9346.wav,2.247
9347.wav,2.358
9348.wav,1.291
9349.wav,9.368
935.wav,1.546
9350.wav,2.559
9351.wav,8.317
9352.wav,8.822
9353.wav,2.404
9354.wav,11.155
9355.wav,3.936
9356.wav,3.203
9357.wav,3.98
9358.wav,20.408
9359.wav,1.648
936.wav,2.223
9360.wav,4.29
9361.wav,1.775
9362.wav,2.906
9363.wav,1.119
9364.wav,3.606
9365.wav,2.578
9366.wav,6.24
9367.wav,2.405
9368.wav,6.978
9369.wav,3.76
937.wav,3.061
9370.wav,22.599
9371.wav,1.037
9372.wav,7.824
9373.wav,6.276
9374.wav,2.265
9375.wav,4.675
9376.wav,0.773
9377.wav,0.984
9378.wav,3.991
9379.wav,2.371
938.wav,9.493
9380.wav,2.642
9381.wav,9.711
9382.wav,4.902
9383.wav,4.024
9384.wav,1.491
9385.wav,2.108
9386.wav,4.206
9387.wav,10.95
9388.wav,4.39
9389.wav,9.098
939.wav,2.394
9390.wav,1.785
9391.wav,4.963
9392.wav,3.388
9393.wav,6.584
9394.wav,2.84
9395.wav,8.082
9396.wav,1.971
9397.wav,4.402
9398.wav,2.885
9399.wav,7.874
94.wav,3.23
940.wav,1.193
9400.wav,1.231
9401.wav,2.884
9402.wav,8.831
9403.wav,5.018
9404.wav,2.515
9405.wav,2.306
9406.wav,2.12
9407.wav,0.704
9408.wav,3.927
9409.wav,2.242
941.wav,11.778
9410.wav,5.012
9411.wav,2.276
9412.wav,4.625
9413.wav,4.085
9414.wav,4.744
9415.wav,2.706
9416.wav,3.364
9417.wav,2.13
9418.wav,1.51
9419.wav,2.446
942.wav,1.587
9420.wav,1.798
9421.wav,1.012
9422.wav,1.721
9423.wav,1.24
9424.wav,5.784
9425.wav,2.3
9426.wav,2.057
9427.wav,1.939
9428.wav,2.261
9429.wav,2.755
943.wav,2.005
9430.wav,0.939
9431.wav,1.767
9432.wav,1.908
9433.wav,2.788
9434.wav,1.109
9435.wav,2.431
9436.wav,4.813
9437.wav,2.123
9438.wav,10.787
9439.wav,1.264
944.wav,11.558
9440.wav,10.042
9441.wav,7.775
9442.wav,1.003
9443.wav,2.414
9444.wav,2.138
9445.wav,1.365
9446.wav,2.759
9447.wav,3.147
9448.wav,6.252
9449.wav,2.654
945.wav,3.073
9450.wav,5.273
9451.wav,1.688
9452.wav,3.768
9453.wav,2.671
9454.wav,4.333
9455.wav,2.319
9456.wav,6.901
9457.wav,0.853
9458.wav,2.893
9459.wav,7.451
946.wav,3.144
9460.wav,4.114
9461.wav,3.955
9462.wav,3.621
9463.wav,1.432
9464.wav,5.759
9465.wav,3.949
9466.wav,5.631
9467.wav,5.226
9468.wav,2.776
9469.wav,1.76
947.wav,4.341
9470.wav,2.014
9471.wav,6.784
9472.wav,2.607
9473.wav,9.383
9474.wav,2.05
9475.wav,13.765
9476.wav,5.262
9477.wav,4.749
9478.wav,2.803
9479.wav,3.703
948.wav,2.784
9480.wav,1.583
9481.wav,9.033
9482.wav,2.32
9483.wav,2.249
9484.wav,4.472
9485.wav,4.058
9486.wav,0.799
9487.wav,11.029
9488.wav,1.488
9489.wav,8.285
949.wav,1.817
9490.wav,3.022
9491.wav,4.361
9492.wav,1.263
9493.wav,2.108
9494.wav,2.062
9495.wav,0.811
9496.wav,4.113
9497.wav,1.427
9498.wav,3.21
9499.wav,2.798
95.wav,3.371
950.wav,1.349
9500.wav,2.828
9501.wav,1.843
9502.wav,2.662
9503.wav,5.086
9504.wav,3.806
9505.wav,14.694
9506.wav,1.376
9507.wav,14.854
9508.wav,2.959
9509.wav,2.539
951.wav,2.131
9510.wav,2.05
9511.wav,2.211
9512.wav,1.704
9513.wav,2.919
9514.wav,3.145
9515.wav,2.91
9516.wav,2.785
9517.wav,4.121
9518.wav,5.391
9519.wav,8.364
952.wav,1.601
9520.wav,5.541
9521.wav,2.485
9522.wav,11.765
9523.wav,12.373
9524.wav,8.45
9525.wav,2.362
9526.wav,9.282
9527.wav,6.184
9528.wav,4.535
9529.wav,4.061
953.wav,2.198
9530.wav,4.894
9531.wav,5.322
9532.wav,5.647
9533.wav,2.55
9534.wav,2.308
9535.wav,2.375
9536.wav,2.956
9537.wav,7.155
9538.wav,4.489
9539.wav,3.515
954.wav,4.429
9540.wav,6.108
9541.wav,4.938
9542.wav,3.71
9543.wav,2.039
9544.wav,1.142
9545.wav,4.129
9546.wav,1.407
9547.wav,1.885
9548.wav,16.531
9549.wav,3.799
955.wav,3.033
9550.wav,1.579
9551.wav,1.515
9552.wav,1.212
9553.wav,9.5
9554.wav,3.461
9555.wav,3.239
9556.wav,10.414
9557.wav,1.864
9558.wav,1.322
9559.wav,7.771
956.wav,4.37
9560.wav,3.608
9561.wav,6.405
9562.wav,11.245
9563.wav,2.301
9564.wav,5.121
9565.wav,4.487
9566.wav,17.593
9567.wav,1.637
9568.wav,6.122
9569.wav,4.378
957.wav,6.2
9570.wav,4.724
9571.wav,1.736
9572.wav,1.792
9573.wav,3.381
9574.wav,3.752
9575.wav,2.554
9576.wav,0.64
9577.wav,7.132
9578.wav,9.852
9579.wav,1.756
958.wav,1.877
9580.wav,2.551
9581.wav,12.939
9582.wav,3.922
9583.wav,4.792
9584.wav,4.333
9585.wav,2.546
9586.wav,4.987
9587.wav,2.332
9588.wav,5.412
9589.wav,3.515
959.wav,1.701
9590.wav,2.553
9591.wav,3.495
9592.wav,3.545
9593.wav,16.996
9594.wav,17.525
9595.wav,2.308
9596.wav,1.002
9597.wav,2.437
9598.wav,4.341
9599.wav,2.718
96.wav,1.28
960.wav,8.567
9600.wav,3.609
9601.wav,3.233
9602.wav,1.142
9603.wav,4.647
9604.wav,3.293
9605.wav,3.314
9606.wav,3.716
9607.wav,1.301
9608.wav,5.094
9609.wav,9.909
961.wav,4.249
9610.wav,3.216
9611.wav,13.294
9612.wav,1.11
9613.wav,4.054
9614.wav,1.764
9615.wav,4.259
9616.wav,3.44
9617.wav,1.029
9618.wav,8.957
9619.wav,9.946
962.wav,5.044
9620.wav,6.231
9621.wav,3.005
9622.wav,3.371
9623.wav,4.342
9624.wav,6.46
9625.wav,3.204
9626.wav,1.822
9627.wav,12.134
9628.wav,4.915
9629.wav,4.527
963.wav,2.978
9630.wav,3.005
9631.wav,2.297
9632.wav,3.676
9633.wav,3.305
9634.wav,1.381
9635.wav,3.157
9636.wav,4.423
9637.wav,0.969
9638.wav,3.682
9639.wav,6.482
964.wav,4.108
9640.wav,5.223
9641.wav,3.323
9642.wav,2.24
9643.wav,2.23
9644.wav,1.807
9645.wav,2.199
9646.wav,2.909
9647.wav,2.394
9648.wav,3.616
9649.wav,1.555
965.wav,3.839
9650.wav,3.348
9651.wav,1.904
9652.wav,7.239
9653.wav,2.045
9654.wav,2.075
9655.wav,2.926
9656.wav,2.629
9657.wav,6.74
9658.wav,1.88
9659.wav,4.003
966.wav,5.201
9660.wav,2.13
9661.wav,2.672
9662.wav,3.474
9663.wav,6.814
9664.wav,5.69
9665.wav,1.491
9666.wav,2.135
9667.wav,3.109
9668.wav,4.033
9669.wav,9.348
967.wav,3.399
9670.wav,2.683
9671.wav,5.247
9672.wav,1.77
9673.wav,3.287
9674.wav,14.73
9675.wav,3.565
9676.wav,10.288
9677.wav,4.973
9678.wav,4.445
9679.wav,3.289
968.wav,13.863
9680.wav,1.441
9681.wav,1.91
9682.wav,4.308
9683.wav,6.091
9684.wav,3.213
9685.wav,2.43
9686.wav,2.211
9687.wav,2.081
9688.wav,4.462
9689.wav,1.387
969.wav,2.335
9690.wav,10.075
9691.wav,10.305
9692.wav,4.977
9693.wav,11.282
9694.wav,17.623
9695.wav,10.2
9696.wav,2.279
9697.wav,5.993
9698.wav,2.461
9699.wav,1.798
97.wav,5.092
970.wav,1.953
9700.wav,3.58
9701.wav,1.335
9702.wav,1.21
9703.wav,2.144
9704.wav,1.605
9705.wav,7.538
9706.wav,8.592
9707.wav,3.819
9708.wav,1.664
9709.wav,4.622
971.wav,5.755
9710.wav,1.773
9711.wav,1.462
9712.wav,2.891
9713.wav,3.49
9714.wav,11.199
9715.wav,5.733
9716.wav,9.545
9717.wav,1.768
9718.wav,3.093
9719.wav,5.7
972.wav,1.811
9720.wav,1.74
9721.wav,2.589
9722.wav,6.317
9723.wav,2.235
9724.wav,4.663
9725.wav,3.974
9726.wav,5.041
9727.wav,2.453
9728.wav,2.504
9729.wav,2.04
973.wav,4.714
9730.wav,4.931
9731.wav,2.926
9732.wav,1.97
9733.wav,1.971
9734.wav,3.075
9735.wav,1.237
9736.wav,1.844
9737.wav,6.576
9738.wav,4.644
9739.wav,3.13
974.wav,2.517
9740.wav,2.994
9741.wav,1.646
9742.wav,2.685
9743.wav,1.406
9744.wav,2.255
9745.wav,4.48
9746.wav,5.122
9747.wav,1.174
9748.wav,17.225
9749.wav,1.279
975.wav,8.843
9750.wav,3.536
9751.wav,21.906
9752.wav,1.739
9753.wav,3.68
9754.wav,3.068
9755.wav,1.056
9756.wav,4.703
9757.wav,18.965
9758.wav,4.311
9759.wav,4.136
976.wav,2.401
9760.wav,0.666
9761.wav,7.921
9762.wav,18.009
9763.wav,2.427
9764.wav,2.502
9765.wav,17.123
9766.wav,3.226
9767.wav,8.581
9768.wav,1.737
9769.wav,1.404
977.wav,3.13
9770.wav,4.47
9771.wav,17.449
9772.wav,1.666
9773.wav,7.179
9774.wav,4.541
9775.wav,1.538
9776.wav,12.649
9777.wav,3.729
9778.wav,2.579
9779.wav,10.438
978.wav,4.711
9780.wav,5.952
9781.wav,1.994
9782.wav,2.431
9783.wav,1.949
9784.wav,9.44
9785.wav,3.442
9786.wav,12.582
9787.wav,1.682
9788.wav,1.537
9789.wav,2.602
979.wav,6.034
9790.wav,9.132
9791.wav,6.371
9792.wav,3.149
9793.wav,2.927
9794.wav,5.308
9795.wav,2.964
9796.wav,11.756
9797.wav,1.582
9798.wav,7.745
9799.wav,6.562
98.wav,13.758
980.wav,1.296
9800.wav,3.44
9801.wav,4.918
9802.wav,3.43
9803.wav,1.242
9804.wav,6.871
9805.wav,5.088
9806.wav,0.772
9807.wav,3.03
9808.wav,5.564
9809.wav,5.99
981.wav,1.076
9810.wav,1.094
9811.wav,5.902
9812.wav,6.865
9813.wav,7.839
9814.wav,6.983
9815.wav,5.26
9816.wav,3.057
9817.wav,10.728
9818.wav,3.018
9819.wav,3.504
982.wav,3.4
9820.wav,3.159
9821.wav,1.717
9822.wav,2.561
9823.wav,7.674
9824.wav,7.539
9825.wav,2.844
9826.wav,2.285
9827.wav,1.556
9828.wav,5.416
9829.wav,2.58
983.wav,1.651
9830.wav,5.413
9831.wav,7.632
9832.wav,1.491
9833.wav,6.054
9834.wav,2.184
9835.wav,0.987
9836.wav,1.502
9837.wav,3.044
9838.wav,14.898
9839.wav,7.887
984.wav,11.216
9840.wav,0.814
9841.wav,2.389
9842.wav,2.766
9843.wav,2.135
9844.wav,4.111
9845.wav,3.943
9846.wav,1.676
9847.wav,14.63
9848.wav,9.718
9849.wav,17.587
985.wav,1.876
9850.wav,2.153
9851.wav,2.802
9852.wav,0.851
9853.wav,5.147
9854.wav,13.754
9855.wav,1.681
9856.wav,2.096
9857.wav,4.376
9858.wav,1.822
9859.wav,9.772
986.wav,1.756
9860.wav,13.687
9861.wav,1.326
9862.wav,3.099
9863.wav,4.417
9864.wav,5.867
9865.wav,4.539
9866.wav,1.959
9867.wav,1.162
9868.wav,3.706
9869.wav,3.556
987.wav,3.727
9870.wav,1.329
9871.wav,3.569
9872.wav,2.357
9873.wav,12.76
9874.wav,1.292
9875.wav,3.187
9876.wav,2.512
9877.wav,1.608
9878.wav,3.113
9879.wav,6.673
988.wav,2.12
9880.wav,8.379
9881.wav,2.494
9882.wav,7.034
9883.wav,0.779
9884.wav,9.661
9885.wav,4.801
9886.wav,1.929
9887.wav,2.98
9888.wav,1.998
9889.wav,4.371
989.wav,2.889
9890.wav,0.997
9891.wav,12.653
9892.wav,4.03
9893.wav,5.111
9894.wav,2.695
9895.wav,4.851
9896.wav,1.931
9897.wav,2.501
9898.wav,3.516
9899.wav,1.812
99.wav,1.984
990.wav,1.649
9900.wav,3.941
9901.wav,4.761
9902.wav,2.274
9903.wav,4.423
9904.wav,1.965
9905.wav,0.959
9906.wav,6.894
9907.wav,11.164
9908.wav,4.074
9909.wav,3.061
991.wav,4.593
9910.wav,5.29
9911.wav,0.861
9912.wav,3.94
9913.wav,1.562
9914.wav,3.837
9915.wav,2.326
9916.wav,2.513
9917.wav,5.921
9918.wav,7.754
9919.wav,3.674
992.wav,2.977
9920.wav,6.087
9921.wav,1.151
9922.wav,1.81
9923.wav,1.506
9924.wav,2.333
9925.wav,6.207
9926.wav,8.993
9927.wav,2.388
9928.wav,5.722
9929.wav,5.1
993.wav,2.146
9930.wav,5.487
9931.wav,8.832
9932.wav,4.421
9933.wav,2.207
9934.wav,3.149
9935.wav,2.651
9936.wav,1.913
9937.wav,2.977
9938.wav,1.093
9939.wav,3.627
994.wav,1.707
9940.wav,1.297
9941.wav,3.113
9942.wav,3.485
9943.wav,5.804
9944.wav,1.863
9945.wav,4.898
9946.wav,3.161
9947.wav,3.146
9948.wav,4.851
9949.wav,1.829
995.wav,11.754
9950.wav,3.731
9951.wav,3.804
9952.wav,7.786
9953.wav,1.414
9954.wav,4.786
9955.wav,3.959
9956.wav,1.734
9957.wav,2.554
9958.wav,6.222
9959.wav,4.467
996.wav,4.191
9960.wav,4.276
9961.wav,6.334
9962.wav,1.867
9963.wav,2.328
9964.wav,2.08
9965.wav,8.058
9966.wav,6.095
9967.wav,3.049
9968.wav,2.611
9969.wav,2.107
997.wav,6.788
9970.wav,1.848
9971.wav,22.606
9972.wav,3.726
9973.wav,2.965
9974.wav,3.383
9975.wav,8.885
9976.wav,4.075
9977.wav,1.535
9978.wav,8.511
9979.wav,3.193
998.wav,5.499
9980.wav,1.017
9981.wav,15.222
9982.wav,5.594
9983.wav,4.825
9984.wav,1.687
9985.wav,1.453
9986.wav,5.662
9987.wav,5.13
9988.wav,7.805
9989.wav,2.565
999.wav,4.199
9990.wav,1.608
9991.wav,7.702
9992.wav,1.894
9993.wav,2.857
9994.wav,4.431
9995.wav,1.426
9996.wav,2.171
9997.wav,6.753
9998.wav,3.189
9999.wav,2.37
