0019673c-8252-4657-95c6-37a91d05a871_0
003b81ba-e689-429e-9b76-f0a6cc7a672e_0
003b81ba-e689-429e-9b76-f0a6cc7a672e_1
00401d3d-b056-4901-b7f2-9b91b373c69c_0
006fea99-1a99-440a-b287-69be4db5fa64_1
009d9955-a415-45c6-aa8c-09bbdbe3457b_1
01673f75-b2fe-4f22-af48-4893b0f7da4d_1
01695579-2c8b-4577-9ee8-d12095edf122_0
0197c9ad-c6ec-4f4e-a4d7-d67ee0c0a373_0
01a2454b-bce1-414c-8eac-8d87c1af8cab_0
01ef3c9c-9c32-4b5f-817e-ec6b1f76bc30_0
023da102-41b9-4c2e-a93c-9a911957d34a_0
0255ddbd-7e55-486c-88b5-fcc379d9eff7_0
02fdc3e2-b2fa-4b80-9f7f-c54e16011bbd_0
03342b0d-41b0-4741-bdd1-1e87919eceb9_0
03a116ab-6c9f-4b57-bba9-df4a9d46afed_0
03efed2a-b685-4300-b63e-8e981d6419e3_1
03fed598-1f40-44c8-8e26-a9e4437527f5_0
04117588-006d-46d3-9295-cc743741fee9_0
044bbb0b-6775-424b-b82c-2d05f87c7e83_1
04822599-3004-40d5-826f-5ffcc4d5fc91_0
051d8a8e-0797-4b87-9245-266c3df37bdb_0
051f3a57-6071-4e54-81dc-cf1a46dc95ea_1
052437dc-b0df-41e0-95e1-e18cbec288c9_1
053af706-be8e-49be-a62e-37afd75d01c3_0
054dc87f-0bbb-4ca0-b4ca-15f2208358c5_1
056109ff-6d6c-426f-b59d-0e95dae23380_1
05d28699-219a-497c-870e-8ef0b8da5d60_0
062ac383-8bdc-48c2-9a8c-af9a051f5e8f_1
068b755f-334e-4aea-b4bf-6822c06aebb0_0
06e4dbea-2a75-4ecc-8a1f-118bdbcbf4ee_1
07a42bb7-dcf1-49c6-9ee2-cdbd6f17df52_0
07a42bb7-dcf1-49c6-9ee2-cdbd6f17df52_1
07ecb4fc-0621-471c-bc0d-2d9b3fdacc6c_1
0842cb03-6616-4e1d-9ff8-2f19b57a959e_0
0886c98c-868a-4ef0-986f-7de7526bfa26_0
08e86b62-0e4e-4d67-b1db-4e961b8555d7_0
092b6895-aed8-47f5-87c8-c38e9a49e910_1
09a49f45-68da-4714-bbbd-820075073814_1
09b06270-bf0c-4d38-b23c-f25ed7239826_0
0a026835-1396-47e9-bb6b-ef9fca8a7ae3_0
0ab39919-7338-4e8e-879c-0c249df2e3c7_0
0ac507fc-bd4b-4deb-a0d7-fee535a46a33_1
0ae52fbe-825e-4404-b874-30216a956f7b_0
0ae52fbe-825e-4404-b874-30216a956f7b_1
0b1e5a38-82ea-41e8-954d-efcf37bfc2d3_1
0b682742-d313-426f-8b1c-e541d96bda8f_1
0ba2f28d-9a48-4a56-b718-2091e926acda_1
0bf48121-9155-4fe7-be47-82e605570d17_0
0c2b1451-50f7-4ac0-8ecc-2112a9b9e1e3_0
0c52bcf2-a91d-4bd4-9463-d75bfc0eeb2e_1
0c54d29c-6eee-43e8-9f3f-51ac85bd1722_0
0c78673c-0240-42aa-8367-40fd272abf44_0
0cbc355a-2ed6-4ac1-a1fb-a34734bcba0b_1
0cbd9017-b861-4dd5-a2ab-3fd8917dce0c_1
0cc21c3b-ab2a-4cdf-bded-547ec5f37bd9_0
0cd9d277-4d8e-48c5-9c93-cb0db4d53394_0
0cde1cae-2817-4e18-bf14-c9f69f2bbb75_1
0ce8a535-ee01-40b2-a507-c24accb4fb94_0
0d64a8cf-ed4c-431f-b313-4236a3b59bbf_1
0dc8678d-7cc6-43c8-9b48-cab969c134f5_0
0dc8678d-7cc6-43c8-9b48-cab969c134f5_1
0dce5e2c-8e1a-41f8-af5e-30f2f97adb61_0
0e8d3905-354d-4136-9a7f-29b4353afd34_0
0ed30c13-0f6e-44b5-808b-427b081c4fd7_1
0ed44aaa-dd8c-4570-bc20-719f133a32d6_1
0f02aa95-6563-4cac-9087-c41af35fd3bd_0
0f2541b7-3c92-4807-ae1a-41ededddfe6a_1
0f4095eb-7020-4f9b-8102-1c2d23a47237_1
0f63f164-7c0a-4d9b-a564-cfa2bfbb2ee5_1
0f7569a4-0a00-4cd9-b656-2bc244f69678_1
0f8f86ac-fc21-46e2-a903-43126417db4c_0
10713d16-4730-4537-a07c-ffbcf160ecce_1
10b66820-3815-4fc5-8595-2dbfe65f2821_0
10d0d28c-cf1c-4aee-a2e7-bfa3e418a7c5_0
11150c66-388a-48bf-bf1f-c13ec7d63c8e_0
11348ee0-eec6-4db5-85a3-3eb5b72ae255_1
1152107f-f250-4538-83fd-0e42d995e57c_0
1152107f-f250-4538-83fd-0e42d995e57c_1
118f1b44-05d7-4297-b737-650cdb34a3dd_1
120073de-4f74-4ed2-82fe-0ae189c01d60_0
1293a14d-e205-4923-9ae6-7065d0e1e664_0
12b6acd2-70a2-4fa7-943f-9567dfe0b464_0
13272c8f-7c12-4275-a6dd-a0abf1f8b95e_0
138967fa-f288-410f-85e6-a2448ed550c3_0
139000ce-1310-46f1-bd4c-d86b6cfb8b76_1
13a7c99c-6625-4b5c-9f88-a0c3e17f5ac8_1
1401da77-efc7-4739-b6be-9b2d25802437_0
1407374883553509
1407374883553512
1407374883553649
1407374883553715
1407374883553719
1407374883553769
1407374883553850
1407374883554101
1407374883554104
1407374883554110
1407374883554111
1407374883554458
1407374883554476
1407374883555243
1407374883555299
1407374883555304
1407374883555309
1407374883555317
1407374883555391
1407374883555582
1407374883555696
1407374883555712
1407374883555793
1407374883556313
1407374883556544
1407374883556547
1407374883556720
1407374883556961
1407374883557003
1407374883557012
1407374883557147
1407374883557195
1407374883557215
1407374883557216
1407374883557258
1407374883557276
1407374883557776
1407374883558335
1407374883558535
1407374883558607
1407374883558679
1407374883558870
1407374883559035
1407374883559137
1407374883559192
1407374883559253
1407374883559275
1407374883559569
1407374883559669
1407374883559785
1407374883559791
1407374883559828
1407374883559850
1407374883559857
1407374883559966
1407374883560169
1407374883560283
1407374883560312
1407374883560318
1407374883560320
1407374883560365
1407374883560381
1407374883560539
1407374883560583
1407374883560601
1407374883560660
1407374883560685
1407374883561130
1407374883561149
1407374883561469
1407374883561491
1407374883561564
1407374883561566
1407374883561568
1407374883561589
1407374883561611
1407374883561619
1407374883561620
1407374883561621
1407374883561725
1407374883561751
1407374883561755
1407374883561756
1407374883561761
1407374883561901
1407374883561912
1407374883561943
1407374883561953
1407374883561992
1407374883561994
1407374883561996
1407374883561997
1407374883562016
1407374883562018
1407374883562042
1407374883562050
1407374883562119
1407374883562145
1407374883562146
1407374883562161
1407374883562163
1407374883562169
1407374883562211
1407374883562237
1407374883562246
1407374883562276
1407374883562281
1407374883562301
1407374883562527
1407374883562528
1407374883562540
1407374883562560
1407374883562562
1407374883562718
1407374883562869
1407374883563020
1407374883563169
1407374883563182
1407374883563195
1407374883563220
1407374883563229
1407374883563245
1407374883563254
1407374883563277
1407374883563364
1407374883563382
1407374883563396
1407374883563400
1407374883563403
1407374883563422
1407374883563568
1407374883563601
1407374883563613
1407374883563621
1407374883563685
1407374883563702
1407374883563710
1407374883563716
1407374883563773
1407374883563909
1407374883563921
1407374883563965
1407374883563976
1407374883563977
1407374883564026
1407374883564038
1407374883564051
1407374883564110
1407374883564112
1407374883564115
1407374883564116
1407374883564125
1407374883564205
1407374883564298
1407374883564367
1407374883564381
1407374883564382
1407374883564460
1407374883564486
1407374883564496
1407374883564504
1407374883564533
1407374883564597
1407374883564636
1407374883564654
1407374883564760
1407374883564832
1407374883564910
1407374883564920
1407374883564930
1407374883571461
1407374883571485
1407374883571528
1407374883571537
1407374883571546
1407374883571739
1407374883571812
1407374883571839
1407374883571841
1407374883571886
1407374883571888
1407374883571892
1407374883571897
1407374883571943
1407374883571954
1407374883571974
1407374883572067
1407374883572072
1407374883572515
1407374883572524
1407374883572529
1407374883572531
1407374883572571
1407374883572599
1407374883572724
1407374883572725
1407374883572728
1407374883572731
1407374883572793
1407374883572833
1407374883572839
1407374883572922
1407374883572924
1407374883572929
1407374883572939
1407374883573169
1407374883573411
1407374883573423
1407374883573430
1407374883573440
1407374883573449
1407374883573643
1407374883573650
1407374883574189
1407374883574239
1407374883574271
1407374883574899
1407374883574911
1407374883575023
1407374883575055
1407374883575194
1407374883575215
1407374883575223
1407374883575230
1407374883575261
1407374883575268
1407374883575281
1407374883575329
1407374883575334
1407374883575341
1407374883575352
1407374883575416
1407374883575423
1407374883575460
1407374883575470
1407374883575474
1407374883575486
1407374883575495
1407374883575549
1407374883575635
1407374883575642
1407374883575691
1407374883575773
1407374883575792
1407374883575796
1407374883575799
1407374883575809
1407374883575824
1407374883575879
1407374883575895
1407374883575917
1407374883576042
1407374883576048
1407374883576070
1407374883576080
1407374883576083
1407374883576088
1407374883576107
1407374883576120
1407374883576178
1407374883576229
1407374883576465
1407374883576469
1407374883576677
1407374883576685
1407374883576833
1407374883576842
1407374883576854
1407374883576861
1407374883576869
1407374883577410
1407374883577413
1407374883577417
1407374883577419
1407374883577437
1407374883577468
1407374883577472
1407374883577490
1407374883577499
1407374883577572
1407374883577587
1407374883577588
1407374883577781
1407374883577800
1407374883577801
1407374883577813
1407374883577929
1407374883577951
1407374883578183
1407374883578382
1407374883578385
1407374883578402
1407374883578424
1407374883578496
1407374883578497
1407374883578509
1407374883578625
1407374883578627
1407374883578646
1407374883578647
1407374883578667
1407374883578673
1407374883578685
1407374883578693
1407374883578708
1407374883578710
1407374883578713
1407374883578736
1407374883578747
1407374883578773
1407374883578795
1407374883578798
1407374883578806
1407374883578812
1407374883578828
1407374883578839
1407374883579017
1407374883579044
1407374883579303
1407374883579310
1407374883579420
1407374883579423
1407374883579428
1407374883579510
1407374883579539
1407374883579548
1407374883579842
1407374883579854
1407374883579855
1407374883579880
1407374883579927
1407374883579964
1407374883579975
1407374883579976
1407374883579987
1407374883580214
1407374883580215
1407374883580218
1407374883580287
1407374883580366
1407374883580448
1407374883580523
1407374883580534
1407374883580708
1407374883580805
1407374883580962
1407374883580968
1407374883580977
1407374883581183
1407374883581184
1407374883581498
1407374883581505
1407374883581527
1407374883581636
1407374883581698
1407374883581746
1407374883581753
1407374883581768
1407374883581773
1407374883581777
1407374883581800
1407374883581849
1407374883581886
1407374883581891
1407374883581910
1407374883581928
1407374883581964
1407374883581999
1407374883582013
1407374883582079
1407374883582084
1407374883582085
1407374883582099
1407374883582100
1407374883582139
1407374883582147
1407374883582148
1407374883582163
1407374883582301
1407374883582329
1407374883582347
1407374883582354
1407374883582388
1407374883582569
1407374883582636
1407374883582707
1407374883582716
1407374883582723
1407374883582726
1407374883582727
1407374883582745
1407374883582752
1407374883582771
1407374883582792
1407374883582808
1407374883582835
1407374883582836
1407374883582837
1407374883582846
1407374883582860
1407374883583012
1407374883583038
1407374883583222
1407374883583297
1407374883583298
1407374883583588
1407374883583593
1407374883583744
1407374883583758
1407374883583772
1407374883583957
1407374883583958
1407374883583967
1407374883583973
1407374883584055
1407374883584111
1407374883584195
1407374883584206
1407374883584213
1407374883584215
1407374883584235
1407374883584332
1407374883584347
1407374883584355
1407374883584358
1407374883584481
1407374883584487
1407374883584497
1407374883584513
1407374883584520
1407374883584543
1407374883584778
1407374883584982
1407374883584986
1407374883585052
1407374883585271
1407374883585301
1407374883585361
1407374883585362
1407374883585364
1407374883586021
1407374883586084
1407374883586110
1407374883586115
1407374883586213
1407374883586216
1407374883586232
1407374883586244
1407374883586721
1407374883586740
1407374883587086
1407374883587089
1407374883587092
1407374883587100
1407374883587109
1407374883587161
1407374883587175
1407374883587329
1407374883587342
1407374883587344
1407374883587449
1407374883587454
1407374883587456
1407374883587735
1407374883587852
1407374883587881
1407374883587896
1407374883587911
1407374883587936
1407374883587952
1407374883587954
1407374883588586
1407374883588613
1407374883588623
1407374883589191
1407374883589224
1407374883589225
1407374883589231
1407374883589255
1407374883589268
1407374883589436
1407374883589437
1407374883589530
1407374883589541
1407374883589614
1407374883589618
1407374883589619
1407374883589620
1407374883589627
1407374883589745
1407374883589756
1407374883589762
1407374883589765
1407374883589771
1407374883589866
1407374883589879
1407374883589900
1407374883589906
1407374883589907
1407374883589909
1407374883589915
1407374883589998
1407374883590034
1407374883590046
1407374883590051
1407374883590052
1407374883590122
1407374883590131
1407374883590136
1407374883590200
1407374883590204
1407374883590226
1407374883590237
1407374883590357
1407374883590360
1407374883590363
1407374883590484
1407374883590622
1407374883590627
1407374883590633
1407374883590636
1407374883590641
1407374883590722
1407374883590728
1407374883590735
1407374883590894
1407374883590895
1407374883590896
1407374883591405
1407374883591406
1407374883591407
1407374883591434
1407374883591477
1407374883591487
1407374883591500
1407374883591503
1407374883591521
1407374883591532
1407374883591750
1407374883591967
1407374883591974
1407374883591976
1407374883591981
1407374883591988
1407374883591990
1407374883592044
1407374883592047
1407374883592121
1407374883592180
1407374883592329
1407374883592336
1407374883592337
1407374883592393
1407374883592399
1407374883592766
1407374883592785
1407374883592789
1407374883592824
1407374883592825
1407374883592848
1407374883592849
1407374883592855
1407374883592934
1407374883592940
1407374883592946
1407374883592998
1407374883593125
1407374883593133
1407374883593175
1407374883593198
1407374883593226
1407374883593242
1407374883593248
1407374883593265
1407374883593267
1407374883593297
1407374883593312
1407374883593335
1407374883593397
1407374883593439
1407374883593681
1407374883593693
1407374883593702
1407374883593834
1407374883593851
1407374883593909
1407374883593916
1407374883593924
1407374883594424
1407374883594432
1407374883594442
1407374883594443
1407374883594447
1407374883594620
1407374883594641
1407374883594828
1407374883594898
1407374883594938
1407374883594953
1407374883595095
1407374883595107
1407374883595531
1407374883595554
1407374883595569
1407374883595576
1407374883595615
1407374883595628
1407374883595631
1407374883595661
1407374883595690
1407374883595693
1407374883595699
1407374883595701
1407374883595781
1407374883595825
1407374883595826
1407374883595828
1407374883595921
1407374883595931
1407374883595933
1407374883595936
1407374883595950
1407374883596024
1407374883596079
1407374883596095
1407374883596101
1407374883596125
1407374883596164
1407374883596208
1407374883596216
1407374883596729
1407374883596856
1407374883597020
1407374883597118
1407374883597119
1407374883597132
1407374883597133
1407374883611334
1407374883611932
1407374883611935
1407374883612049
1407374883612051
1407374883612062
1407374883612067
1407374883612225
1407374883612231
1407374883612234
1407374883612308
1407374883612329
1407374883612471
1407374883612491
1407374883612632
1407374883612637
1407374883612845
1407374883612978
1407374883613126
1407374883613148
1407374883613400
1407374883613404
1407374883613406
1407374883613460
1407374883613470
1407374883613489
1407374883613490
1407374883613706
1407374883613739
1407374883613754
1407374883613756
1407374883613909
1407374883614010
1407374883614012
1407374883614407
1407374883614650
1407374883614653
1407374883614662
1407374883614664
1407374883614701
1407374883614840
1407374883614841
1407374883614849
1407374883614853
1407374883614956
1407374883614970
1407374883614979
1407374883615263
1407374883615282
1407374883615332
1407374883615356
1407374883615469
1407374883615481
1407374883615518
1407374883615520
1407374883616606
1407374883616621
1407374883616623
1407374883616636
1407374883619220
1407374883619297
1407374883619843
1407374883620256
1407374883620728
1407374883620737
1407374883620973
1407374883621323
1407374883621337
1407374883624529
1407374883624535
1407374883624575
1407374883624667
1407374883624694
1407374883625171
1407374883625541
1407374883625812
1407374883625814
1407374883625832
1407374883625888
1407374883626375
1407374883626376
1407374883626754
1407374883627005
1407374883627017
1407374883627165
1407374883627236
1407374883627243
1407374883627664
1407374883627854
1407374883627862
1407374883627875
1407374883628450
1407374883633354
1407374883634171
1407374883634247
1407374883634770
1407374883635166
1407374883635168
1407374883635182
1407374883635338
1407374883635457
1407374883635486
1407374883635805
1407374883636199
1407374883636264
1407374883636808
1407374883639678
1407374883639856
1407374883640025
1407374883640294
1407374883640922
1407374883641565
1407374883641774
1407374883641918
14ab0616-591e-400e-b4d9-4369319c8cb3_1
14e98cca-1224-4c43-a99f-5f856e10b762_0
1559e241-0641-4eb9-b2ec-b9e0008d5fb2_1
158c7cd4-26e9-47cc-a1f6-08ed98f0355c_0
15b0db34-5434-46ac-b283-c35bba38f643_1
15c9d3d6-9d32-43da-ab88-fad15ab6f122_0
15fe2f86-7ba2-4a2e-bc9c-246913e28033_1
160bf533-3570-42df-aa3d-537f4b2f767e_0
1620026f-48a8-4704-9399-0d2fc6062dbc_1
16317c10-3ddb-4958-874a-bd040279933e_0
16376af6-b89c-410a-859d-99f059c87ef8_0
163ba16a-0ab8-4485-abd4-329f2cdfd78b_1
164fd34c-d86e-4e0e-b9de-c0cf3471f31a_0
165d8b26-a8af-4497-8275-d5b2f6cbca90_1
166845d2-8575-4cc7-8e1d-df6b929dc9a2_0
16ec6dce-30bc-4eaa-966d-b39b83fc0fb3_0
170165ac-2038-4da2-8473-9decdefa3fd0_1
17dca28f-905e-44d2-b465-11281c7a3bea_1
17dda66c-6614-423b-b894-ab1a74507489_0
183aae39-22d7-4658-b3ab-cd041912ee75_0
193325f8-48f3-43da-a4ea-2ced4523bfac_1
195d3e9a-9e59-4d07-89bb-d1eba97232de_1
19a57247-541c-4124-a9ff-e4e0b3b28f0e_0
19f46f3e-52a2-42a8-8f87-8d23bec934c7_1
1a29e674-bfa8-4ccd-8e90-a38f4cdd29fe_0
1a89f421-0f5f-4ede-91ad-5fb0d3634b84_1
1b362c6e-6b2a-4fa2-9961-c85f0530702d_0
1c15cfae-eeb0-41bb-aa1f-727b2bd9b0a7_0
1dc36a83-5522-414d-89ab-f2246e377bdb_1
1ead4436-3085-4632-a48c-e7f7b7a8f878_1
1eb61a8f-f891-4e56-8fb8-2b72e6a7ce0e_0
1ec953c0-292b-484e-b951-9199c2fa3972_1
1ee12c3b-e7bf-43f3-9a95-3d6fa3814a32_0
1eea93c4-5703-4486-a02c-306bab225353_0
1eea93c4-5703-4486-a02c-306bab225353_1
1ef8b944-a5b9-40dc-a9bc-db1a47574d90_0
1f3c4a80-1eb8-4261-9634-3101e4a0a15e_1
1f5e5ca6-cceb-44c7-84c5-ef09bde5f65d_1
1f9af37c-2b91-49e5-a63c-658e7392f9f5_1
202c8015-022f-4e6c-9ca8-8d904477ed4f_1
203305c5-8d46-4316-9908-44acc8478af2_1
20834d38-6e6a-4a36-baf6-1c19a11e2b92_0
209a9b87-d626-4b55-b6d8-9dad102ff391_1
209c7b22-6f9a-4c0b-b4f2-27717a2bc709_1
21494a86-71ab-4b81-87b8-9e9a57d5ab22_1
2152acc2-913f-4047-887a-9ce54ac43cee_0
21b456b4-2130-4376-8004-2f91cfb97952_0
223cf2fe-c08a-4c02-b132-ed86f1e6e825_1
224e7a02-483e-4af7-9e95-bc15ceffc45b_0
224e7a02-483e-4af7-9e95-bc15ceffc45b_1
2253be75-4ec3-4ac6-a4dc-f4e2aec66d9d_0
2253be75-4ec3-4ac6-a4dc-f4e2aec66d9d_1
22d81af8-5e2c-48a3-b0ea-4b977ac08259_0
2310c767-b84b-467b-85ad-ad40f595249c_0
2336a3d8-ada4-4f2b-af58-e031fd5157c6_1
23451484-6de2-457c-8a91-7a8511f7a2d4_1
239434bb-88d4-4dd2-ba1f-0e6d736f3833_1
23fad0d1-1430-4b19-9a2a-e34b9460defd_1
24446a45-d930-4d02-a600-7f18febeb4e0_0
24732038-5ace-4054-9c31-dbebf1c6271f_1
2477ebfd-82d5-49c2-80a0-c2f2efdbad96_1
247b7af1-097c-4079-8e9c-9352246cc58c_0
247ec3cf-9183-411f-8bbb-5a0d39af300e_1
24a9b709-1a80-49bd-ba9c-cc22c0fb03e2_0
24e8f9de-358a-4b58-b3b2-4b19db8f7760_0
25500b72-a74b-4c41-80e2-220aead826a0_1
2552a4ee-eb7f-4993-b2c0-f98b6e100049_0
256d753b-22a1-4443-ab5f-101d25b3b83e_1
25e1d46e-728e-4d94-8a3a-7b9f2ce8ca1f_1
268b4737-f3c7-4d30-a682-3a2260b80eb7_1
26cefdfe-06e6-45ce-a7b3-75b9d049dbaa_0
274f950a-7246-4849-a1d3-60393cab0252_0
28105ed3-8aee-4d91-8a16-8e88a76d4199_0
28188379-4e24-4c7e-b454-497ac66ebf74_1
2852e4cc-6e7f-4e70-ab61-6789ce2a8d57_0
2852e4cc-6e7f-4e70-ab61-6789ce2a8d57_1
28ae072f-70b1-4ed6-8d6c-6a84de59667c_1
28b947ce-470e-4cef-8bdf-f1cb831dea6b_1
28e6ad0d-628f-43ba-bbe0-9d6d32b77d8b_1
295e1547-b6a2-42c7-afc1-cfb5a2225c19_0
29747ee5-4739-4b64-b821-f30059f5a6d5_1
29795ea6-cb0d-4d14-832c-7e549588efc6_0
29ba8055-7e3b-4022-9cfe-ce9925bbe51e_0
29d691e3-5d41-4fd8-bbef-aa7dc031706e_0
2a5e9d35-f84a-4f8d-9426-2fcf09c2b12a_1
2a88a57b-3566-4f9c-816b-335ef2d0bc1d_1
2ab9fc57-709f-4f43-a791-cc8b2debbc07_1
2ac5f993-bcb9-4a53-b3c6-1e18b342f780_1
2b4e09f8-b5aa-474d-b88f-0853da9cad55_0
2b5d03ea-5bbc-4ae6-807c-9868a7b80ed3_1
2b7a832c-685a-4c57-93cb-edf08e5b4ddd_0
2b7cecb1-e29e-4b71-a402-8be52593da26_0
2ba3d96b-c5cc-4724-9de7-34bbb7afb900_1
2c9e3f8d-07c5-4c63-acdc-efee4eba7d4f_0
2d0596b3-b698-40b7-9fcd-bad3ab7aa6b1_0
2d20a043-4988-4fb6-8028-530f25e05a6c_0
2d245576-0c7a-4bac-8150-8e057272221b_0
2dd212d1-48f0-44a7-86d8-6d8227995410_0
2dd7bd0a-cf68-4222-9e8c-2fc319f40e68_0
2dd7bd0a-cf68-4222-9e8c-2fc319f40e68_1
2e10c088-21d3-462e-9373-d3aecc6ce0c5_1
2e869fdc-37e1-4cfa-bbc9-a46097fb7723_1
2ee35180-666a-4929-84c4-6f616c3c0194_0
2f30084d-6e81-49ea-a51e-77170eaff649_0
2f321133-28ff-4124-bd2b-d41377b75208_0
2f532bbd-f821-4c28-9417-942274e0ec06_1
2f5cc2fd-863b-4c18-82fd-522f233f261a_1
2fa9a087-fe7e-467a-886e-6076a158ab5b_0
2fb8b640-9c3c-4267-b7d1-fbf7f71abb21_1
3096224743819739
3096224743821009
3096224743825928
3096224743836266
3096224743839976
3096224743840208
3096224743843247
3096224743848907
3096224743852523
3096224743857072
3096224743859856
3096224743861109
3096224743861609
3096224743864379
3096224743866120
3096224743867620
3096224743867636
3096224743868266
3096224743868543
3096224743869124
3096224743869466
3096224743869711
3096224743870146
3096224743871828
3096224743872118
3096224743874975
3096224743874976
3096224743878700
3096224743879944
3096224743880328
3096224743880708
3096224743880885
3096224743880887
3096224743880916
3096224743882283
3096224743882374
3096224743882382
3096224743884924
3096224743885087
3096224743888551
3096224743888731
3096224743891306
3096224743893689
3096224743893816
3096224743894427
3096224743894541
3096224743896063
3096224743896368
3096224743896443
3096224743898560
3096224743898986
3096224743899101
3096224743899829
3096224743901722
3096224743902415
3096224743902543
3096224743904779
3096224743907053
3096224743907700
3096224743907955
3096224743908619
3096224743912094
3096224743912553
3096224743917659
3096224743918823
3096224743928683
3096224743934138
3096224743936160
3096224743939348
3096224743939414
3096224743940121
3096224743940143
3096224743940954
3096224743941350
3096224743957826
3096224743958108
3096224743958273
3096224743958514
3096224743958517
3096224743960762
3096224743960852
3096224743960899
3096224743961516
3096224743961827
3096224743962196
3096224743962411
3096224743962416
3096224743962850
3096224743962851
3096224743963306
3096224743964292
3096224743964971
3096224743964992
3096224743964994
3096224743965665
3096224743966610
3096224743967016
3096224743967030
3096224743969068
3096224743969205
3096224743970522
3096224743970540
3096224743971187
3096224743972680
3096224743973975
3096224743974725
3096224743974929
3096224743975295
3096224743975483
3096224743975616
3096224743975618
3096224743976033
3096224743976532
3096224743978022
3096224743979253
3096224743980311
3096224743980314
3096224743980321
3096224743980738
3096224743981378
3096224743981381
3096224743981386
3096224743981389
3096224743981392
3096224743981493
3096224743982830
3096224743982845
3096224743984905
3096224743985462
3096224743987787
3096224743988062
3096224743988835
3096224743989606
3096224743989607
3096224743990171
3096224743991735
3096224743991739
3096224743991759
3096224743992254
3096224743993725
3096224743994546
3096224743994727
3096224743996214
3096224743996223
3096224743996263
3096224743996283
3096224743997393
3096224743998503
3096224743998558
3096224743998628
3096224743999042
3096224743999157
3096224743999274
3096224743999280
3096224743999293
3096224743999358
3096224743999725
3096224743999726
3096224744000244
3096224744000948
3096224744001518
3096224744001522
3096224744001767
3096224744001784
3096224744001787
3096224744002580
3096224744002746
3096224744002756
3096224744002757
3096224744002764
3096224744003107
3096224744003109
3096224744003112
3096224744003195
3096224744003197
3096224744003209
3096224744003258
3096224744003282
3096224744003291
3096224744003292
3096224744004861
3096224744004875
3096224744004882
3096224744005249
3096224744005250
3096224744005262
3096224744005496
3096224744005503
3096224744005516
3096224744005517
3096224744005997
3096224744006342
3096224744006353
3096224744006364
3096224744007201
3096224744007202
3096224744008069
3096224744008076
3096224744008094
3096224744008096
3096224744008106
3096224744008287
3096224744008299
3096224744008304
3096224744008955
3096224744008989
3096224744009020
3096224744009031
3096224744009032
3096224744009035
3096224744009308
3096224744009312
3096224744009315
3096224744009355
3096224744009362
3096224744009365
3096224744009510
3096224744009705
3096224744009893
3096224744009907
3096224744009912
3096224744009919
3096224744010193
3096224744010194
3096224744010195
3096224744010197
3096224744010205
3096224744010573
3096224744010745
3096224744010749
3096224744010765
3096224744010767
3096224744010888
3096224744011996
3096224744012446
3096224744012451
3096224744012537
3096224744012538
3096224744012539
3096224744012681
3096224744012687
3096224744013158
3096224744013159
3096224744013163
3096224744013168
3096224744013180
3096224744013972
3096224744014042
3096224744014196
3096224744014210
3096224744014457
3096224744014465
3096224744014831
3096224744014836
3096224744015011
3096224744015159
3096224744015162
3096224744015168
3096224744015169
3096224744015173
3096224744015182
3096224744015183
3096224744015247
3096224744015258
3096224744015418
3096224744015424
3096224744015581
3096224744015613
3096224744015615
3096224744016394
3096224744016399
3096224744016416
3096224744016913
3096224744016922
3096224744017195
3096224744017563
3096224744017568
3096224744018488
3096224744018490
3096224744018491
3096224744018501
3096224744018508
3096224744018891
3096224744018897
3096224744018979
3096224744018983
3096224744018986
3096224744019048
3096224744019049
3096224744019085
3096224744019108
3096224744019115
3096224744019119
3096224744019186
3096224744019212
3096224744019233
3096224744019270
3096224744019430
3096224744019434
3096224744020611
3096224744020678
3096224744020687
3096224744020692
3096224744020693
3096224744020932
3096224744021277
3096224744021291
3096224744021657
3096224744021946
3096224744021947
3096224744022299
3096224744022593
3096224744022647
3096224744022660
3096224744022991
3096224744022993
3096224744022994
3096224744022999
3096224744023572
3096224744023665
3096224744023669
3096224744023682
3096224744024251
3096224744024292
3096224744026637
3096224744026659
3096224744026880
3096224744027256
3096224744027456
3096224744027646
3096224744027650
3096224744027651
3096224744031651
3096224744031658
3096224744034648
3096224744035921
3096224744036661
3096224744037075
3096224744037100
3096224744037688
3096224744039134
3096224744039140
3096224744039143
3096224744039144
3096224744039147
3096224744039740
3096224744040779
3096224744042209
3096224744044149
3096224744044155
3096224744044402
3096224744044704
3096224744044905
3096224744046635
3096224744047566
3096224744047588
3096224744047589
3096224744047693
3096224744047806
3096224744048486
3096224744048489
3096224744048491
3096224744048505
3096224744048519
3096224744048541
3096224744048786
3096224744048803
3096224744048808
3096224744048844
3096224744048858
3096224744048859
3096224744048861
3096224744049227
3096224744049532
3096224744049788
3096224744050176
3096224744050183
3096224744050187
3096224744050189
3096224744050314
3096224744050442
3096224744050636
3096224744051061
3096224744051080
3096224744051082
3096224744051214
3096224744051495
3096224744051496
3096224744051752
3096224744052001
3096224744052024
3096224744052508
3096224744052510
3096224744052571
3096224744052575
3096224744053242
3096224744053263
3096224744053306
3096224744053318
3096224744053328
3096224744053375
3096224744053377
3096224744053543
3096224744053547
3096224744053678
3096224744053679
3096224744053684
3096224744053765
3096224744053982
3096224744054049
3096224744054423
3096224744054429
3096224744054579
3096224744054724
3096224744054725
3096224744055553
3096224744055700
3096224744055717
3096224744055761
3096224744055799
3096224744055913
3096224744056354
3096224744056605
3096224744056634
3096224744056647
3096224744056648
3096224744056769
3096224744056772
3096224744056781
3096224744057041
3096224744057051
3096224744057055
3096224744057226
3096224744057242
3096224744057250
3096224744057280
3096224744057282
3096224744057614
3096224744058994
3096224744058995
3096224744059098
3096224744059105
3096224744059132
3096224744059369
3096224744060269
3096224744060386
3096224744060391
3096224744060575
3096224744060579
3096224744060588
3096224744060831
3096224744060832
3096224744060834
3096224744060984
3096224744060991
3096224744061060
3096224744061343
3096224744061999
3096224744063273
3096224744063682
3096224744063700
3096224744064265
3096224744064273
3096224744064281
3096224744065027
3096224744065568
3096224744065570
3096224744065576
3096224744065661
3096224744065662
3096224744065706
3096224744066371
3096224744066374
3096224744066655
3096224744066673
3096224744066736
3096224744066747
3096224744067222
3096224744067736
3096224744067768
3096224744068178
3096224744068202
3096224744068203
3096224744068552
3096224744068570
3096224744068586
3096224744068589
3096224744068594
3096224744068611
3096224744068795
3096224744068835
3096224744069169
3096224744069185
3096224744069186
3096224744069234
3096224744069278
3096224744069614
3096224744069618
3096224744069632
3096224744069696
3096224744069701
3096224744070314
3096224744070317
3096224744070318
3096224744070320
3096224744070328
3096224744070345
3096224744070360
3096224744070391
3096224744070545
3096224744070568
3096224744070576
3096224744070580
3096224744070597
3096224744070628
3096224744070633
3096224744070645
3096224744070913
3096224744070917
3096224744070918
3096224744070921
3096224744070933
3096224744071679
3096224744071681
3096224744071763
3096224744071802
3096224744072430
3096224744072452
3096224744072455
3096224744072630
3096224744073381
3096224744073489
3096224744073495
3096224744073561
3096224744073565
3096224744073578
3096224744074226
3096224744074928
3096224744075025
3096224744082082
3096224744082087
3096224744082193
3096224744082398
3096224744082408
3096224744082413
3096224744084136
3096224744085254
3096224744085302
3096224744086067
3096224744086075
3096224744086120
3096224744086126
3096224744086139
3096224744087682
3096224744087684
3096224744087690
3096224744087727
3096224744087729
3096224744087888
3096224744087890
3096224744094381
3096224744094393
3096224744094398
3096224744095151
3096224744095208
3096224744095221
3096224744095453
3096224744095552
3096224744095564
3096224744096003
3096224744096016
3096224744098082
3096224744121245
3096224744121260
3096224744121334
3096224744121449
3096224744122024
3096224744122388
3096224744122389
3096224744123037
3096224744123232
3096224744123668
3096224744123674
3096224744124003
3096224744124096
3096224744124102
3096224744124283
3096224744124298
3096224744124338
3096224744125800
3096224744126479
3096224744126520
3096224744126528
3096224744126666
3096224744127199
3096224744127201
3096224744127280
3096224744127301
3096224744127563
3096224744127987
3096224744127999
3096224744128192
3096224744128211
3096224744128741
3096224744129245
3096224744129258
3096224744129310
3096224744130026
3096224744130031
3096224744130395
3096224744130636
3096224744130658
3096224744130828
3096224744131123
3096224744131124
3096224744131171
3096224744131368
3096224744131526
3096224744131538
3096224744134937
3096224744135948
3096224744136150
3096224744136155
3096224744136165
3096224744136167
3096224744136280
3096224744136289
3096224744136290
3096224744136293
3096224744136569
3096224744138033
3096224744138036
3096224744138037
3096224744138198
3096224744138202
3096224744138468
3096224744138584
3096224744138595
3096224744138607
3096224744138645
3096224744138701
3096224744138766
3096224744138777
3096224744138818
3096224744138828
3096224744138835
3096224744139400
3096224744139648
3096224744139701
3096224744139713
3096224744140843
3096224744140850
3096224744142739
3096224744144233
3096224744144234
3096224744146008
3096224744146155
3096224744146157
3096224744146283
3096224744146292
3096224744148163
3096224744148168
3096224744148524
3096224744148579
3096224744148639
3096224744148641
3096224744148654
3096224744148717
3096224744148753
3096224744149725
3096224744149865
3096224744150574
3096224744151136
3096224744152401
3096224744152407
3096224744152850
3096224744152858
3096224744152875
3096224744153029
3096224744153042
3096224744153043
3096224744153262
3096224744153280
3096224744154582
3096224744154592
3096224744154593
3096224744155166
3096224744155558
3096224744155573
3096224744155574
3096224744155576
3096224744156287
3096224744156558
3096224744156580
3096224744156882
3096224744157304
3096224744157309
3096224744157321
3096224744157479
3096224744157484
3096224744157529
3096224744157536
3096224744157593
3096224744157601
3096224744157608
3096224744157862
3096224744158699
3096224744158709
3096224744158714
3096224744158780
3096224744159474
3096224744159663
3096224744159668
3096224744159675
3096224744159735
3096224744160225
3096224744160238
3096224744160527
3096224744160611
3096224744160616
3096224744161306
3096224744161321
3096224744161323
3096224744161881
3096224744161903
3096224744161905
3096224744162887
3096224744163265
3096224744163267
3096224744163276
3096224744163641
3096224744163652
3096224744163653
3096224744163976
3096224744163988
3096224744163993
3096224744166021
3096224744166714
3096224744166717
3096224744170947
3096224744170950
3096224744174759
3096224744175022
3096224744178632
3096224744178643
3096224744178655
3096224744179261
3096224744179269
3096224744179271
3096224744179273
3096224744181107
3096224744183977
3096224744183979
3096224744183989
3096224744184514
3096224744186591
3096224744187626
3096224744190776
3096224744190789
3096224744192172
3096224744192181
3096224744192339
3096224744192343
3096224744202429
3096224744202434
3096224744202634
3096224744202645
3096224744202648
3096224744202872
3096224744202887
3096224744202890
3096224744203291
3096224744203308
3096224744203570
3096224744203998
3096224744204466
3096224744204546
3096224744204559
3096224744204665
3096224744204671
3096224744204895
3096224744205227
3096224744205376
3096224744205379
3096224744205598
3096224744205607
3096224744205659
3096224744205825
3096224744205835
3096224744205963
3096224744206012
3096224744206032
3096224744206149
3096224744206157
3096224744206165
3096224744206193
3096224744206198
3096224744206945
3096224744207590
3096224744208694
3096224744209176
3096224744209177
3096224744209260
3096224744209480
3096224744209583
3096224744209591
3096224744209616
3096224744209635
3096224744210341
3096224744210461
3096224744211215
3096224744211351
3096224744211743
3096224744211751
3096224744212080
3096224744212095
3096224744212096
3096224744212321
3096224744212638
3096224744212697
3096224744213095
3096224744213752
3096224744213762
3096224744213872
3096224744213999
3096224744214850
3096224744215032
3096224744215035
3096224744215326
3096224744215443
3096224744215448
3096224744215696
3096224744216898
3096224744216977
3096224744217571
3096224744219660
3096224744219701
3096224744222252
3096224744222254
3096224744222258
3096224744222981
3096224744223458
3096224744223459
3096224744223712
3096224744223731
3096224744224496
3096224744224498
3096224744224509
3096224744224553
3096224744224558
3096224744224560
3096224744224572
3096224744224962
3096224744224968
3096224744227222
3096224744227336
3096224744227348
3096224744227942
3096224744227943
3096224744227945
3096224744228462
3096224744228466
3096224744228468
3096224744228469
3096224744228520
3096224744228861
3096224744228881
3096224744228937
3096224744228950
3096224744229730
3096224744229736
3096224744230415
3096224744230695
3096224744230697
3096224744230702
3096224744230835
3096224744230850
3096224744232251
3096224744233711
3096224744235300
3096224744236595
3096224744236816
3096224744236862
3096224744236872
3096224744236973
3096224744237037
3096224744237075
3096224744237239
3096224744237341
3096224744237609
3096224744238598
3096224744239659
3096224744239967
3096224744239984
3128abe1-a847-4255-b882-6dc5efdf34a4_1
31eec3f5-4f99-45c3-8fc6-7b87c0b838ac_0
322e34f5-ea61-4c6d-b98d-0555bf5df5a4_0
32521a12-233f-431d-bea9-6e8c811eaed1_0
32c2b9ce-0611-4fe9-9b89-cce8ec4317c2_0
32e960bf-4298-44e6-9866-e34085673e47_1
332b9e4a-67a5-4109-942a-39179e96f091_0
3377699720529039
3377699720529043
3377699720529055
3377699720529057
3377699720529071
3377699720542361
3377699720542362
3377699720542381
3377699720542392
3377699720543198
3377699720543201
3377699720543241
3377699720543247
3377699720543329
3377699720543352
3377699720543390
3377699720543393
3377699720543447
3377699720543520
3377699720544063
3377699720544065
3377699720544070
3377699720544072
3377699720544079
3377699720544084
3377699720544097
3377699720544909
3377699720544925
3377699720544939
3377699720544943
3377699720544961
3377699720544966
3377699720581279
3377699720581286
3377699720581293
3377699720581295
3377699720581337
3377699720581340
3377699720583584
3377699720583588
3377699720583589
3377699720583591
3377699720583604
3377699720583620
3377699720583621
3377699720583636
3377699720583815
3377699720583816
3377699720583818
3377699720583819
3377699720583858
3377699720583859
3377699720583968
3377699720589684
3377699720589687
3377699720589690
3377699720590858
3377699720590865
3377699720590866
3377699720590876
3377699720590903
3377699720591384
3377699720591391
3377699720591696
3377699720591702
3377699720591727
3377699720601667
3377699720601674
3377699720634131
3377699720634179
3377699720636691
3377699720636692
3377699720636693
3377699720636695
3377699720645120
3377699720652661
3377699720652663
3377699720652664
3377699720652665
3377699720652666
3377699720652667
3377699720652668
3377699720652669
3377699720652670
3377699720652671
3377699720652672
3377699720652673
3377699720652674
3377699720652676
3377699720652683
3377699720652684
3377699720652687
3377699720652688
3377699720652690
3377699720652725
3377699720652727
3377699720652729
3377699720652732
3377699720652734
3377699720652736
3377699720652738
3377699720652740
3377699720652741
3377699720652742
3377699720652743
3377699720652744
3377699720652745
3377699720652746
3377699720652747
3377699720652748
3377699720652749
3377699720652750
3377699720654518
3377699720654520
3377699720654557
3377699720655356
3377699720655387
3377699720656022
3377699720656051
3377699720656068
3377699720656335
3377699720656337
3377699720656343
3377699720656382
3377699720656555
3377699720656565
3377699720656578
3377699720656583
3377699720656605
3377699720657197
3377699720659219
3377699720659222
3377699720659223
3377699720659224
3377699720659225
3377699720659230
3377699720659231
3377699720659235
3377699720659236
3377699720659237
3377699720659238
3377699720659273
3377699720659274
3377699720660218
3377699720660219
3377699720660220
3377699720660221
3377699720660222
3377699720660223
3377699720660229
3377699720660252
3377699720660407
3377699720660425
3377699720660433
3377699720660435
3377699720660443
3377699720660455
3377699720660706
3377699720660717
3377699720660720
3377699720660723
3377699720660726
3377699720660729
3377699720660754
3377699720662427
3377699720662448
3377699720662453
3377699720662471
3377699720662477
3377699720662744
3377699720662749
3377699720663041
3377699720663056
3377699720663066
3377699720663074
3377699720663895
3377699720663898
3377699720663909
3377699720663966
3377699720663972
3377699720663983
3377699720663986
3377699720663998
3377699720665457
3377699720665479
3377699720665676
3377699720665705
3377699720665713
3377699720666259
3377699720666266
3377699720666280
3377699720666298
3377699720666517
3377699720666528
3377699720666547
3377699720667190
3377699720667192
3377699720668852
3377699720668867
3377699720668892
3377699720668893
3377699720668895
3377699720668897
3377699720668901
3377699720668902
3377699720670028
3377699720670029
3377699720670032
3377699720670034
3377699720670040
3377699720670043
3377699720670113
3377699720670115
3377699720670240
3377699720670253
3377699720670254
3377699720670255
3377699720670257
3377699720670258
3377699720670277
3377699720670297
3377699720670303
3377699720671284
3377699720671308
3377699720671340
3377699720671342
3377699720671343
3377699720671393
3377699720671403
3377699720671423
3377699720671446
3377699720671447
3377699720671455
3377699720671618
3377699720671619
3377699720671622
3377699720671640
3377699720671711
3377699720671719
3377699720671724
3377699720671727
3377699720672174
3377699720672175
3377699720672193
3377699720673539
3377699720673554
3377699720673594
3377699720673596
3377699720673599
3377699720673602
3377699720673605
3377699720673607
3377699720673758
3377699720673760
3377699720673776
3377699720673777
3377699720673778
3377699720673804
3377699720674009
3377699720674012
3377699720674014
3377699720674276
3377699720674287
3377699720674397
3377699720674401
3377699720674403
3377699720674409
3377699720674762
3377699720674766
3377699720674767
3377699720674768
3377699720674769
3377699720674771
3377699720674773
3377699720674774
3377699720674776
3377699720676453
3377699720676478
3377699720676479
3377699720676480
3377699720676481
3377699720676488
3377699720676489
3377699720676490
3377699720676491
3377699720676791
3377699720676800
3377699720676802
3377699720676843
3377699720676844
3377699720676845
3377699720676853
3377699720676854
3377699720676876
3377699720676913
3377699720676915
3377699720676916
3377699720676919
3377699720676921
3377699720676924
3377699720676925
3377699720676926
3377699720677087
3377699720677088
3377699720677107
3377699720677248
3377699720677261
3377699720677323
3377699720677344
3377699720677503
3377699720677507
3377699720677513
3377699720677552
3377699720677554
3377699720677564
3377699720677565
3377699720677650
3377699720677651
3377699720677687
3377699720677702
3377699720677703
3377699720677704
3377699720677944
3377699720677960
3377699720677976
3377699720677994
3377699720678117
3377699720678120
3377699720678219
3377699720679270
3377699720679285
3377699720679299
3377699720679303
3377699720679309
3377699720679312
3377699720679316
3377699720679333
3377699720679345
3377699720679350
3377699720679352
3377699720679378
3377699720679401
3377699720679402
3377699720679460
3377699720679462
3377699720679463
3377699720679471
3377699720679472
3377699720679473
3377699720679504
3377699720679508
3377699720679533
3377699720679542
3377699720679549
3377699720679554
3377699720679561
3377699720679563
3377699720679564
3377699720679671
3377699720679673
3377699720679695
3377699720679696
3377699720679698
3377699720679701
3377699720679706
3377699720679877
3377699720679893
3377699720679898
3377699720679917
3377699720679919
3377699720679920
3377699720679921
3377699720679930
3377699720679934
3377699720679935
3377699720679937
3377699720679938
3377699720679939
3377699720679940
3377699720679946
3377699720679952
3377699720679953
3377699720679954
3377699720679986
3377699720679987
3377699720679989
3377699720679992
3377699720680282
3377699720680283
3377699720680285
3377699720680287
3377699720680288
3377699720680323
3377699720680370
3377699720680385
3377699720680386
3377699720680390
3377699720680391
3377699720680392
3377699720680469
3377699720680487
3377699720680488
3377699720680489
3377699720680506
3377699720680518
3377699720680523
3377699720680626
3377699720680628
3377699720680634
3377699720680650
3377699720680651
3377699720680673
3377699720680675
3377699720680676
3377699720681141
3377699720681142
3377699720681150
3377699720681430
3377699720681452
3377699720681520
3377699720681850
3377699720681856
3377699720681892
3377699720681927
3377699720681930
3377699720681931
3377699720682053
3377699720682062
3377699720682064
3377699720682166
3377699720682199
3377699720682200
3377699720682201
3377699720682202
3377699720682272
3377699720682489
3377699720682509
3377699720682513
3377699720682534
3377699720683354
3377699720683431
3377699720683433
3377699720683435
3377699720683436
3377699720683438
3377699720683577
3377699720683619
3377699720683621
3377699720683641
3377699720683646
3377699720683699
3377699720683714
3377699720683715
3377699720683716
3377699720683717
3377699720683737
3377699720683771
3377699720683774
3377699720683804
3377699720683832
3377699720683847
3377699720684002
3377699720684035
3377699720684036
3377699720684040
3377699720684041
3377699720684043
3377699720684345
3377699720684374
3377699720684379
3377699720684380
3377699720684381
3377699720684382
3377699720684384
3377699720685011
3377699720685024
3377699720685027
3377699720685030
3377699720685038
3377699720685044
3377699720685047
3377699720685063
3377699720685125
3377699720685143
3377699720685148
3377699720685149
3377699720685246
3377699720685248
3377699720685249
3377699720685273
3377699720685315
3377699720685316
3377699720685317
3377699720685385
3377699720685386
3377699720685426
3377699720685427
3377699720685431
3377699720685432
3377699720685622
3377699720685656
3377699720685661
3377699720685663
3377699720685817
3377699720685828
3377699720685910
3377699720685993
3377699720686057
3377699720686109
3377699720686116
3377699720686145
3377699720686502
3377699720686504
3377699720686539
3377699720686581
3377699720686609
3377699720686734
3377699720686735
3377699720686979
3377699720686981
3377699720686995
3377699720686996
3377699720686997
3377699720686998
3377699720687009
3377699720687030
3377699720687033
3377699720687041
3377699720687043
3377699720687128
3377699720687129
3377699720687130
3377699720687135
3377699720687137
3377699720687148
3377699720687156
3377699720687380
3377699720687384
3377699720687442
3377699720687443
3377699720687445
3377699720687446
3377699720687450
3377699720687451
3377699720687460
3377699720687463
3377699720687464
3377699720687465
3377699720687466
3377699720687478
3377699720687485
3377699720687514
3377699720687526
3377699720687529
3377699720687530
3377699720687531
3377699720687532
3377699720687545
3377699720687593
3377699720687595
3377699720687596
3377699720687597
3377699720687598
3377699720687600
3377699720687601
3377699720687602
3377699720687625
3377699720687626
3377699720687627
3377699720687634
3377699720687637
3377699720687644
3377699720687645
3377699720687646
3377699720687647
3377699720687648
3377699720687649
3377699720687652
3377699720687653
3377699720687654
3377699720687655
3377699720687792
3377699720687793
3377699720687794
3377699720687795
3377699720687855
3377699720687862
3377699720687863
3377699720687864
3377699720687865
3377699720687866
3377699720687903
3377699720687950
3377699720687959
3377699720688012
3377699720688035
3377699720688039
3377699720688040
3377699720688041
3377699720688042
3377699720688061
3377699720688078
3377699720688142
3377699720688147
3377699720688218
3377699720688341
3377699720688464
3377699720688467
3377699720688468
3377699720688482
3377699720688666
3377699720688674
3377699720688677
3377699720688860
3377699720688875
3377699720688960
3377699720688961
3377699720688962
3377699720688963
3377699720688969
3377699720688970
3377699720688972
3377699720688973
3377699720688980
3377699720688981
3377699720688984
3377699720688986
3377699720688987
3377699720689015
3377699720689022
3377699720689045
3377699720689046
3377699720689047
3377699720689049
3377699720689050
3377699720689051
3377699720689052
3377699720689053
3377699720689059
3377699720689438
3377699720689526
3377699720689527
3377699720689528
3377699720689529
3377699720689530
3377699720689532
3377699720689533
3377699720689535
3377699720689536
3377699720689537
3377699720689538
3377699720689539
3377699720689559
3377699720689684
3377699720689816
3377699720689942
3377699720690081
3377699720690733
3377699720690734
3377699720690735
3377699720690736
3377699720690737
3377699720690739
3377699720690740
3377699720690742
3377699720690743
3377699720690744
3377699720690749
3377699720690750
3377699720690751
3377699720690753
3377699720690765
3377699720690777
3377699720690876
3377699720691093
3377699720691094
3377699720691122
3377699720691205
3377699720691560
3377699720692243
3377699720692380
3377699720692724
3377699720692725
3377699720692804
3377699720692826
3377699720701525
3377699720701553
3377699720701577
3377699720706216
3377699720706356
3377699720706375
3377699720706376
3377699720706387
3377699720707358
3377699720707363
3377699720707364
3377699720707366
3377699720707367
3377699720707370
3377699720707372
3377699720707378
3377699720707380
3377699720707387
3377699720707388
3377699720707399
3377699720707407
3377699720707409
3377699720707411
3377699720709005
3377699720709031
3377699720709034
3377699720709035
3377699720709036
3377699720709037
3377699720709038
3377699720709064
3377699720709069
3377699720710802
3377699720710803
3377699720710805
3377699720710807
3377699720710808
3377699720710812
3377699720710838
3377699720710903
3377699720710932
3377699720710934
3377699720710935
3377699720711115
3377699720711119
3377699720711141
3377699720711151
3377699720711184
3377699720711186
3377699720711187
3377699720711943
3377699720711944
3377699720711949
3377699720712704
3377699720712722
3377699720712951
3377699720712984
3377699720712991
3377699720713487
3377699720713527
3377699720713528
3377699720713529
3377699720713531
3377699720713532
3377699720713533
3377699720713534
3377699720713535
3377699720713537
3377699720713541
3377699720713552
3377699720713563
3377699720713568
3377699720713582
3377699720713583
3377699720713584
3377699720713592
3377699720713593
3377699720713600
3377699720713606
3377699720713630
3377699720713636
3377699720713640
3377699720713641
3377699720713642
3377699720713692
3377699720713695
3377699720714864
3377699720714867
3377699720714906
3377699720714980
3377699720714986
3377699720714987
3377699720714992
3377699720715043
3377699720715044
3377699720715049
3377699720715050
3377699720715064
3377699720715066
3377699720715068
3377699720715069
3377699720715097
3377699720715098
3377699720715115
3377699720715116
3377699720715130
3377699720715131
3377699720715132
3377699720715166
3377699720715236
3377699720715252
3377699720715254
3377699720715264
3377699720715265
3377699720715266
3377699720715268
3377699720715271
3377699720715272
3377699720715273
3377699720715274
3377699720715295
3377699720715298
3377699720715310
3377699720715312
3377699720715313
3377699720715326
3377699720715327
3377699720715328
3377699720715329
3377699720715330
3377699720715331
3377699720715332
3377699720715343
3377699720715344
3377699720715345
3377699720715364
3377699720715378
3377699720715380
3377699720715382
3377699720715384
3377699720715386
3377699720715388
3377699720715390
3377699720715395
3377699720715396
3377699720715397
3377699720715398
3377699720715439
3377699720715481
3377699720715482
3377699720715483
3377699720715484
3377699720715486
3377699720715487
3377699720715488
3377699720715489
3377699720715491
3377699720715492
3377699720715522
3377699720716239
3377699720718055
3377699720730021
3377699720732330
3377699720733538
3377699720735449
3377699720738654
3377699720741565
3377699720746434
3377699720750148
3377699720753462
3377699720757990
3377699720759004
3377699720759393
3377699720759780
3377699720760143
3377699720763428
3377699720766400
3377699720767040
3377699720767426
3377699720767548
3377699720791263
3377699720791266
3377699720791273
3377699720791276
3377699720791432
3377699720791436
3377699720791851
3377699720791860
33873239-0853-4b3e-9959-3517206af6fd_0
33a8fb6e-0dc6-40a7-b381-5db6efc7ad68_0
34198479-7eb9-4ac6-bcff-5b3c38028226_0
34303700-c258-4ee1-8e81-8e5ad3a68387_0
34868ad7-76df-4b85-8b05-c8bec9b1ae94_0
35767197-ab6f-4b2a-9b36-e8fd91bc8147_0
363a970b-8c6b-447a-950d-64bde4e40bfe_0
36a8da57-0975-41cd-ba6d-9aedda53509b_0
371693dd-a7ad-4fd7-a556-be3f3621b619_0
37784188-b250-4d09-9228-45308f1e4fcd_1
377fc9fd-a5db-4cd4-b58b-1380f5909392_0
37889ad8-484c-4f33-ade6-26b648c1a823_1
378b2dfd-e1b2-4866-a6c8-b3e8baa61776_1
37b9663a-47e4-488f-b06c-209e08a9ad42_0
39ced102-be7f-4126-867a-4b2d16a85483_1
3a1bbec1-46b1-4b91-bf54-42799a1f3fb6_1
3a794f9a-afdf-4e25-9690-2ddebfa2d63c_0
3a85cc89-d6b3-4a46-ba8e-2072ec5821c9_0
3b1e01b0-b2e3-462b-b5d8-a6be56caec85_1
3b45b9d3-bd6b-4127-bc47-b6ea3badae2c_0
3c0488ac-c6dc-4277-92ef-f268d2023a09_1
3c554b16-372f-4a50-90c4-1aa7e5285f12_1
3c75eb52-ad7b-42f7-ba27-a052e5b7b491_0
3c75eb52-ad7b-42f7-ba27-a052e5b7b491_1
3d3de81a-f211-49ff-a5b7-0cbcef00755b_1
3dbb4b1e-afe3-4a81-80a5-fad485fe1f8c_0
3dcb9976-1016-4059-80a1-1aca22972dca_0
3df07a40-594e-4a0d-b349-c4ae73979ff0_0
3e4961cf-fda3-4591-8717-fe694eb95e67_1
3e4d4b31-98ee-4963-aca2-490294b1ff32_1
3e78436e-83b0-4b93-b516-1a521624207b_1
3f461252-50c2-4566-ac99-58930a77e22d_0
3f795d55-865a-4989-a9f0-0e995c57eb28_0
3fbaed3f-c436-4f39-9d94-b2a97e1b576a_0
3fe1a7cf-9c2f-4336-80e6-0eb3fcb24c13_0
40200a4b-d7eb-45d4-b1d0-bb1015a5bab9_0
402843af-bbec-410b-aaf5-2c5aa1eeeb0f_0
419c9c05-a52f-4d47-9127-5603cb97abd8_0
41f28df0-6be0-4aad-84f7-9f6b1b5975fc_0
423f8092-a966-488f-81bc-83d074d609b2_0
428b4b91-e865-4d13-94da-b05291bf65d8_1
428d2ff2-772c-4d66-a1f7-a99efa886e69_1
42c3940c-0e60-4e5b-ae6c-5032e3d6a3fe_0
43d46075-0af1-4938-934b-407690fdbf99_1
4503599627374495
4503599627375440
4503599627375441
4503599627375443
4503599627375452
4503599627375483
4503599627375535
4503599627375869
4503599627376373
4503599627376380
4503599627376383
4503599627376434
4503599627376451
4503599627376465
4503599627376896
4503599627376919
4503599627377965
4503599627377987
4503599627378015
4503599627379409
4503599627379420
4503599627380013
4503599627380026
4503599627380720
4503599627380726
4503599627380733
4503599627380765
4503599627381357
4503599627385455
4503599627385462
4503599627385464
4503599627385470
4503599627385476
4503599627385676
4503599627385694
4503599627385700
4503599627385723
4503599627385727
4503599627385789
4503599627386009
4503599627386122
4503599627386969
4503599627387458
4503599627387577
4503599627387599
4503599627387606
4503599627387908
4503599627388136
4503599627388168
4503599627388829
4503599627388895
4503599627388915
4503599627388934
4503599627389846
4503599627389869
4503599627391482
4503599627391510
4503599627392613
4503599627392633
4503599627392636
4503599627392638
4503599627392639
4503599627392663
4503599627393385
4503599627393394
4503599627393410
4503599627395808
4503599627395815
4503599627396371
4503599627396412
4503599627396468
4503599627397177
4503599627397181
4503599627397677
4503599627397732
4503599627400338
4503599627400362
4503599627400390
4503599627400872
4503599627404015
4503599627404026
4503599627405406
4503599627405410
4503599627405439
4503599627405460
4503599627406170
4503599627406198
4503599627406616
4503599627406622
4503599627406624
4503599627406629
4503599627406644
4503599627407234
4503599627407262
4503599627407936
4503599627408080
4503599627408092
4503599627408369
4503599627408372
4503599627408413
4503599627408567
4503599627408587
4503599627408799
4503599627408814
4503599627408900
4503599627409294
4503599627409304
4503599627409345
4503599627409709
4503599627409736
4503599627410524
4503599627410534
4503599627410702
4503599627410713
4503599627413032
4503599627414068
4503599627414086
4503599627416268
4503599627416273
4503599627416294
4503599627416318
4503599627416965
4503599627416968
4503599627417109
4503599627417313
4503599627418124
4503599627418717
4503599627418718
4503599627418727
4503599627419349
4503599627422080
4503599627422131
4503599627422134
4503599627422285
4503599627422293
4503599627422305
4503599627422306
4503599627422307
4503599627422373
4503599627422377
4503599627422392
4503599627422626
4503599627422644
4503599627422651
4503599627422700
4503599627423069
4503599627424216
4503599627424240
4503599627424241
4503599627424253
4503599627424679
4503599627424830
4503599627427556
4503599627429590
4503599627430502
4503599627430511
4503599627430776
4503599627431789
4503599627431790
4503599627431802
4503599627432896
4503599627432938
4503599627433072
4503599627433258
4503599627433379
4503599627433392
4503599627433395
4503599627433398
4503599627433402
4503599627433409
4503599627433425
4503599627433552
4503599627433577
4503599627433986
4503599627434000
4503599627434238
4503599627437217
4503599627437469
4503599627437527
4503599627437705
4503599627437728
4503599627437929
4503599627438468
4503599627438474
4503599627438493
4503599627438499
4503599627438935
4503599627439480
4503599627439501
4503599627439536
4503599627439564
4503599627439570
4503599627439635
4503599627439638
4503599627439643
4503599627439660
4503599627439878
4503599627439881
4503599627439882
4503599627440467
4503599627442975
4503599627442996
4503599627443253
4503599627443385
4503599627445490
4503599627445526
4503599627447233
4503599627447246
4503599627447991
4503599627448014
4503599627448051
4503599627448055
4503599627450421
4503599627450435
4503599627450869
4503599627450905
4503599627450986
4503599627451171
4503599627451183
4503599627451188
4503599627451191
4503599627451200
4503599627451206
4503599627452361
4503599627452402
4503599627452563
4503599627452581
4503599627453531
4503599627453546
4503599627453893
4503599627453900
4503599627453995
4503599627456171
4503599627456746
4503599627456924
4503599627457152
4503599627457153
4503599627457547
4503599627458704
4503599627458709
4503599627458714
4503599627458740
4503599627459614
4503599627459655
4503599627460253
4503599627460273
4503599627461291
4503599627461709
4503599627461721
4503599627463272
4503599627466160
4503599627466162
4503599627466867
4503599627468154
4503599627468179
4503599627468180
4503599627468596
4503599627470249
4503599627470267
4503599627470278
4503599627471581
4503599627472665
4503599627472671
4503599627472680
4503599627472988
4503599627473788
4503599627474138
4503599627475449
4503599627476238
4503599627478603
4503599627478626
4503599627478773
4503599627479703
4503599627479710
4503599627479719
4503599627481380
4503599627483162
4503599627483373
4503599627484704
4503599627484942
4503599627486015
4503599627486019
4503599627486020
4503599627486021
4503599627486029
4503599627492299
4503599627492310
4503599627492672
4503599627496894
4503599627498316
4503599627498329
4503599627498495
4503599627498886
4503599627498911
4503599627498922
4503599627500094
4503599627500144
4503599627500153
4503599627500687
4503599627500692
4503599627501391
4503599627502459
4503599627510257
4503599627513015
4503599627513183
4503599627513190
4503599627513191
4503599627514006
4503599627514032
4503599627517786
4503599627517788
4503599627517797
4503599627518246
4503599627518757
4503599627518781
4503599627518787
4503599627519543
4503599627520876
4503599627522671
4503599627523793
4503599627523924
4503599627523932
4503599627523933
4503599627524006
4503599627525371
4503599627525509
4503599627526571
4503599627526776
4503599627527471
4503599627527971
4503599627527981
4503599627528100
4503599627528109
4503599627528272
4503599627528733
4503599627528749
4503599627529165
4503599627529402
4503599627529519
4503599627530200
4503599627530205
4503599627530564
4503599627530718
4503599627531805
4503599627531822
4503599627532822
4503599627532830
4503599627532836
4503599627533380
4503599627533525
4503599627533999
4503599627534630
4503599627534633
4503599627534666
4503599627534695
4503599627534822
4503599627534890
4503599627534891
4503599627535039
4503599627535135
4503599627535199
4503599627536658
4503599627536660
4503599627536684
4503599627537119
4503599627537532
4503599627537550
4503599627537942
4503599627538300
4503599627539137
4503599627539414
4503599627539851
4503599627540072
4503599627540838
4503599627540848
4503599627541066
4503599627541088
4503599627541485
4503599627541503
4503599627541504
4503599627541930
4503599627541931
4503599627541949
4503599627541956
4503599627542143
4503599627542442
4503599627542452
4503599627542460
4503599627542749
4503599627543045
4503599627543934
4503599627543947
4503599627544816
4503599627544820
4503599627544966
4503599627545096
4503599627545119
4503599627545226
4503599627545273
4503599627545495
4503599627545496
4503599627545813
4503599627546470
4503599627546766
4503599627546770
4503599627546849
4503599627546858
4503599627546921
4503599627546922
4503599627546978
4503599627547708
4503599627547713
4503599627547730
4503599627547732
4503599627548188
4503599627548196
4503599627549192
4503599627549212
4503599627549261
4503599627550348
4503599627550358
4503599627550359
4503599627550367
4503599627550395
4503599627550958
4503599627550972
4503599627551563
4503599627551582
4503599627551782
4503599627552000
4503599627552839
4503599627552844
4503599627552850
4503599627553975
4503599627553986
4503599627554033
4503599627554286
4503599627554608
4503599627554668
4503599627554689
4503599627554712
4503599627554994
4503599627555066
4503599627555353
4503599627555356
4503599627555631
4503599627556199
4503599627557156
4503599627557170
4503599627557172
4503599627557192
4503599627557730
4503599627557917
4503599627557983
4503599627557986
4503599627557987
4503599627558006
4503599627558274
4503599627558770
4503599627559660
4503599627559662
4503599627559673
4503599627559685
4503599627559758
4503599627559817
4503599627559956
4503599627559958
4503599627559968
4503599627559981
4503599627559982
4503599627560094
4503599627560098
4503599627560101
4503599627560117
4503599627560712
4503599627560804
4503599627560807
4503599627562016
4503599627562788
4503599627563199
4503599627563204
4503599627563207
4503599627567739
4503599627567838
4503599627567892
4503599627567902
4503599627567906
4503599627568217
4503599627568241
4503599627568295
4503599627568304
4503599627568594
4503599627568609
4503599627568617
4503599627570337
4503599627570358
4503599627571029
4503599627571053
4503599627571971
4503599627572128
4503599627572426
4503599627572432
4503599627572605
4503599627572644
4503599627572655
4503599627572661
4503599627572868
4503599627572869
4503599627573309
4503599627573505
4503599627573934
4503599627574556
4503599627574626
4503599627574902
4503599627574916
4503599627575053
4503599627575284
4503599627575292
4503599627575608
4503599627575715
4503599627575717
4503599627575718
4503599627575724
4503599627575732
4503599627575891
4503599627575897
4503599627575900
4503599627575904
4503599627576120
4503599627576124
4503599627576143
4503599627576179
4503599627576257
4503599627576299
4503599627576311
4503599627576313
4503599627577077
4503599627577122
4503599627577415
4503599627577502
4503599627577665
4503599627577725
4503599627577792
4503599627578086
4503599627579366
4503599627579524
4503599627579734
4503599627579842
4503599627579852
4503599627580186
4503599627580826
4503599627580870
4503599627580885
4503599627580891
4503599627581976
4503599627581981
4503599627582101
4503599627583390
4503599627584153
4503599627584749
4503599627584805
4503599627584808
4503599627584902
4503599627585486
4503599627585491
4503599627585547
4503599627585564
4503599627585567
4503599627585576
4503599627585819
4503599627585822
4503599627585968
4503599627585975
4503599627588593
4503599627588644
4503599627590933
4503599627590944
4503599627591804
4503599627593499
4503599627593600
4503599627593614
4503599627593742
4503599627594758
4503599627594770
4503599627594773
4503599627594776
4503599627595478
4503599627595503
4503599627595781
4503599627596250
4503599627596452
4503599627596469
4503599627596585
4503599627596586
4503599627596729
4503599627596733
4503599627596748
4503599627596751
4503599627597103
4503599627599112
4503599627600046
4503599627600064
4503599627600196
4503599627600204
4503599627600752
4503599627601269
4503599627601377
4503599627601635
4503599627602265
4503599627604176
4503599627604179
4503599627604193
4503599627604316
4503599627604319
4503599627604428
4503599627604633
4503599627604637
4503599627604758
4503599627605755
4503599627605780
4503599627605840
4503599627605861
4503599627605862
4503599627606052
4503599627606275
4503599627606802
4503599627606804
4503599627606813
4503599627606830
4503599627606932
4503599627606938
4503599627606944
4503599627607125
4503599627608686
4503599627609937
4503599627610625
4503599627610698
4503599627610700
4503599627611617
4503599627611628
4503599627612104
4503599627612117
4503599627612121
4503599627612197
4503599627612440
4503599627612443
4503599627612464
4503599627612525
4503599627613200
4503599627613202
4503599627613379
4503599627613476
4503599627614004
4503599627614016
4503599627614027
4503599627614123
4503599627614129
4503599627614207
4503599627614341
4503599627614347
4503599627614351
4503599627614352
4503599627614383
4503599627614397
4503599627614400
4503599627614662
4503599627614967
4503599627615009
4503599627616108
4503599627616149
4503599627616178
4503599627616211
4503599627616328
4503599627616333
4503599627616858
4503599627616882
4503599627616883
4503599627616885
4503599627617499
4503599627618897
4503599627619813
4503599627621049
4503599627621067
4503599627621309
4503599627621437
4503599627621448
4503599627621685
4503599627621689
4503599627621690
4503599627622399
4503599627622752
4503599627622760
4503599627622887
4503599627622974
4503599627623020
4503599627623026
4503599627623230
4503599627623233
4503599627623935
4503599627624201
4503599627624213
4503599627624224
4503599627624255
4503599627624341
4503599627624560
4503599627624702
4503599627624708
4503599627626529
4503599627626816
4503599627626817
4503599627626840
4503599627626860
4503599627627132
4503599627627234
4503599627627251
4503599627627252
4503599627627944
4503599627627969
4503599627628029
4503599627628035
4503599627628061
4503599627628419
4503599627628525
4503599627628531
4503599627629207
4503599627629208
4503599627629217
4503599627629245
4503599627629353
4503599627629362
4503599627629433
4503599627629562
4503599627629602
4503599627629631
4503599627629979
4503599627630300
4503599627630305
4503599627630470
4503599627630676
4503599627630745
4503599627630746
4503599627631240
4503599627631241
4503599627631697
4503599627632091
4503599627632391
4503599627632395
4503599627632403
4503599627632705
4503599627632725
4503599627632893
4503599627632894
4503599627632915
4503599627633265
4503599627633316
4503599627634199
4503599627634202
4503599627634224
4503599627634227
4503599627634260
4503599627634278
4503599627634333
4503599627636673
4503599627637199
4503599627637243
4503599627637341
4503599627638536
4503599627639288
4503599627639296
4503599627639297
4503599627639840
4503599627639854
4503599627640553
4503599627640578
4503599627642195
4503599627643111
4503599627643420
4503599627643429
4503599627643532
4503599627643673
4503599627644381
4503599627644964
4503599627644978
4503599627645151
4503599627645176
4503599627646462
4503599627646701
4503599627647906
4503599627647912
4503599627647917
4503599627648202
4503599627648937
4503599627651302
4503599627651354
4503599627651364
4503599627652174
4503599627652259
4503599627653859
4503599627655108
4503599627655113
4503599627655153
4503599627657209
4503599627657210
4503599627657239
4503599627657438
4503599627657444
4503599627658341
4503599627658368
4503599627658593
4503599627659696
4503599627659728
4503599627659741
4503599627660283
4503599627660294
4503599627660381
4503599627660658
4503599627660667
4503599627660757
4503599627661788
4503599627665204
4503599627665289
4503599627665303
4503599627665307
4503599627665354
4503599627666133
4503599627667335
4503599627668698
4503599627668701
4503599627668706
4503599627668715
4503599627668776
4503599627668796
4503599627669715
4503599627669877
4503599627671395
4503599627671455
4503599627671989
4503599627672737
4503599627673445
4503599627673490
4503599627673496
4503599627673497
4503599627673498
4503599627673660
4503599627674351
4503599627674365
4503599627674369
4503599627675250
4503599627676868
4503599627676873
4503599627677513
4503599627677536
4503599627680106
4503599627680159
4503599627680178
4503599627680237
4503599627680272
4503599627681030
4503599627684255
4503599627684295
4503599627684306
4503599627684313
4503599627684334
4503599627686299
4503599627686325
4503599627687700
4503599627688539
4503599627688647
4503599627688648
4503599627688657
4503599627688681
4503599627689067
4503599627689074
4503599627689567
4503599627689581
4503599627689713
4503599627689724
4503599627689750
4503599627689751
4503599627691002
4503599627691018
4503599627691999
4503599627692794
4503599627693751
4503599627693783
4503599627693862
4503599627694024
4503599627694071
4503599627694113
4503599627694141
4503599627695004
4503599627695261
4503599627695274
4503599627697423
4503599627697441
4503599627697445
4503599627697461
4503599627701145
4503599627701146
4503599627701789
4503599627704638
4503599627704743
4503599627704753
4503599627704760
4503599627707084
4503599627708999
4503599627712809
4503599627712824
4503599627712831
4503599627713704
4503599627713714
4503599627715500
4503599627717102
4503599627718360
4503599627719532
4503599627719685
4503599627723696
4503599627728489
4503599627732109
4503599627732116
4503599627732271
4503599627732280
4503599627732449
4503599627734140
4503599627734235
4503599627734237
4503599627734240
4503599627734264
4503599627734268
4503599627734275
4503599627734369
4503599627734386
4503599627736062
4503599627736078
4503599627736266
4503599627738593
4503599627739118
4503599627739392
4503599627739395
4503599627739625
4503599627741231
4503599627741254
4503599627741273
4503599627741303
4503599627742258
4503599627742272
4503599627742279
4503599627742629
4503599627743272
4503599627743281
4503599627743633
4503599627743881
4503599627743905
4503599627744243
4503599627746767
4503599627750341
4503599627752172
4503599627754471
4503599627754520
4503599627754754
4503599627754800
4503599627755128
4503599627755811
4503599627755835
4503599627756213
4503599627757557
4503599627758099
4503599627758144
4503599627759878
45d17cb8-8b93-4541-ae5f-f850aa33f868_1
463015cf-6cee-4f83-a03d-6e63291ec452_1
47a9074d-addb-4423-a63f-eb256c9c2bca_1
47f00187-c532-4f47-a51a-9d58e63b1a4a_1
488c4627-0fbf-4f85-ab19-1cee5652acfa_1
48b40c68-1d33-436b-9749-e4ae27da4ad8_1
4961f366-0e7b-45a3-9fad-89ca9216d473_0
49c9b1f4-26cd-4c10-bfcb-6784ded5f476_0
49ea613a-0568-4961-981c-e457ffec329f_0
4a741b0c-7550-4d88-b37f-34ab431d78fc_1
4b04f760-f047-4248-9789-fba760abea9e_1
4b5877fb-667f-4ede-9ea3-80cd8cccf423_0
4b6352af-c9d7-4121-9569-06e603624d3b_0
4bbbbd4a-23fc-4331-8f15-06fd2f6647b8_1
4be26435-301c-4e31-b624-ddb733fabbf6_0
4c30a7a5-11f3-43ee-b773-1657fe38b6d4_1
4d8ef0f2-7de1-4800-aa21-bc199864b261_1
4da86b63-5c91-4881-9de5-7dd45518cf12_1
4e89480d-3531-4a74-8f83-f182802d7460_1
4ee53e2d-4dea-4a7b-a547-ca00da37cd88_0
4f856b3c-e4e7-4f95-b184-9d4f6bc8ca37_0
4f989e88-2010-4d64-bd5e-624db8e9fc42_1
4f9c28b0-588d-4a8b-8fba-f425105cd259_1
5066549580798920
5066549580813608
5066549580833315
5066549580838919
5066549580851502
5066549580857829
5066549580867224
5066549580875198
5066549580879699
5066549580901589
5066549580901592
5066549580905594
5066549580924280
5066549580924298
5066549580925266
5066549580926485
5066549580926488
5066549580926857
5066549580928496
5066549580928498
5066549580929410
5066549580930294
5066549580930297
5066549580930320
5066549580930645
5066549580930646
5066549580930653
5066549580931658
5066549580933475
5066549580933558
5066549580933561
5066549580933564
5066549580933565
5066549580934412
5066549580934454
5066549580934558
5066549580934566
5066549580935064
5066549580935155
5066549580935166
5066549580935173
5066549580935258
5066549580935271
5066549580935612
5066549580937176
5066549580937196
5066549580937246
5066549580937294
5066549580937309
5066549580937396
5066549580937402
5066549580937817
5066549580937822
5066549580937983
5066549580937984
5066549580938000
5066549580938147
5066549580938151
5066549580938377
5066549580938396
5066549580938652
5066549580938655
5066549580938744
5066549580938746
5066549580938874
5066549580939369
5066549580939436
5066549580939437
5066549580939439
5066549580939541
5066549580939553
5066549580939557
5066549580939606
5066549580939643
5066549580939654
5066549580939655
5066549580939656
5066549580939661
5066549580939755
5066549580939771
5066549580939772
5066549580939774
5066549580939820
5066549580939826
5066549580939832
5066549580939880
5066549580939956
5066549580939958
5066549580940172
5066549580940177
5066549580940340
5066549580940919
5066549580940933
5066549580940940
5066549580941083
5066549580941084
5066549580941195
5066549580941197
5066549580941210
5066549580941383
5066549580941420
5066549580941436
5066549580941482
5066549580941487
5066549580941542
5066549580941548
5066549580941605
5066549580941606
5066549580941702
5066549580941744
5066549580941822
5066549580941825
5066549580941833
5066549580941867
5066549580941886
5066549580942105
5066549580942146
5066549580942163
5066549580942226
5066549580942274
5066549580942280
5066549580942380
5066549580942396
5066549580942432
5066549580942434
5066549580942443
5066549580942607
5066549580942610
5066549580942616
5066549580942667
5066549580942713
5066549580942722
5066549580942872
5066549580942894
5066549580942896
5066549580942935
5066549580942938
5066549580943260
5066549580943268
5066549580943275
5066549580943283
5066549580943318
5066549580943320
5066549580943339
5066549580943344
5066549580943499
5066549580943890
5066549580943892
5066549580944620
5066549580944863
5066549580944931
5066549580944940
5066549580945169
5066549580945359
5066549580945839
5066549580945855
5066549580945858
5066549580946388
5066549580946389
5066549580946616
5066549580946622
5066549580946633
5066549580946635
5066549580946671
5066549580946691
5066549580947148
5066549580947154
5066549580947159
5066549580947170
5066549580947206
5066549580947228
5066549580947318
5066549580947326
5066549580947330
5066549580947379
5066549580947399
5066549580947427
5066549580947447
5066549580947564
5066549580947606
5066549580947607
5066549580947752
5066549580947854
5066549580947856
5066549580947942
5066549580947946
5066549580949398
5066549580949411
5066549580949422
5066549580949454
5066549580950265
5066549580950350
5066549580950592
5066549580950948
5066549580952283
5066549580952293
5066549580955327
5066549580956020
5066549580956564
5066549580956614
5066549580956663
5066549580956773
5066549580956793
5066549580957897
5066549580957903
5066549580957906
5066549580957974
5066549580957976
5066549580957980
5066549580958078
5066549580958184
5066549580958190
5066549580958408
5066549580958409
5066549580958722
5066549580958728
5066549580958730
5066549580958777
5066549580958790
5066549580958800
5066549580958802
5066549580958804
5066549580958894
5066549580958902
5066549580958912
5066549580958913
5066549580959215
5066549580959217
5066549580959354
5066549580960114
5066549580960232
5066549580960235
5066549580960241
5066549580960292
5066549580960294
5066549580960303
5066549580960919
5066549580960939
5066549580961092
5066549580961110
5066549580961257
5066549580961416
5066549580961417
5066549580961422
5066549580961434
5066549580962097
5066549580962098
5066549580962108
5066549580962119
5066549580962173
5066549580962181
5066549580962221
5066549580962222
5066549580962227
5066549580962240
5066549580962242
5066549580962248
5066549580962502
5066549580962509
5066549580962512
5066549580963251
5066549580963264
5066549580963485
5066549580963492
5066549580963493
5066549580963605
5066549580963735
5066549580963741
5066549580963788
5066549580963844
5066549580963853
5066549580963909
5066549580963956
5066549580964445
5066549580964486
5066549580964506
5066549580964744
5066549580964749
5066549580964791
5066549580964803
5066549580965020
5066549580965026
5066549580965031
5066549580965205
5066549580965218
5066549580965723
5066549580965769
5066549580965781
5066549580965784
5066549580966631
5066549580966721
5066549580966722
5066549580966725
5066549580966743
5066549580966789
5066549580966790
5066549580966801
5066549580966803
5066549580967239
5066549580967249
5066549580967379
5066549580967388
5066549580967400
5066549580967548
5066549580967571
5066549580967572
5066549580967655
5066549580967662
5066549580967722
5066549580967736
5066549580968076
5066549580968084
5066549580968086
5066549580968228
5066549580968241
5066549580968657
5066549580968660
5066549580968903
5066549580969471
5066549580969491
5066549580969540
5066549580969543
5066549580969548
5066549580969710
5066549580969816
5066549580970130
5066549580970133
5066549580970135
5066549580970137
5066549580970149
5066549580970519
5066549580971040
5066549580971067
5066549580971096
5066549580971120
5066549580971121
5066549580971122
5066549580971179
5066549580971214
5066549580971224
5066549580971319
5066549580971320
5066549580971380
5066549580971494
5066549580971495
5066549580971496
5066549580971501
5066549580971511
5066549580972117
5066549580972189
5066549580972244
5066549580972254
5066549580972288
5066549580972881
5066549580973876
5066549580974007
5066549580974009
5066549580974196
5066549580974486
5066549580974488
5066549580974494
5066549580974496
5066549580975153
5066549580977011
5066549580977304
5066549580977439
5066549580977530
5066549580977766
5066549580978381
5066549580978399
5066549580978636
5066549580978738
5066549580978744
5066549580979112
5066549580979124
5066549580979406
5066549580979706
5066549580979709
5066549580979731
5066549580979742
5066549580980419
5066549580980460
5066549580980587
5066549580980611
5066549580980612
5066549580980840
5066549580980846
5066549580980921
5066549580980951
5066549580981074
5066549580981280
5066549580981378
5066549580981385
5066549580981718
5066549580982177
5066549580982269
5066549580982312
5066549580982333
5066549580982343
5066549580982348
5066549580982349
5066549580982350
5066549580982408
5066549580982574
5066549580982650
5066549580982653
5066549580983285
5066549580983304
5066549580983405
5066549580983428
5066549580984473
5066549580984660
5066549580984662
5066549580984695
5066549580984742
5066549580984760
5066549580984822
5066549580984823
5066549580984843
5066549580984844
5066549580984878
5066549580984900
5066549580984908
5066549580984909
5066549580984987
5066549580985067
5066549580985073
5066549580985692
5066549580985714
5066549580986075
5066549580986091
5066549580986299
5066549580986319
5066549580986521
5066549580986522
5066549580986530
5066549580986551
5066549580987086
5066549580987838
5066549580988081
5066549580988216
5066549580988234
5066549580988373
5066549580988400
5066549580988687
5066549580988809
5066549580989111
5066549580989365
5066549580989397
5066549580989433
5066549580989793
5066549580989829
5066549580989953
5066549580989955
5066549580989974
5066549580990137
5066549580990200
5066549580990267
5066549580990398
5066549580990417
5066549580990866
5066549580990936
5066549580991347
5066549580991450
5066549580991453
5066549580991467
5066549580992064
5066549580992302
5066549580992579
5066549580992580
5066549580993077
5066549580993184
5066549580993190
5066549580993199
5066549580994056
5066549580994261
5066549580994266
5066549580994763
5066549580995179
5066549580995185
5066549580995195
5066549580995231
5066549580995243
5066549580995705
5066549580996199
5066549580996227
5066549580996228
5066549580996419
5066549580996440
5066549580996756
5066549580996804
5066549580997838
5066549580997883
5066549580997917
5066549580997976
5066549580998654
5066549580998674
5066549580998898
5066549580998931
5066549580999223
5066549580999226
5066549580999422
5066549580999542
5066549580999823
5066549581000245
5066549581000249
5066549581000250
5066549581000324
5066549581000326
5066549581000344
5066549581000432
5066549581000446
5066549581000525
5066549581000642
5066549581000646
5066549581000931
5066549581000939
5066549581000992
5066549581001023
5066549581001046
5066549581001053
5066549581001099
5066549581001492
5066549581001494
5066549581001521
5066549581001577
5066549581001730
5066549581001751
5066549581001818
5066549581001836
5066549581001982
5066549581001989
5066549581001991
5066549581002176
5066549581002374
5066549581002390
5066549581002401
5066549581002458
5066549581002596
5066549581002690
5066549581002988
5066549581003255
5066549581003263
5066549581003324
5066549581003336
5066549581003690
5066549581003693
5066549581004182
5066549581004205
5066549581004704
5066549581004717
5066549581004729
5066549581004741
5066549581004891
5066549581004914
5066549581004917
5066549581005011
5066549581005230
5066549581005405
5066549581005432
5066549581005436
5066549581005439
5066549581005580
5066549581005652
5066549581005657
5066549581005683
5066549581005824
5066549581005834
5066549581005954
5066549581006720
5066549581006801
5066549581006810
5066549581006824
5066549581006979
5066549581007085
5066549581007194
5066549581007215
5066549581007235
5066549581007684
5066549581007706
5066549581007807
5066549581007810
5066549581007849
5066549581007853
5066549581007854
5066549581007879
5066549581007949
5066549581008024
5066549581008211
5066549581008260
5066549581008262
5066549581008324
5066549581008773
5066549581008902
5066549581008907
5066549581008921
5066549581009091
5066549581009093
5066549581009557
5066549581009712
5066549581009723
5066549581009728
5066549581009881
5066549581009914
5066549581009919
5066549581009928
5066549581010025
5066549581010048
5066549581010197
5066549581010204
5066549581010239
5066549581010265
5066549581010401
5066549581010461
5066549581010747
5066549581010761
5066549581010879
5066549581010905
5066549581010907
5066549581010918
5066549581010924
5066549581011178
5066549581011192
5066549581011567
5066549581011886
5066549581011891
5066549581011898
5066549581012064
5066549581013236
5066549581013245
5066549581013251
5066549581013252
5066549581013659
5066549581013715
5066549581013739
5066549581013777
5066549581013795
5066549581013798
5066549581013800
5066549581014098
5066549581014293
5066549581014499
5066549581014663
5066549581014664
5066549581014682
5066549581014709
5066549581014924
5066549581014928
5066549581015018
5066549581015020
5066549581015021
5066549581015037
5066549581015339
5066549581015368
5066549581015375
5066549581015417
5066549581015486
5066549581015510
5066549581015801
5066549581015870
5066549581015950
5066549581015966
5066549581015971
5066549581015974
5066549581015991
5066549581016020
5066549581016053
5066549581016145
5066549581016565
5066549581016749
5066549581016752
5066549581016982
5066549581017009
5066549581017188
5066549581017225
5066549581017232
5066549581017535
5066549581017867
5066549581017890
5066549581017906
5066549581017926
5066549581017950
5066549581018124
5066549581018131
5066549581018172
5066549581018178
5066549581018361
5066549581018597
5066549581018598
5066549581018938
5066549581018939
5066549581019086
5066549581019087
5066549581019184
5066549581019205
5066549581019240
5066549581019276
5066549581019319
5066549581020152
5066549581020436
5066549581020617
5066549581020654
5066549581020692
5066549581020717
5066549581020718
5066549581020720
5066549581020798
5066549581020805
5066549581021204
5066549581021979
5066549581022813
5066549581023098
5066549581023347
5066549581023351
5066549581023368
5066549581023431
5066549581023550
5066549581023773
5066549581023930
5066549581023948
5066549581023951
5066549581024050
5066549581024080
5066549581024121
5066549581024148
5066549581024190
5066549581024445
5066549581024450
5066549581024523
5066549581024524
5066549581024764
5066549581024771
5066549581024990
5066549581025741
5066549581025748
5066549581025749
5066549581025846
5066549581025893
5066549581026193
5066549581026410
5066549581026441
5066549581026476
5066549581026654
5066549581026760
5066549581026766
5066549581026842
5066549581026867
5066549581027398
5066549581028361
5066549581028903
5066549581028907
5066549581028929
5066549581029056
5066549581029336
5066549581029348
5066549581029399
5066549581029426
5066549581029790
5066549581029802
5066549581029888
5066549581029901
5066549581029925
5066549581029938
5066549581029948
5066549581029960
5066549581030005
5066549581030019
5066549581030071
5066549581030072
5066549581030108
5066549581030125
5066549581030145
5066549581030146
5066549581030178
5066549581030180
5066549581030195
5066549581030292
5066549581030459
5066549581030464
5066549581030478
5066549581030567
5066549581030569
5066549581030577
5066549581030653
5066549581030655
5066549581030689
5066549581030691
5066549581030731
5066549581031131
5066549581031132
5066549581031136
5066549581031415
5066549581031434
5066549581031542
5066549581031549
5066549581031559
5066549581031661
5066549581031686
5066549581031742
5066549581031745
5066549581031785
5066549581031800
5066549581031802
5066549581032282
5066549581032400
5066549581032474
5066549581032479
5066549581032483
5066549581032506
5066549581032519
5066549581032521
5066549581032548
5066549581032549
5066549581032639
5066549581032652
5066549581032726
5066549581032829
5066549581032948
5066549581033010
5066549581033093
5066549581033273
5066549581033275
5066549581033282
5066549581033296
5066549581033482
5066549581033537
5066549581033538
5066549581033553
5066549581033555
5066549581033561
5066549581033581
5066549581033855
5066549581033873
5066549581033961
5066549581033978
5066549581033981
5066549581034050
5066549581034535
5066549581036465
5066549581036514
5066549581036521
5066549581036528
5066549581036641
5066549581036687
5066549581036696
5066549581036704
5066549581037274
5066549581037307
5066549581037435
5066549581037479
5066549581037481
5066549581037571
5066549581037575
5066549581037717
5066549581037736
5066549581037742
5066549581037745
5066549581037789
5066549581037809
5066549581038016
5066549581038222
5066549581038261
5066549581038321
5066549581038350
5066549581038505
5066549581038510
5066549581038512
5066549581038517
5066549581038537
5066549581038553
5066549581038562
5066549581038901
5066549581038927
5066549581039454
5066549581039747
5066549581039786
5066549581039824
5066549581039831
5066549581039842
5066549581040290
5066549581040312
5066549581040341
5066549581040524
5066549581040547
5066549581040762
5066549581041091
5066549581041136
5066549581041163
5066549581041169
5066549581041174
5066549581041191
5066549581041276
5066549581041411
5066549581041428
5066549581041542
5066549581041558
5066549581041560
5066549581041683
5066549581041696
5066549581041721
5066549581041723
5066549581041827
5066549581041946
5066549581042037
5066549581042046
5066549581042489
5066549581042518
5066549581042750
5066549581042845
5066549581042858
5066549581042991
5066549581043010
5066549581043021
5066549581043029
5066549581043075
5066549581043097
5066549581043227
5066549581043455
5066549581043478
5066549581043502
5066549581043540
5066549581043613
5066549581043619
5066549581043625
5066549581043646
5066549581043699
5066549581043855
5066549581043870
5066549581044082
5066549581044096
5066549581044099
5066549581044288
5066549581044315
5066549581044697
5066549581044769
5066549581044771
5066549581044779
5066549581044834
5066549581044881
5066549581044897
5066549581044902
5066549581044925
5066549581045274
5066549581045297
5066549581045390
5066549581045628
5066549581045784
5066549581045787
5066549581045849
5066549581045850
5066549581045856
5066549581046185
5066549581046445
5066549581046558
5066549581046690
5066549581046691
5066549581046746
5066549581046950
5066549581046987
5066549581046998
5066549581047084
5066549581047101
5066549581047112
5066549581047335
5066549581047486
5066549581047549
5066549581047739
5066549581047927
5066549581048191
5066549581048704
5066549581049226
5066549581049236
5066549581050402
5066549581050458
5066549581050890
5066549581050895
5066549581051277
5066549581051498
5066549581051536
5066549581051989
5066549581051991
5066549581051997
5066549581052029
5066549581052152
5066549581052165
5066549581053164
5066549581053208
5066549581053214
5066549581053358
5066549581053431
5066549581053788
5066549581053997
5066549581054096
5066549581054104
5066549581054147
5066549581054352
5066549581054481
5066549581054482
5066549581055108
5066549581055235
5066549581055337
5066549581055348
5066549581055357
5066549581055456
5066549581055457
5066549581056350
5066549581056387
5066549581056641
5066549581056643
5066549581056718
5066549581056780
5066549581056962
5066549581056994
5066549581056998
5066549581057407
5066549581057408
5066549581057450
5066549581057839
5066549581058264
5066549581058321
5066549581059423
5066549581059559
5066549581059742
5066549581060311
5066549581060821
5066549581061349
5066549581061435
5066549581061459
5066549581061463
5066549581061704
5066549581061709
5066549581061796
5066549581061797
5066549581063339
5066549581064128
5066549581064206
5066549581064313
5066549581064316
5066549581064318
5066549581064884
5066549581064887
5066549581065172
5066549581065184
5066549581065557
5066549581066066
5066549581066199
5066549581066475
5066549581066566
508ebbf0-85ea-4c47-b7e1-fca1fa76026c_0
50d3845c-6b78-4ae8-b564-7ac240b811a8_0
50eac767-1a2c-4342-a542-24a15d3fde5c_0
517e4120-8bb4-4085-8bc9-2e12a95a323f_0
519b41b9-bcc0-442f-9290-388c8f8eac27_0
51a611c5-2ecc-41ea-acf0-65a140117ce9_0
51bac4c6-5dad-4bed-bd00-006c5d2c4393_1
51cd4fc8-21a5-485b-98a0-c6ee632f8abd_1
51f004f2-dec3-49f7-af29-8387a1abd8e8_1
520d7326-9751-4d81-96bc-5b81c8854b7d_1
52a9a36b-882d-4d98-aa04-da684af2a887_1
52b454e4-2ab9-434b-86a3-cbe672126703_0
52beff8c-4401-4028-86b8-a08b26640f1b_0
52d972e8-a374-4dfa-8bec-c37d69756ea4_0
5316a8af-d46b-47d4-9c3e-fbfd296ec0af_0
5348024557539354
5348024557550070
5348024557551745
5348024557554408
5348024557575333
5348024557602445
5348024557625163
5348024557627588
5348024557632026
5348024557665278
5348024557708963
5348024557709545
5348024557735587
5348024557741725
5348024557766038
5348024557769409
5348024557770166
5348024557771092
5348024557771103
5348024557771347
5348024557775390
5348024557775905
5348024557776136
5348024557776154
5348024557776254
5348024557776255
5348024557778526
5348024557778535
5348024557783271
5348024557783287
5348024557793784
5348024557802297
5348024557804054
5348024557804062
5348024557805172
5348024557805205
5348024557807749
5348024557809282
5348024557809291
5348024557811452
5348024557811457
5348024557811984
5348024557819535
5348024557820583
5348024557821280
5348024557829912
5348024557832426
5348024557838756
5348024557839460
5348024557840030
5348024557840062
5348024557840182
5348024557840183
5348024557847819
5348024557855131
5348024557855762
5348024557855775
5348024557856545
5348024557856894
5348024557857636
5348024557857972
5348024557862062
5348024557862076
5348024557867165
5348024557873533
5348024557873771
5348024557873849
5348024557873852
5348024557874337
5348024557874394
5348024557874405
5348024557875394
5348024557876603
5348024557876824
5348024557876995
5348024557877256
5348024557877309
5348024557877764
5348024557878272
5348024557878865
5348024557879897
5348024557880409
5348024557881659
5348024557882400
5348024557882433
5348024557882448
5348024557883007
5348024557883377
5348024557883577
5348024557883891
5348024557884950
5348024557885516
5348024557885899
5348024557886150
5348024557886625
5348024557887052
5348024557887479
5348024557888736
5348024557888948
5348024557889534
5348024557889590
5348024557889592
5348024557889656
5348024557890256
5348024557890446
5348024557891115
5348024557892274
5348024557892284
5348024557892286
5348024557892440
5348024557892806
5348024557893566
5348024557893765
5348024557893781
5348024557894380
5348024557894406
5348024557894727
5348024557894729
5348024557895727
5348024557897769
5348024557898102
5348024557898164
5348024557898254
5348024557898841
5348024557899251
5348024557899259
5348024557899507
5348024557899519
5348024557899520
5348024557899526
5348024557899536
5348024557899580
5348024557899866
5348024557899876
5348024557899892
5348024557899904
5348024557899977
5348024557900101
5348024557900134
5348024557900140
5348024557900178
5348024557900514
5348024557900659
5348024557901208
5348024557901404
5348024557901556
5348024557901601
5348024557901718
5348024557901748
5348024557902102
5348024557902149
5348024557902181
5348024557902659
5348024557902660
5348024557902662
5348024557902684
5348024557902996
5348024557903250
5348024557903667
5348024557904238
5348024557904282
5348024557904308
5348024557904601
5348024557904898
5348024557905332
5348024557906246
5348024557907519
5348024557907534
5348024557907542
5348024557909112
5348024557909135
5348024557909152
5348024557909336
5348024557909341
5348024557909566
5348024557909676
5348024557909729
5348024557909963
5348024557911667
5348024557911749
5348024557911966
5348024557912068
5348024557912262
5348024557912285
5348024557912326
5348024557912332
5348024557912366
5348024557912389
5348024557912483
5348024557912484
5348024557912503
5348024557912514
5348024557912683
5348024557912684
5348024557912692
5348024557912699
5348024557912855
5348024557913196
5348024557913287
5348024557913327
5348024557913789
5348024557914014
5348024557914378
5348024557914413
5348024557914427
5348024557914441
5348024557914688
5348024557914694
5348024557914883
5348024557914887
5348024557914889
5348024557914911
5348024557914926
5348024557915006
5348024557915261
5348024557915265
5348024557915281
5348024557915295
5348024557915852
5348024557916052
5348024557916137
5348024557916171
5348024557916414
5348024557916694
5348024557916817
5348024557917174
5348024557917429
5348024557917482
5348024557917490
5348024557918497
5348024557918530
5348024557918581
5348024557918982
5348024557919131
5348024557919267
5348024557919381
5348024557920113
5348024557920115
5348024557920446
5348024557921000
5348024557921189
5348024557921235
5348024557921252
5348024557921399
5348024557921500
5348024557921505
5348024557921709
5348024557921815
5348024557922054
5348024557922061
5348024557922106
5348024557922146
5348024557922169
5348024557922184
5348024557922259
5348024557922260
5348024557922708
5348024557923369
5348024557923459
5348024557923630
5348024557923652
5348024557923655
5348024557923874
5348024557923884
5348024557924014
5348024557924113
5348024557924266
5348024557924287
5348024557924356
5348024557924585
5348024557924616
5348024557924739
5348024557924747
5348024557925279
5348024557925335
5348024557925338
5348024557925354
5348024557925355
5348024557925368
5348024557925414
5348024557925425
5348024557925450
5348024557925483
5348024557925518
5348024557925523
5348024557925582
5348024557925780
5348024557925947
5348024557925972
5348024557926053
5348024557926115
5348024557926137
5348024557926220
5348024557926225
5348024557926238
5348024557926264
5348024557926428
5348024557926593
5348024557926828
5348024557926830
5348024557927332
5348024557927462
5348024557927498
5348024557927700
5348024557927702
5348024557927755
5348024557927847
5348024557928060
5348024557928073
5348024557928209
5348024557928214
5348024557928215
5348024557928460
5348024557928554
5348024557928584
5348024557928602
5348024557928643
5348024557928809
5348024557929258
5348024557929357
5348024557929463
5348024557929647
5348024557929680
5348024557929741
5348024557929753
5348024557929893
5348024557929959
5348024557929960
5348024557929977
5348024557929985
5348024557930020
5348024557930028
5348024557930810
5348024557930958
5348024557931079
5348024557932191
5348024557932468
5348024557932469
5348024557932476
5348024557933615
5348024557934116
5348024557936529
5348024557936827
5348024557936845
5348024557936846
5348024557938097
5348024557938282
5348024557938310
5348024557938337
5348024557938352
5348024557938357
5348024557938362
5348024557938375
5348024557947784
5348024557947794
5348024557947805
5348024557948335
5348024557952408
5348024557952613
5348024557952692
5348024557952726
5348024557952732
5348024557952734
5348024557953736
5348024557953739
5348024557953792
5348024557953843
5348024557953847
5348024557954104
5348024557956324
5348024557956566
5348024557956603
5348024557956608
5348024557956948
5348024557956957
5348024557957312
5348024557958281
5348024557958288
5348024557958606
5348024557960630
5348024557960737
5348024557961437
5348024557961443
5348024557961714
5348024557962194
5348024557962205
5348024557962835
5348024557962842
5348024557963105
5348024557963113
5348024557963395
5348024557963397
5348024557963485
5348024557963831
5348024557964212
5348024557964309
5348024557964499
5348024557964595
5348024557964681
5348024557964937
5348024557965042
5348024557965071
5348024557965089
5348024557965803
5348024557966127
5348024557966197
5348024557966250
5348024557966758
5348024557966759
5348024557967625
5348024557967633
5348024557967850
5348024557967851
5348024557967852
5348024557968211
5348024557968244
5348024557968245
5348024557968869
5348024557968872
5348024557968904
5348024557968940
5348024557969746
5348024557969747
5348024557969875
5348024557970018
5348024557970155
5348024557970320
5348024557970321
5348024557970934
5348024557970942
5348024557971251
5348024557971308
5348024557973783
5348024557973915
5348024557974347
5348024557974348
5348024557974996
5348024557975039
5348024557975368
5348024557975555
5348024557976359
5348024557976391
5348024557977087
5348024557977618
5348024557978144
5348024557978246
5348024557978257
5348024557979445
5348024557979750
5348024557979846
5348024557980159
5348024557980166
5348024557980225
5348024557980884
5348024557981352
5348024557981353
5348024557981357
5348024557981665
5348024557982283
5348024557982375
5348024557982932
5348024557982970
5348024557982977
5348024557983408
5348024557983676
5348024557983748
5348024557984008
5348024557984865
5348024557985339
5348024557986865
5348024557987010
5348024557987013
5348024557994993
5348024557995002
5348024557995760
5348024557995789
5348024557996904
5348024557997455
5348024557998035
5348024557998040
5348024557998042
5348024557998161
5348024557998176
5348024557998304
5348024557998523
5348024557998881
5348024557999054
5348024557999179
5348024557999181
5348024557999316
5348024557999451
5348024557999534
5348024558000203
5348024558000206
5348024558000246
5348024558000308
5348024558000491
5348024558000731
5348024558000736
5348024558000771
5348024558000785
5348024558000792
5348024558001203
5348024558001206
5348024558001274
5348024558002093
5348024558002588
5348024558002647
5348024558002725
5348024558002894
5348024558003697
5348024558003734
5348024558003752
5348024558003757
5348024558003883
5348024558003897
5348024558003900
5348024558004042
5348024558004112
5348024558004115
5348024558004133
5348024558004197
5348024558004205
5348024558004249
5348024558004726
5348024558004731
5348024558004733
5348024558005046
5348024558005051
5348024558005053
5348024558005194
5348024558005305
5348024558005333
5348024558005549
5348024558005683
5348024558005976
5348024558006467
5348024558006645
5348024558007353
5348024558007611
5348024558007692
5348024558007922
5348024558008132
5348024558008190
5348024558008250
5348024558008929
5348024558009566
5348024558010053
5348024558010116
5348024558010514
5348024558010765
5348024558010914
5348024558010915
5348024558010916
5348024558010922
5348024558014137
5348024558014380
5348024558014422
5348024558014519
5348024558014522
5348024558015613
5348024558015651
5348024558016056
5348024558016057
5348024558017315
5348024558017356
5348024558017609
5348024558018599
5348024558018600
5348024558018601
5348024558018606
5348024558018842
5348024558018901
5348024558018997
5348024558019781
5348024558019963
5348024558020868
5348024558021753
5348024558021755
5348024558021761
5348024558021910
5348024558022310
5348024558022335
5348024558022339
5348024558022632
5348024558023174
5348024558023782
5348024558023808
5348024558025894
5348024558025921
5348024558031332
5348024558031823
5348024558033078
5348024558033083
5348024558033196
5348024558033197
5348024558033799
5348024558034274
5348024558035688
5348024558036639
5348024558036924
5348024558038170
5348024558038189
5348024558038228
5348024558038464
5348024558038490
5348024558039398
5348024558039682
5348024558039683
5348024558040384
5348024558040695
5348024558040780
5348024558041026
5348024558041044
5348024558041416
5348024558042954
5348024558042955
5348024558043003
5348024558043017
5348024558043380
5348024558043575
5348024558043577
5348024558043586
5348024558044153
5348024558044159
5348024558044212
5348024558044523
5348024558044579
5348024558044650
5348024558045062
5348024558045095
5348024558045097
5348024558045107
5348024558045114
5348024558045117
5348024558045230
5348024558045234
5348024558045436
5348024558045592
5348024558046877
5348024558046879
5348024558047016
5348024558047074
5348024558047510
5348024558047511
5348024558047867
5348024558047889
5348024558047894
5348024558047925
5348024558048209
5348024558048511
5348024558048728
5348024558048735
5348024558048755
5348024558048832
5348024558049030
5348024558049103
5348024558049129
5348024558049278
5348024558049316
5348024558049448
5348024558049865
5348024558050359
5348024558050366
5348024558050378
5348024558050423
5348024558050901
5348024558050929
5348024558050975
5348024558051049
5348024558051168
5348024558051192
5348024558051204
5348024558051212
5348024558051215
5348024558051262
5348024558051374
5348024558051401
5348024558051406
5348024558052902
5348024558052984
5348024558053169
5348024558053206
5348024558053387
5348024558053475
5348024558053537
5348024558054648
5348024558054896
5348024558058717
5348024558058721
5348024558058740
5348024558059238
5348024558059854
5348024558060345
5348024558060355
5348024558060358
5348024558060359
5348024558060362
5348024558061072
5348024558061667
5348024558061837
5348024558062075
5348024558062107
5348024558062870
5348024558063025
5348024558063030
5348024558063366
5348024558063383
5348024558063388
5348024558063650
5348024558063654
5348024558063760
5348024558063836
5348024558063854
5348024558065505
5348024558066380
5348024558067496
5348024558067589
5348024558067989
5348024558068035
5348024558068479
5348024558069282
5348024558069597
5348024558072571
5348024558072857
5348024558072892
5348024558072929
5348024558073780
5348024558073796
5348024558073802
5348024558073813
5348024558073825
5348024558074283
5348024558074306
5348024558074316
5348024558075144
5348024558075881
5348024558075923
5348024558076048
5348024558076061
5348024558076136
5348024558077016
5348024558079406
5348024558079437
5348024558080875
5348024558080887
5348024558080934
5348024558081094
5348024558081114
5348024558091972
5371ffc1-ef21-4542-93d7-2aede17b5fdb_0
53765fa3-a2d1-483c-a645-0ae7604499cd_0
539fbd20-6fee-4e2c-95d7-bba1d15b2442_1
54438859-a4c7-40fa-b35a-340b1422f81e_0
553724a9-f7b6-4790-809f-2b770e7126e0_0
5592c7d1-63f3-4a8e-a438-5493784ece46_0
5592c7d1-63f3-4a8e-a438-5493784ece46_1
562949953424457
562949953426555
562949953427524
562949953427546
562949953428456
562949953428473
562949953428477
562949953428480
562949953428487
562949953428511
562949953428748
562949953429225
562949953431741
562949953431764
562949953431777
562949953431778
562949953431870
562949953431885
562949953431896
562949953431911
562949953431921
562949953432278
562949953432322
562949953432339
562949953432340
562949953432370
562949953433882
562949953433883
562949953433894
562949953433915
562949953434566
562949953437532
562949953438464
562949953438469
562949953438472
562949953438474
562949953438475
562949953438490
562949953439840
562949953440337
562949953440842
562949953440857
562949953440863
562949953440866
562949953440876
562949953440884
562949953441119
562949953441243
562949953441330
562949953444038
562949953444611
562949953444631
562949953450096
562949953450097
562949953450104
562949953450117
562949953450716
562949953451352
562949953451366
562949953451369
562949953451376
562949953451389
562949953454050
562949953454054
562949953454056
562949953454074
562949953454111
562949953455877
562949953455880
562949953455899
562949953455904
562949953455911
562949953457298
562949953457309
562949953457312
562949953457322
562949953457484
562949953457486
562949953457496
562949953457500
562949953457765
562949953457792
562949953458549
562949953458555
562949953458556
562949953458568
562949953458657
562949953458661
562949953459722
562949953459778
562949953459792
562949953459806
562949953460362
562949953460394
562949953460810
562949953460816
562949953460820
562949953460829
562949953460859
562949953461433
562949953461444
562949953461448
562949953462050
562949953462059
562949953462060
562949953462063
562949953462067
562949953462069
562949953462072
562949953462073
562949953463218
562949953463476
562949953463480
562949953463493
562949953463498
562949953464629
562949953464637
562949953465076
562949953465078
562949953465176
562949953465182
562949953465194
562949953466599
562949953466606
562949953468145
562949953468147
562949953468159
562949953468160
562949953468162
562949953468163
562949953470701
562949953470808
562949953470810
562949953470818
562949953470824
562949953470829
562949953473413
562949953473888
562949953473898
562949953473919
562949953473929
562949953476972
562949953476981
562949953476994
562949953477015
562949953477017
562949953478293
562949953478295
562949953480601
562949953480613
562949953480620
562949953480623
562949953482787
562949953482791
562949953482812
562949953482827
562949953487996
562949953488587
562949953488592
562949953488594
562949953488597
562949953488619
562949953488624
562949953492477
562949953492488
562949953492520
562949953492524
562949953492894
562949953492898
562949953492914
562949953492916
562949953497040
562949953497045
562949953497071
562949953497086
562949953497096
562949953500442
562949953500443
562949953500457
562949953500458
562949953500496
562949953501828
562949953501829
562949953501864
562949953502138
562949953502151
562949953502175
562949953505176
562949953505181
562949953505190
562949953505191
562949953505193
562949953507294
562949953507298
562949953507307
562949953507312
562949953507313
562949953507315
562949953507325
562949953507327
562949953507336
562949953507499
562949953507669
562949953507675
562949953507714
562949953508951
562949953513110
562949953513118
562949953513121
562949953513135
562949953513143
562949953514953
562949953514955
562949953514966
562949953515030
562949953515352
562949953515363
562949953516295
562949953516637
562949953517132
562949953517711
562949953517912
562949953517913
562949953522141
562949953522144
562949953522309
562949953522336
562949953522362
562949953522364
562949953522375
562949953522393
562949953522398
562949953522822
562949953522830
562949953522835
562949953522871
562949953522885
562949953522889
562949953523007
562949953523043
562949953523394
562949953523395
562949953523409
562949953523451
562949953523456
562949953523462
562949953523465
562949953523515
562949953523528
562949953523535
562949953523936
562949953523944
562949953523954
562949953523963
562949953525344
562949953525351
562949953525796
562949953525962
562949953525969
562949953525978
562949953526296
562949953526298
562949953526305
562949953526426
562949953526453
562949953526456
562949953526963
562949953526966
562949953526980
562949953526984
562949953526986
562949953527008
562949953527517
562949953527518
562949953527524
562949953527525
562949953527527
562949953527572
562949953527583
562949953527590
562949953527600
562949953527704
562949953527705
562949953527743
562949953527748
562949953528337
562949953528343
562949953528848
562949953528861
562949953529305
562949953529329
562949953529332
562949953529333
562949953529343
562949953529344
562949953529366
562949953530095
562949953530111
562949953530130
562949953530594
562949953530601
562949953530824
562949953530835
562949953530878
562949953530947
562949953530951
562949953530985
562949953530993
562949953531009
562949953531019
562949953531131
562949953531132
562949953531147
562949953531149
562949953531165
562949953531197
562949953531443
562949953531444
562949953531448
562949953531449
562949953531472
562949953531515
562949953531530
562949953531545
562949953531834
562949953532371
562949953532374
562949953532718
562949953532733
562949953533594
562949953533609
562949953534314
562949953534340
562949953534343
562949953534926
562949953535165
562949953535252
562949953535865
562949953535868
562949953535873
562949953535890
562949953538042
562949953538662
562949953538666
562949953538667
562949953538676
562949953538687
562949953538688
562949953539120
562949953539128
562949953539131
562949953539143
562949953539146
562949953539324
562949953539326
562949953539328
562949953539599
562949953539617
562949953539623
562949953539624
562949953539666
562949953539683
562949953539724
562949953539738
562949953540110
562949953540127
562949953540147
562949953540214
562949953540481
562949953540483
562949953540485
562949953540871
562949953541328
562949953541383
562949953541405
562949953542475
562949953542488
562949953542491
562949953542762
562949953542767
562949953542772
562949953542773
562949953542774
562949953542838
562949953542854
562949953542855
562949953542966
562949953543004
562949953543060
562949953543074
562949953543084
562949953543494
562949953543498
562949953543506
562949953543508
562949953545577
562949953545952
562949953545970
562949953545981
562949953546170
562949953546185
562949953546249
562949953546436
562949953549012
562949953549023
562949953549025
562949953549029
562949953549034
562949953549140
562949953549197
562949953549271
562949953549490
562949953549492
562949953549495
562949953549504
562949953549931
562949953549938
562949953551339
562949953551362
562949953552231
562949953552750
562949953552932
562949953552934
562949953552981
562949953552985
562949953552988
562949953553002
562949953553121
562949953553126
562949953553129
562949953553566
562949953554215
562949953554224
562949953554284
562949953554325
562949953554326
562949953554720
562949953554777
562949953554821
562949953554831
562949953556679
562949953556999
562949953557009
562949953559477
562949953559481
562949953575195
562949953598331
562949953600621
562949953600624
562949953600625
562949953600644
562949953619450
562949953625518
562949953627834
562949953628042
562949953628049
562949953628663
562949953631974
562949953633295
562949953633302
562949953633316
562949953634014
562949953634024
562949953634026
562949953634068
562949953634330
562949953634333
562949953634350
562949953635141
562949953635158
562949953635221
562949953638671
562949953639213
562949953640425
562949953640446
562949953640448
562949953641484
562949953641485
562949953641487
562949953641489
562949953641859
562949953641865
562949953641873
562949953641876
562949953641892
562949953643507
562949953643508
562949953643526
562949953643545
562949953644420
562949953644437
562949953644438
562949953644455
562949953644463
562949953652321
562949953652329
562949953652918
562949953655133
562949953655134
562949953655135
562949953655137
562949953655144
562949953661941
562949953661945
562949953661956
562949953671139
562949953671194
562949953671611
562949953671972
562949953672332
562949953672340
562949953672679
562949953672686
562949953672688
562949953672689
562949953672691
562949953672697
562949953673324
562949953673331
562949953673334
562949953673364
562949953673883
562949953676190
562949953676209
562949953681666
562949953681673
562949953681674
562949953681706
562949953683019
562949953683022
562949953683035
562949953683054
562949953683069
562949953683936
562949953683944
562949953683959
562949953683962
562949953684497
562949953684991
562949953684994
562949953685000
562949953685001
562949953685002
562949953685030
562949953685961
562949953685976
562949953685983
562949953686514
562949953686525
562949953686626
562949953686636
562949953686645
562949953686869
562949953686874
562949953686876
562949953686900
562949953686906
562949953687115
562949953687120
562949953687141
562949953687901
562949953687906
562949953687907
562949953688389
562949953688403
562949953688929
562949953688945
562949953688946
562949953688950
562949953688989
562949953689189
562949953689448
562949953689458
562949953689465
562949953689469
562949953689472
562949953689484
562949953690518
562949953690532
562949953692658
562949953692663
562949953692670
562949953692681
562949953693273
562949953693596
562949953693624
562949953693662
562949953693663
562949953693674
562949953693683
562949953693685
562949953695172
562949953695182
562949953695189
562949953695199
562949953695205
562949953695402
562949953695406
562949953695426
562949953695897
562949953695920
562949953696051
562949953696054
562949953696065
562949953696247
562949953696537
562949953696545
562949953696551
562949953696557
562949953696561
562949953696610
562949953696619
562949953696670
562949953696673
562949953696699
562949953698811
562949953698825
562949953699557
562949953699564
562949953699577
562949953699589
562949953699595
562949953699974
562949953699979
562949953699981
562949953703766
562949953703770
562949953703790
562949953703796
562949953705522
562949953705532
562949953705716
562949953705747
562949953705931
562949953705939
562949953705947
562949953705955
562949953706180
562949953706205
562949953706381
562949953706388
562949953706392
562949953706400
562949953706406
562949953706408
562949953706518
562949953706556
562949953706558
562949953706643
562949953706648
562949953706652
562949953706653
562949953706667
562949953706673
562949953706704
562949953706717
562949953706734
562949953706738
562949953706776
562949953706795
562949953706803
562949953706806
562949953706878
562949953706893
562949953706894
562949953706895
562949953707002
562949953707003
562949953707004
562949953707007
562949953707032
562949953707045
562949953707081
562949953707085
562949953707094
562949953707104
562949953707156
562949953707172
562949953707887
562949953707892
562949953707898
562949953707905
562949953707907
562949953707908
562949953707940
562949953707960
562949953707966
562949953708098
562949953708110
562949953708126
562949953708131
562949953708199
562949953708204
562949953708216
562949953708497
562949953708504
562949953708599
562949953708632
562949953708644
562949953709132
562949953709225
562949953709226
562949953709237
562949953709259
562949953709276
562949953709292
562949953709298
562949953709313
562949953709314
562949953709391
562949953709424
562949953709434
562949953709438
562949953709499
562949953709518
562949953709832
562949953709881
562949953709909
562949953709925
562949953710007
562949953710018
562949953710041
562949953710042
562949953710294
562949953710326
562949953712464
562949953712480
562949953712493
562949953712500
562949953713031
562949953713076
562949953713090
562949953713098
562949953713107
562949953713112
562949953718954
562949953719473
562949953719474
562949953719487
562949953720087
562949953720125
562949953720155
562949953720157
562949953720199
562949953720232
562949953720268
562949953720275
562949953720415
562949953720590
562949953720630
562949953720632
562949953720683
562949953720705
562949953720731
562949953721280
562949953721290
562949953721304
562949953721314
562949953721319
562949953721331
562949953721631
562949953721677
562949953724508
562949953724524
562949953724531
562949953724534
562949953724842
562949953724867
562949953724875
562949953724977
562949953724999
562949953725013
562949953725017
562949953725739
562949953725741
562949953725804
562949953725807
562949953725859
562949953726518
562949953726898
562949953726903
562949953727026
562949953727033
562949953727035
562949953727040
562949953727060
562949953727105
562949953727109
562949953727129
562949953727131
562949953727161
562949953727166
562949953727172
562949953727175
562949953727234
562949953727236
562949953727240
562949953727247
562949953727259
562949953728679
562949953728681
562949953728695
562949953729059
562949953729064
562949953729082
562949953729101
562949953729112
562949953729222
562949953729231
562949953729384
562949953729390
562949953729451
562949953729458
562949953729463
562949953729477
562949953729491
562949953729875
562949953729900
562949953729908
562949953729923
562949953729928
562949953730376
562949953730389
562949953730395
562949953730398
562949953730418
562949953730598
562949953730638
562949953730670
562949953730675
562949953730794
562949953730796
562949953730799
562949953730815
562949953730834
562949953730835
562949953731130
562949953731171
562949953731676
562949953731686
562949953731703
562949953731715
562949953731758
562949953731759
562949953731826
562949953731842
562949953731857
562949953732022
562949953732043
562949953732048
562949953732137
562949953732141
562949953732151
562949953732155
562949953732175
562949953732176
562949953732261
562949953732299
562949953732303
562949953732462
562949953732720
562949953732751
562949953732754
562949953733656
562949953733673
562949953733677
562949953733684
562949953733685
562949953733686
562949953734352
562949953734359
562949953734368
562949953734378
562949953734422
562949953734427
562949953734563
562949953734575
562949953734577
562949953734779
562949953734994
562949953735283
562949953735429
562949953735432
562949953735439
562949953735556
562949953735557
562949953735571
562949953735574
562949953735981
562949953736451
562949953736459
562949953736512
562949953736534
562949953736546
562949953736668
562949953736673
562949953736689
562949953736720
562949953736868
562949953736869
562949953736920
562949953736924
562949953736926
562949953736930
562949953737124
562949953737181
562949953737573
562949953737643
562949953737652
562949953738515
562949953738551
562949953738561
562949953738562
562949953738873
562949953739268
562949953739272
562949953739288
562949953739291
562949953739317
562949953739323
562949953739420
562949953739774
562949953739893
562949953739909
562949953739914
562949953739917
562949953739918
562949953740329
562949953740341
562949953740405
562949953740423
562949953740454
562949953740465
562949953740480
562949953740557
562949953740561
562949953740565
562949953740627
562949953740628
562949953740633
562949953740753
562949953740758
562949953740860
562949953740915
562949953741165
562949953741166
562949953741172
562949953741285
562949953741290
562949953741303
562949953741533
562949953741535
562949953741593
562949953741603
562949953741608
562949953741612
562949953745919
562949953745927
562949953746016
562949953746025
562949953746035
562949953746040
562949953746055
562949953748008
562949953748010
562949953748013
562949953748026
562949953748061
562949953748586
562949953748622
562949953748628
562949953748970
562949953748989
562949953748993
562949953749001
562949953749006
562949953749216
562949953749217
562949953749231
562949953749473
562949953749481
562949953749500
562949953749506
562949953750357
562949953750375
562949953750377
562949953750390
562949953750444
562949953750445
562949953750459
562949953750534
562949953750536
562949953751849
562949953751894
562949953751902
562949953751904
562949953751920
562949953751934
562949953751938
562949953751939
562949953751943
562949953751948
562949953751954
562949953751962
562949953752518
562949953753179
562949953753200
562949953753208
562949953753446
562949953753463
562949953754320
562949953754326
562949953754354
562949953754619
562949953754625
562949953754637
562949953754642
562949953754662
562949953754670
562949953754751
562949953754859
562949953754874
562949953754885
562949953754907
562949953754944
562949953754967
562949953755178
562949953755216
562949953755324
562949953755328
562949953755342
562949953755349
562949953755357
562949953755361
562949953755518
562949953755896
562949953755939
562949953756276
562949953756307
562949953757043
562949953757054
562949953757217
562949953757221
562949953757226
562949953757229
562949953757242
562949953757247
562949953757260
562949953757356
562949953757387
562949953757397
562949953757402
562949953757425
562949953757444
562949953757445
562949953757464
562949953757477
562949953757481
562949953757617
562949953757625
562949953757634
562949953757635
562949953757653
562949953757673
562949953757674
562949953757682
562949953757684
562949953757697
562949953757718
562949953757756
562949953757778
562949953757892
562949953757907
562949953757988
562949953758009
562949953759107
562949953759121
562949953759123
562949953759124
562949953759139
562949953759142
562949953759355
562949953759368
562949953759376
562949953759525
562949953759563
562949953759675
562949953759688
562949953760675
562949953760676
562949953760677
562949953760692
562949953760723
562949953760903
562949953761178
562949953761222
562949953761225
562949953761226
562949953761243
562949953761251
562949953761266
562949953761290
562949953761295
562949953761427
562949953761430
562949953761458
562949953762487
562949953762490
562949953762519
562949953762521
562949953762524
562949953762525
562949953762528
562949953762536
562949953762541
562949953762744
562949953762752
562949953762761
562949953763275
562949953763313
562949953763757
562949953765096
562949953765099
562949953765100
562949953765119
562949953765271
562949953765276
562949953765288
562949953767924
562949953767929
562949953767946
562949953767954
562949953767961
562949953771439
562949953771461
562949953771475
562949953771504
562949953771509
562949953771548
562949953771553
562949953771573
562949953771586
562949953771603
562949953771606
562949953772335
562949953772346
562949953772359
562949953772364
562949953772390
562949953772653
562949953772854
562949953772866
562949953772885
562949953773110
562949953773556
562949953773567
562949953773571
562949953773606
562949953773607
562949953773641
562949953773813
562949953773848
562949953774481
562949953774506
562949953775008
562949953775018
562949953775212
562949953775215
562949953775475
562949953775488
562949953775493
562949953775495
562949953775541
562949953775546
562949953775547
562949953775557
562949953775584
562949953775590
562949953775593
562949953775709
562949953775717
562949953775995
562949953776015
562949953776660
562949953776672
562949953777054
562949953777084
562949953777218
562949953777624
562949953777652
562949953777729
562949953777764
562949953777806
562949953778345
562949953778459
562949953778460
562949953778476
562949953778506
562949953779049
562949953779345
562949953779391
562949953779414
562949953779418
562949953779422
562949953779431
562949953779442
562949953779475
562949953779489
562949953779514
562949953779532
562949953779586
562949953779591
562949953779669
562949953779688
562949953779722
562949953779726
562949953779734
562949953779735
562949953779738
562949953779746
562949953779765
562949953779769
562949953779779
562949953779967
562949953779979
562949953780270
562949953780371
562949953780376
562949953780379
562949953780755
562949953780758
562949953780837
562949953780839
562949953780855
562949953781010
562949953781013
562949953781033
562949953781071
562949953781172
562949953781204
562949953781251
562949953781544
562949953781632
562949953781635
562949953781780
562949953781798
562949953781831
562949953782301
562949953782341
562949953782345
562949953782347
562949953782407
562949953782418
562949953782429
562949953782436
562949953782447
562949953782604
562949953782669
562949953782688
562949953782693
562949953783545
562949953783998
562949953784002
562949953784031
562949953784042
562949953784045
562949953796466
562949953796483
562949953796494
562949953796958
562949953796974
562949953797000
562949953797366
562949953797498
56538b9b-27c4-420b-aaaf-e9d3f548a613_0
5666a573-8f0c-4512-b40f-29a776dbc2d3_0
56880fcc-077c-4fe7-9c19-7c2e7bc20ceb_0
5718660b-7342-418b-ac9f-baa53facb45d_0
5720e493-f13e-40ba-b245-3cdfcce1590b_1
5730c22a-9f59-4574-9702-e2a3489477c6_0
5744cbeb-2ba0-4595-8dd4-63f2d6da4255_0
575d6dd2-5ec2-46a7-a2a9-df40ef06542e_0
583892fd-ae9d-4160-aef8-682e0a5a6f1d_1
58e3fe1a-bcdf-4034-b6f2-eb84720e49dd_1
58ed6e62-b5ce-4643-b0f1-0c88e44b2111_1
58fe1ce1-7047-4a84-aff0-2913440adc82_1
599b7baf-228b-4ce7-b269-1c84504203cf_1
59c98638-0ec8-4bb8-bc72-3e6f9e7e1f92_0
5a075f2a-f323-473c-846f-bdae129f8ed1_1
5a158704-640b-4707-8a68-ef4c66dc2414_0
5b25804f-d2c6-407d-856b-d34da4633d51_1
5bc31e84-25ed-44db-a1ce-b2f0a8366dc6_1
5c77031b-5de0-4390-b3c5-bb1269d87a56_1
5d304beb-49ed-41f9-b748-3eba7aed3b3d_0
5d91691f-2d86-40c1-b1e8-a3e6f361d8b3_0
5de014c4-ad13-4849-a492-a821ee5b0ba1_1
5e15dc18-957c-4487-860b-379d2210c8d4_0
5e15dc18-957c-4487-860b-379d2210c8d4_1
5e19cdd3-310b-4c0c-9691-b478a9b896e2_1
5e45f3d9-78f9-4bef-ae69-bcd91b7790d9_0
5e715264-b8a9-4a77-b742-0e080c5a0e95_0
5f199bb2-54f2-4cb0-94d1-ce799cfc12b8_1
5f36bb77-faa2-42cc-abab-71732ca88f22_1
60345750-a7ff-4ca3-b0c2-0c7f65770991_1
607fe7db-fc26-4050-9e37-99e7fe0c14a5_0
609a4cf1-8a02-4797-8053-3e4b5bdc5914_0
60ad9625-6f52-4488-8414-f25a227ce533_1
60ed4979-4302-4d9d-82fe-93ebbe3f685f_1
60f5a854-c58a-4372-8db3-70b5e1e4f499_1
61261ef9-836a-43ef-bda4-7d634586d232_1
61414663-3ae5-48b6-b589-4987efe6f98a_0
61431aed-4d23-4c42-b927-813936ac2c49_1
6145e56f-75cb-43d4-89e0-7754e1331af5_1
6161bb2c-8ad7-47ce-b009-c8570b8c3179_0
6192449487645257
6192449487646411
6192449487647767
6192449487651949
6192449487651973
6192449487652237
6192449487654329
6192449487657528
6192449487661350
6192449487661365
6192449487661370
6192449487665331
6192449487666925
6192449487667071
6192449487667448
6192449487667965
6192449487668035
6192449487668207
6192449487668219
6192449487669589
6192449487669597
6192449487669614
6192449487670789
6192449487671136
6192449487671321
6192449487673835
6192449487674688
6192449487674996
6192449487674997
6192449487675362
6192449487675368
6192449487675381
6192449487676673
6192449487676675
6192449487676677
6192449487677456
6192449487679558
6192449487681032
6192449487681033
6192449487681445
6192449487682042
6192449487682294
6192449487682296
6192449487682653
6192449487683706
6192449487684279
6192449487685412
6192449487686018
6192449487686037
6192449487686058
6192449487686059
6192449487688128
6192449487689511
6192449487689514
6192449487690826
6192449487692192
6192449487692211
6192449487692325
6192449487692583
6192449487692740
6192449487695450
6192449487695457
6192449487697477
6192449487699536
6192449487699559
6192449487727170
6192449487731564
6192449487739462
6192449487745153
6192449487746411
6192449487746681
6192449487747101
6192449487748656
6192449487756075
6192449487757754
6192449487759484
6192449487761056
6192449487762016
6192449487762020
6192449487767955
6192449487768999
6192449487772141
6192449487774509
6192449487805899
6192449487810714
6192449487826822
6192449487833221
6192449487841708
6192449487842890
6192449487842894
6192449487842997
6192449487843002
6192449487843007
6192449487843008
6192449487843016
6192449487843017
6192449487845230
6192449487846835
6192449487846836
6192449487849379
6192449487849462
6192449487854258
6192449487858230
6192449487858286
6192449487858287
6192449487860127
6192449487860385
6192449487860497
6192449487860560
6192449487860623
6192449487860734
6192449487862424
6192449487863179
6192449487863504
6192449487866336
6192449487869097
6192449487869785
6192449487870417
6192449487874774
6192449487874775
6192449487876845
6192449487877881
6192449487880232
6192449487880516
6192449487881638
6192449487884257
6192449487886259
6192449487886260
6192449487886261
6192449487887235
6192449487890888
6192449487898616
6192449487899737
6192449487901329
6192449487901330
6192449487901331
6192449487901469
6192449487901520
6192449487901773
6192449487901953
6192449487902207
6192449487902409
6192449487903329
6192449487905346
6192449487909609
6192449487911808
6192449487912141
6192449487912484
6192449487913277
6192449487913400
6192449487913402
6192449487913452
6192449487914486
6192449487915017
6192449487915883
6192449487915936
6192449487916730
6192449487917948
6192449487918069
6192449487918292
6192449487918605
6192449487920038
6192449487920460
6192449487920961
6192449487921368
6192449487921969
6192449487922732
6192449487923190
6192449487925027
6192449487925212
6192449487927890
6192449487930604
6192449487930964
6192449487931430
6192449487933590
6192449487936429
6192449487937422
6192449487938432
6192449487942435
6192449487943050
6192449487944520
6192449487945262
6192449487945976
6192449487946185
6192449487946304
6192449487947149
6192449487947940
6192449487949473
6192449487949571
6192449487951572
6192449487951694
6192449487952395
6192449487952517
6192449487952687
6192449487952984
6192449487953494
6192449487953622
6192449487955313
6192449487956975
6192449487958316
6192449487958440
6192449487958710
6192449487959605
6192449487961052
6192449487962714
6192449487963206
6192449487965050
6192449487965559
6192449487965613
6192449487965869
6192449487978767
6192449487994006
6192449487994225
6192449487994236
6192449487996651
6192449487996659
6192449487996813
6192449487998370
6192449488001414
6192449488004666
6192449488005198
6192449488009727
6192449488009737
6192449488079238
6192449488080762
6192449488080765
6192449488080769
6192449488081776
6192449488088855
6192449488090727
6192449488092211
6192449488092218
6192449488092222
6192449488092991
6192449488093245
6192449488094382
6192449488094390
6192449488094429
6192449488094438
6192449488123496
6192449488123589
6192449488124773
6192449488126425
6192449488126430
6192449488126431
6192449488127509
6192449488127530
6192449488128778
6192449488128854
6192449488128857
6192449488133378
6192449488133387
6192449488140050
6192449488143393
6192449488143394
6192449488229634
6192449488229832
6192449488231553
6192449488235706
6192449488235718
624626d7-c27b-42db-a2fe-906c6a430077_0
62a8c1e1-498b-4837-8822-0918276bd622_0
62f26032-2a2d-4023-acb1-b4099efbbb29_0
6337dd03-b15c-4135-adca-d102522f6978_0
639b1345-6c2d-40ce-86ee-f15113193bc7_1
63f69e6c-088d-478a-b735-20c04184a68a_1
63fc0694-74fb-4dd9-9ae8-9c1755c6b635_1
641af308-ac25-4715-94df-622cf4175a75_0
651ac4bd-b9b9-491b-98f1-af21f43de4aa_0
665984c0-44e2-4b05-b4a4-630e04ae9885_0
66912393-caec-451e-9b49-568f4b361637_0
66cae892-20f8-420d-bd00-1824ed771a54_1
672b61dc-4592-4a5f-8e1c-f544ad4a28ce_0
6731f8ff-d55f-4a47-b17f-243d62be0405_0
674c0bff-0e8d-46bc-a876-0f7d931e4543_0
674c0bff-0e8d-46bc-a876-0f7d931e4543_1
6880f0b0-385e-44d5-b64a-9fee44c5a1f9_0
69453b6b-bafe-4953-8121-1291c7d5ef77_1
69a6c09a-6e5d-4890-843e-9aaf17bcc58b_0
6a015abd-83e0-4058-9cd0-3f2fe1a307dd_0
6a1166f9-62e9-4b2e-a29f-9e6c0d61135d_1
6aac14a1-c414-444d-92be-e940cc5ca5b0_0
6ace972f-e415-4219-b81a-403ca51bc244_1
6ae41acb-c7ad-4888-92b0-d6e245c2e809_1
6b30b851-6e3b-4faa-aabe-182b60ed6313_1
6c84d455-9a2d-4bba-a10b-e5d925d4e5ea_0
6ca1ed8d-ff6a-4c9b-a8ed-fdc7235dd670_1
6cb7aefe-528c-4224-80b6-17245ddb1af5_0
6cba9c37-2fc6-498a-8813-93bae2b72ab3_0
6cba9c37-2fc6-498a-8813-93bae2b72ab3_1
6cd92a12-2d9b-4caa-87f7-fd48d6e03987_0
6cd92a12-2d9b-4caa-87f7-fd48d6e03987_1
6dce3813-b708-44d3-9aee-69a6f6302b54_0
6e41f748-82ee-4422-b5f2-65eb951b5231_1
6f0f8df3-ae99-4117-a848-8efa1f53ee20_0
6f58c5b1-ecb0-4754-9964-28a0a63bf7cd_0
6f86f22f-eab1-46bb-b630-a23ad7180b6e_0
6f86f22f-eab1-46bb-b630-a23ad7180b6e_1
6fbe1254-4ad7-4e56-adf2-6bca5c877c37_0
6fbe1254-4ad7-4e56-adf2-6bca5c877c37_1
6fd2a130-c5f9-4d3a-b3bc-1e715ea24149_1
6fe64e97-7f7e-4dda-9088-7f87747f3d96_1
700a80d9-c985-48d5-9827-f34194ee9700_0
7011813f-6607-4c1b-8d76-b2c5ac2a933a_1
7011b6ea-4ba1-45f3-b1ad-a2bd378f4c9b_0
7011b6ea-4ba1-45f3-b1ad-a2bd378f4c9b_1
705b72ea-a376-4a25-8454-967b6a583be3_0
70607136-080b-4199-984c-ccc0aaffba1e_1
709a370e-ac67-4add-acc5-7458a58f5c81_0
71381478-30de-45a6-888e-425af6e198c9_0
71423e78-a81c-4d4b-b1af-440425fcdcea_1
7197fb04-c1b8-4ec7-a671-d3ca9d0ba0b0_0
71d77e13-9f05-4eb9-92ef-35b5be3b96d0_1
72628de9-cdee-402d-9aef-872660042965_0
72628de9-cdee-402d-9aef-872660042965_1
72f36a39-7ca9-4a0c-bc3e-282781cc187a_0
73058b2d-e49c-42e5-ba67-75761aa785c5_1
734a9cae-1396-4194-86ad-f615c8c25880_0
734a9cae-1396-4194-86ad-f615c8c25880_1
735f8c0d-448c-46a6-9cb2-52839bbd4272_0
739d581f-46a2-45e1-b7fe-ed38ce4be206_0
7440f517-f8b8-4f47-8c03-f0227ae2fb40_1
7468c687-d944-4c08-af62-3a78223faef1_1
747532ea-5c29-436e-8075-5ec20cece91e_1
75275e96-868f-4b84-8de9-c986987c2227_0
75737d11-c0e2-4241-9bf7-07f9c8ba644e_0
75737d11-c0e2-4241-9bf7-07f9c8ba644e_1
759f8421-3790-49ac-9114-0742cfe8459b_0
75a656b4-df73-4e65-af9c-743d05ecf0d7_0
76bf491d-7b55-4479-9c70-5c9b55f7bc72_1
76c07581-f4e4-4009-9b28-c9e04d4353d4_0
770b6179-58b0-4a8d-9cf6-4ca9c396bdd5_0
77285506-3462-4dd8-a1bb-ba596f913f75_1
77890017-06c0-415a-a7c3-6eaf6da5ae78_1
77c99d65-141c-4dae-887e-d5d6453f0bd2_1
77df372e-ed43-4e47-9998-890e8cda19c5_1
787dbbcf-e5ea-45a7-b296-9660b4032fe0_0
78c2445d-d360-48aa-abb3-68ba962bf3d4_1
79091f16-fa1d-44f7-920d-90a4bda2011a_1
7951bb6c-ca7e-4d38-9bde-a51b241e5cb1_0
7951bb6c-ca7e-4d38-9bde-a51b241e5cb1_1
79a23cc1-f382-49af-a52f-33e1ec8cddbe_1
79d493c9-94d2-4ffd-bc84-c223c923d025_0
7a2386e5-b05c-43c0-9830-6395f7a948cd_1
7a2ea85e-5be5-43ad-bbce-3d0bf5c3059c_1
7a6f1810-d132-4d70-a838-b11346f73bc9_0
7a783a0d-a5ae-404a-b20a-bc43c6a3906f_1
7ac79a73-d05e-4006-be2d-8e22989c6d94_0
7b85cc54-9a79-4e9a-b352-fe6b7878424a_0
7beda078-6f31-4372-a51c-3b80c5af272d_1
7c6e1943-e0e0-4e7b-a037-ffe290ab7494_1
7ca1c707-dc7b-489b-80e4-1b91de8fa096_0
7cee529a-33d4-40fe-a67f-b98fd74c9da0_1
7d1bacb4-b48b-4f27-be2a-9612f6ec1f22_1
7d6cd938-7791-4932-b9f0-aff75c311fb5_1
7d7e5a55-32fd-43e7-99d1-6ab63d5311ef_1
7dc38208-35f0-4b93-99b8-adfe9a201bba_0
7ea56016-12cd-4cd7-9e6f-ae80d32dd01b_1
7f144ac9-49bb-4018-b6c4-d29299f0e7c0_1
7f44a593-2c0a-4c32-9750-0b7d9b81e24d_0
7f44a593-2c0a-4c32-9750-0b7d9b81e24d_1
7f85a1a2-b6be-4fdb-9a4e-59854a63f8df_0
7faa13a4-6eb2-4a40-a964-8bff05e5efb9_0
7fde4b96-c061-41cd-9235-a2f0e8bc9dd2_0
7fde4b96-c061-41cd-9235-a2f0e8bc9dd2_1
805cd960-1697-4dae-a83f-dcc3fed5230e_0
805e25fd-067b-4757-97ad-0f7bcc8da4c7_1
80706e48-3450-4e31-ad78-f758c87a4b97_1
808a6aaa-593c-4a3e-b09a-d3b39c90446f_0
80c1de5e-978e-4440-bd75-c1039a2a0861_1
80f43010-9bd0-4823-9056-5c2210a146fe_0
816a55bc-75e4-4959-9161-bc0afebd6f16_1
81f8175d-cedf-436d-a637-b77b00cc3469_0
824e0bbf-5ae7-4d31-869a-d1a13aacac71_1
82617fcb-8fe1-45d9-a4c0-97908c19113b_1
82934a6b-9cdf-46c3-907f-b871480f2283_0
82a4485e-2997-4699-a53f-4e04cf9cc7dd_1
82d258a4-89fe-4d0a-aad6-f33e35a42144_1
830f4fe3-7090-4e83-b8c2-4ad779cdf4c6_0
831ea4b4-f9b0-4a70-b289-682ab175259d_0
832e7d09-74bc-4bb5-8d16-67edd7fe75f3_0
837bda92-b784-488b-8e31-ec1093b732bb_0
842cc5a2-7cef-4243-9a14-21590e3c8c6e_1
855a69be-7b58-434e-8e29-8c642c86eb2f_1
85dd9b74-fa0e-49a5-9700-25cf6e32cbd7_0
8662a79f-9a4c-48ab-9cc6-1f61998a529d_0
869441e2-1bb7-4a89-bdf2-c4fd139caf35_0
86bdb2d8-c258-4be1-97fe-9d6894ad0c6d_0
86c7bdba-e352-4b3b-8a56-8985d5416f53_0
87476198-249f-4d68-bf3b-e79e523263da_0
874e4aa6-49d0-44f6-915a-d8aff4966b81_0
87b1a336-292d-4095-84ab-ee9b6be46eb3_0
882fa903-8d2b-4f91-a829-833e0942e965_1
886bec2a-fd94-4df0-b3a0-b8c01f1e3d44_0
88a8b64d-b7fb-450f-80d6-047fb5d21d1b_0
88bd7245-491f-402b-ae54-79f4124ec2fd_0
893ceb08-6d62-4dae-b83b-0a9d2799729a_0
893ceb08-6d62-4dae-b83b-0a9d2799729a_1
8961b0c9-6e3e-483d-a315-173b2c552d7d_1
8989ad5e-998d-4d14-b237-069bcd5e94c1_0
89a56b4e-ef2a-4111-a8a5-56041c2442ee_1
89ce25b0-7ed6-452a-b162-9dcf5659a64f_0
89ce25b0-7ed6-452a-b162-9dcf5659a64f_1
89f0480e-8cba-4a51-b44a-ec39a49deac9_0
89f0480e-8cba-4a51-b44a-ec39a49deac9_1
8a245492-c1aa-444b-8778-1d3b5de26992_0
8aa3e7b8-9ff7-4062-94ec-b6f5f0e69818_1
8b16faa3-ca41-4797-b055-2fc9cd191975_1
8b268fe6-f998-46b0-ab98-65c1a3852138_0
8b3a7a35-9241-49a1-9164-8739ec293e78_1
8baf276e-a44b-4ed9-be12-85491e36ef45_0
8c2db5f9-a389-45ef-bbb3-a79891314461_1
8c3d44e7-e3b4-4adb-abcc-5d732277a943_0
8cfabd99-b3eb-4618-9c94-009fc6d91c1c_0
8d594774-302f-4727-a599-c3d500cda16a_0
8d594774-302f-4727-a599-c3d500cda16a_1
8d70bd84-ef59-4745-babf-6bd4fb05127d_0
8d7395fc-071d-4d89-8768-bcc515879470_0
8d88476c-9dc6-4d5c-b30d-61383512d7fa_0
8d8ebed5-837f-46ac-a0d7-15f8b8d39c96_1
8dd67cbc-2e7c-449f-b485-dc7c673fde9c_0
8dde2f23-80f1-408f-b747-26f36bfc8243_1
8e016b13-c493-4a10-a0e6-a429724ff568_0
8e16e501-f917-4940-b273-af89ae073f82_1
8e17e4e3-3654-4bee-8bc7-ad16bd662ff2_0
8f6facfc-f152-4148-8ee6-bdb3bca0c13b_0
8f6facfc-f152-4148-8ee6-bdb3bca0c13b_1
8fbc3e54-116b-419a-8cec-fe8362695eca_0
8fe1d9ff-85fa-48dd-9c41-be626e5fb37d_1
8feddaf7-a6b0-41f3-8d03-242397301923_1
90eb0655-25ef-421b-a2c6-000a037c22f1_1
91045a1e-4876-42fb-b86d-8b2022c4cdee_0
910e92b2-2785-4eae-89a9-db1e3df2b1a2_0
911f51e1-73d2-4483-92a7-d1fe295a37f5_1
913ec962-30e1-4f73-b84e-23b5dda7c249_0
914b25c1-2f47-4d88-a12a-36a83689d3a9_1
92054672-7649-43e1-a59c-678d08e63944_0
921b701e-6436-44bd-91fd-1295391c07ea_1
9238e998-646d-4a6c-b6a1-fa295258944e_1
924bb91e-027d-4441-8b8f-e6a08ba54d1b_0
928d1918-81e3-4280-b49f-ecc229ca9b27_0
92b12e31-27ba-47ab-8396-63aeceddd1d4_1
92dd82be-231a-48c3-8a7d-ca3dfdb41398_1
93f61ecf-8a6d-4091-9742-6121d1f63925_1
9452e147-97a8-4afb-aee0-10f7ca2c4fd8_0
946a3728-7dac-4be1-b3ee-45e5b04f68c0_1
965e2df5-997f-429e-8ceb-26be9cc32da7_0
96a2b8db-c56c-4bb7-874b-4aab7b2f9d28_1
96beea01-3c28-4dcf-9271-570df3d820a5_1
96f21111-38ab-49d3-b1d4-2c68dc39dffa_0
96f21111-38ab-49d3-b1d4-2c68dc39dffa_1
96fb3138-8b90-41a7-8771-9f0d0310a9b1_0
96fb3138-8b90-41a7-8771-9f0d0310a9b1_1
981e0830-1e0f-4495-bb70-856f6c865062_1
98b7b676-dccb-4257-914d-3a1c597909b1_0
98e6b43b-14a8-4804-995f-91720db54cf3_0
9965f1da-aa72-4a8f-8b39-e263c844fb52_1
997abe01-61b9-4f28-8bd5-16f186c9b941_0
9a1b1c4d-8d16-414a-91f4-24dec10540a7_0
9a466220-c705-4c8b-ac81-6a54e2b78669_0
9a46b7b6-4d92-4e00-bbdb-51a6a6f36e38_1
9a8b1885-1485-4554-ac7a-73f93cc1796d_1
9ab5313d-fd12-4a00-8148-6f73822c2386_1
9aecb586-4c7e-4a73-8bd5-114857b2f625_0
9aecb586-4c7e-4a73-8bd5-114857b2f625_1
9bfb084f-284e-436a-aa87-2fa954e8be26_0
9c478d6a-9946-4d9c-a04d-0e86352dbe87_1
9cec6985-1ab9-49df-9ebe-11eebce1ecc1_0
9d26bcbc-3cd7-41b8-a444-b65208ae2515_1
9d424303-e4dc-4e85-9a7f-be0ba44b7c45_1
9d68cd20-442a-4774-9cfd-c68a984fbe3e_1
9dff652e-c1d0-4f11-88bf-ab536af6b302_1
9e04de07-87cd-45c3-a6d9-42f957b30946_0
9e21b306-5694-46f3-b286-0d22741a28e3_1
9ee4bc73-6270-45ba-8a82-e83b42fc01fc_0
9f09f3ec-0408-4452-92e8-f35d8d02c828_1
9f3fc2dc-3a9d-4e37-9d43-98982b8df8e0_1
9f7b1dca-934b-4bcc-86ba-53ea4e801fa3_1
a01a4363-065d-4089-be17-1bacfed7f689_0
a02d7455-9085-492b-852c-20b250c05aba_1
a0be1325-ec6f-4f67-b101-fb772de15cc2_1
a0c6fcd0-370f-44bc-acd7-f6a77d27a013_1
a0c7116d-6784-4fd8-b7f4-628f7e366395_0
a15e8e2c-2406-4724-838f-323ed9ceb11f_1
a173335c-9d0b-4420-8bd3-a15bf3b41d20_0
a1c928ca-0049-42e4-810e-7478a4dff743_0
a1cdb477-4c5a-4b9c-9e4e-a6410ca95455_0
a1ef6600-b375-45cf-9a8a-57b4b978ac2f_1
a2144f9e-cd26-414d-944e-b7cf8bd7865b_0
a2148e8f-8a86-4cd5-a3be-f8ef63293620_1
a22c79cb-7e85-4aa3-b0da-8edfe4a651b7_0
a2dcdd75-2c89-4ae0-885b-6e3890b1ae31_1
a315f693-a911-4757-8113-90483a18e0da_0
a315f693-a911-4757-8113-90483a18e0da_1
a3482561-cb6b-4159-891d-cae240bbf0ad_1
a34f20f0-e166-4e67-91ec-18a305cb17b7_1
a3721fab-a61f-4aec-bf2c-35211fed92d7_1
a3a37462-ad8f-407d-8add-8d06aadf2854_1
a4533a39-85ca-40c1-b983-cf1fda0cc9bd_0
a46eb6bc-589c-4538-bc81-e37399eda138_0
a46eb6bc-589c-4538-bc81-e37399eda138_1
a4c69473-fd11-4cf8-b14e-b571ad9bf488_0
a4c6fd42-b106-48c6-a2b1-4788779f4b9a_1
a4c70c6a-46dd-4137-a893-a1da44c423aa_0
a4cbdcf7-7b64-468c-937f-6ddd2a08b129_0
a61f1e60-d165-42f0-9c78-488e5e7a4b45_1
a6998687-d629-4f0f-8c9a-314d3910f1a2_1
a69dab1c-d757-4d2a-9cc8-3156a9cf0c64_1
a6a4a991-153b-48c4-ac6b-07b595566a50_0
a6b212c7-17cc-4e5e-be83-422d829b1080_1
a6c57bee-a27f-4ee5-8e91-8e35dfa51915_0
a6f90a3d-3c55-42a3-8be0-5b3247893553_0
a734b06e-9bad-4131-8059-512b65cacf6d_1
a755dd4b-aaf8-4b9d-906f-0b4fbd4d97b5_0
a799aab1-1e86-43eb-8a3e-8178d6330f86_1
a8058a96-61af-48d6-b90c-511ba2c68079_1
a876b1f8-3dc9-400b-99d7-d757b4be134a_1
a8843dad-dbba-49ff-b804-090c82f33f0e_0
a8dee021-cdab-44ae-a175-2890490b76ab_1
a939ab67-d483-44ed-99a3-aa1a4838cb65_1
a948f2de-db08-4628-9a4f-104585619751_1
a9a455d5-c850-493c-9858-781192543628_1
aaac3b50-e4a0-4f4f-b040-58581d51d4c5_0
ab0c1566-5c1c-4450-a5d4-781d3d55dd6c_1
ab53342b-75b9-4b4a-a1ca-8175ce54767e_1
abd250e2-d844-49be-90d7-87a4d71974ff_0
ac189dce-90b4-4c98-82ce-42f29f31a72b_1
ac744da7-33ae-4155-8fdf-cb11897d5d16_0
acbd0c55-d090-46c2-a22f-e40b80e379b5_1
ad688b2f-38ee-4ff7-b219-3b90bd5ff1b4_1
addd32f3-501f-414f-b11a-a9fcccc599fa_1
ae0b63e7-b608-42bf-b47f-1bdf11e34c9c_0
ae408505-950a-4add-bd9a-161e8acdaa58_0
aea6c6d3-b57d-49bf-84f9-072c37e83563_0
af1f63d0-fefe-4836-a62b-c67683ee0d41_1
af95778e-9e2b-44a7-957d-34e8eb69b764_1
afa0ffa1-54c8-4e57-9b92-25c3ea174933_0
afea944a-d075-47dc-b265-51b7f016361a_0
afee349f-bb77-4655-93be-5b118e8e7dbf_0
b0460c31-f281-4c2c-b169-bd542dee1ec4_1
b07cba9d-8efd-4c6b-95d3-4a2a77fd64a4_0
b106c61c-594d-4078-8dfc-47bfc34c8cb9_1
b10aef97-fe56-469a-9135-9ffb35a93c54_1
b1116a48-24e6-4fc4-81ad-8f80b60e9673_0
b1116a48-24e6-4fc4-81ad-8f80b60e9673_1
b15512d4-bcbf-4aa2-b3e8-8e81098d9fa4_1
b1a40502-6bdc-4cd0-a25b-57388eccc08e_0
b1cc210f-bfaa-49d7-9ca8-ddd728ed68ce_0
b1e56052-fb7d-4668-bd20-73b8bc8ad693_0
b2fb71b4-5b69-457e-8d8a-08b3a5dc01f5_0
b330d925-c681-4a4b-a0a7-bad0cc851571_0
b3593e47-8194-48ec-87eb-9e711eb0e083_0
b3f9b88b-3ca6-4a89-ac72-de4aa5c1cc23_1
b3ff098b-264f-42c4-9f31-64a03fc94fd8_0
b3ff098b-264f-42c4-9f31-64a03fc94fd8_1
b41d6f24-d73d-47b5-8e1c-874fbea488cf_1
b433fed5-7b35-4069-94f0-6a7457597acf_1
b481e277-6a2f-428f-8fc4-010e461b091f_0
b4bbad5f-4223-489e-9aaa-db0e476300a0_1
b504ef2b-4034-4d1b-a732-8391c9d33162_1
b5c66276-0aaa-498d-b16f-1a72ea7fdc9d_0
b5c8b957-2673-43a9-8e5b-6e5b1850a3cb_1
b5f0c5f5-2041-428b-a54f-9776e32ef839_0
b5f0c5f5-2041-428b-a54f-9776e32ef839_1
b65f3e67-33a2-44fb-899c-8591981816d0_0
b66ffe69-a88a-4101-aeac-84416ea21863_0
b6a41fa8-f9f8-4746-bad6-1d0f2ce75b5b_0
b6b64a10-1e18-43e5-95f5-d0af4981d738_1
b756fc42-7c83-423f-a38d-e911e73541d0_0
b762ae53-ffdd-47a6-b4b4-5d7123645f23_0
b7d63863-1a61-4d94-930c-bc1ec6163129_0
b7e7bb5c-13a5-441c-9511-721e59cc39d9_1
b87e82cd-5211-4563-b5c9-72f93e9abf56_0
b8da9f1d-e1ac-46bf-998f-7100dae47c49_1
b8ebe007-0e1e-4c07-9d34-ce9d3faedaa1_0
b8ebe007-0e1e-4c07-9d34-ce9d3faedaa1_1
b92c7076-260a-4773-b940-28857cfb235c_1
b9c16549-aa8e-4b45-8790-278e51570cd2_1
b9c44dfc-d8c5-4f93-962a-9d9760c054ff_1
b9d0152d-da43-4ff4-808b-74b337dccf62_1
b9ddec63-00ae-4504-904b-21e57cf7760d_1
ba1a5b41-223d-4e33-a770-455b228e285d_0
bafa7cbc-591b-4079-9b10-762c6102689b_0
bb4583fb-1848-4b77-bd46-2bd3b948754a_0
bbcf050e-30c1-4576-bb5c-87e9f39439c7_1
bcbb333c-19f1-4ec9-83dc-e8c296f59bce_1
bcf3a93e-8d6d-41e7-bf4c-b460351d5896_1
bd2c2368-a273-4eb1-9891-0dc0ea3bda48_0
bd3a0113-bc7f-4c88-a1d9-85b91883c480_1
bd9fd853-53e1-4369-ac1e-cb224bb7cc73_0
bdcbef9a-bef9-442d-91fd-c833c68f1219_0
bdfd698a-e5e1-405c-8437-90473b8e5d58_0
be5f3c3f-3e2a-4147-9260-0e87f5a7446d_1
be8504b6-b594-4dbb-93c0-55fa68921498_0
beca18bc-0d46-4c5a-ab84-6c7c6da5dde9_0
bf0a5380-afcc-45ae-a4e6-268b41817272_1
bf644f77-1c1a-410e-a80f-355ff0467853_0
bfdef52c-83ba-4f87-94da-63465191f27c_1
c0d672a6-86e5-4588-84ca-281e81ea4eaa_0
c1264058-eda8-4d45-9aa2-58374a4079f7_1
c143c182-3b34-40d3-9b68-3b2924969a1a_0
c143c182-3b34-40d3-9b68-3b2924969a1a_1
c179a58b-47e1-4eb4-990d-3de45b9c63c3_0
c205c04c-60fa-4770-8333-5efae9ed776c_1
c2768e59-6875-499d-9120-e5adfd2a4f9e_1
c2b8ed47-6306-475b-80dd-3d9330791c90_1
c2d9b1fe-a617-4809-a53d-fe0ae6e6adbd_1
c2ddb7cc-95b4-485a-b654-9916df1f351d_0
c2ffe85b-f7f3-4a88-936a-6b7928ef8aac_0
c39b7567-1ef4-4541-9465-43c1b2da1b7f_0
c3cf2b59-ab3d-4bdd-879e-58a36ec4ea9b_0
c4366c3c-979f-4d29-958a-66e6ab970076_0
c4498054-03e9-43aa-a681-6b289717149a_0
c44dfec4-ef39-423e-8149-86b5c021ba06_1
c460cda9-2ec9-4248-81cc-6cb26611e63c_0
c460cda9-2ec9-4248-81cc-6cb26611e63c_1
c4d324d5-1e19-469a-b201-61d4bd78684a_0
c5023cd7-69d3-4061-a2c8-9a562eef1864_1
c529b8fb-9193-4e00-9424-9962d8dc917c_0
c552e75b-7370-4e12-a671-fdfee3c2b3d4_0
c57a8e07-f395-4b6e-a4d8-ad7ea3edd7be_1
c5bb6e16-3719-4137-af3f-c0568a6c54c3_1
c5cee4d6-7b23-42a0-b931-d4fdc16acb5e_1
c5f4438b-5055-428d-bc36-02861606b5a5_0
c60b0187-9a13-4e6c-b96b-f69aa3a632eb_0
c62d2200-d3bf-4a77-9680-2d4f10f03667_0
c64d0732-c527-42dd-9958-c500d1489978_1
c6b4c019-f175-4938-a5c8-f7af72a02fc2_1
c7059764-ee1a-497c-802e-59ac6743304a_1
c715ca35-a15b-42fe-8940-ec461e8897d9_1
c72e0547-63f7-4384-aaf7-c7173f85b51f_0
c73066d6-fdb1-4f7c-9bd2-503613897bed_0
c73066d6-fdb1-4f7c-9bd2-503613897bed_1
c82463c7-d3f3-4ca1-8a47-be10b31c4f0d_0
c84b7654-7669-4db1-8906-0539adb71b81_1
c8a9f9d5-b9d5-483d-8eb7-9a5a2800b321_1
c8c6e63d-6669-404c-a022-d5d5564ba4c7_1
c8cc9021-04d6-4e77-a77e-de08818e1dd1_1
c8eb9f4d-92ad-4697-8aba-633cbda8e084_0
c8eebcf3-4114-487b-885a-f45d1c66502a_1
c8f44ead-4c9a-4e84-8e6e-51e6c909d1ab_0
ca8b2d4f-db65-46e9-b526-efb9298bb6fb_0
cb141c00-134c-40de-aca0-50188d78fd5f_0
cb141c00-134c-40de-aca0-50188d78fd5f_1
cb91a3a6-019d-4536-9499-6d3ae0736893_1
cbb85364-fca9-4771-9b49-f65db601cefa_0
cbcc19f7-0088-4b39-ab57-ed5707cfbd98_0
cc4b0f89-5c45-4e0f-85cd-30db576d8a8b_0
cc6b921a-d845-47bf-81c7-a88c49d47f2b_1
cc75fb84-116e-49c7-b497-1dcb1b5f60e4_0
cc9e7797-d3b8-444d-8c81-c4f58c637375_1
cccdb183-2e8f-4a13-8fad-6cf1fe33de23_0
cce751cd-7aba-4f5e-8a59-5204d24edfd8_1
ccf2d63c-0a25-44ce-818e-6792ba8bd39a_1
cd101ee7-f301-406f-8ee6-b160b9476678_0
cd2c97d0-b827-43d9-bd83-feca9ff54727_0
cd9b489e-ab2b-4612-b772-da6c3461bd49_0
cd9b489e-ab2b-4612-b772-da6c3461bd49_1
ce0cf362-9af8-426a-8160-16144442ef57_0
ce200c0f-a602-43e0-9982-aa8d678ce1ee_0
ce820689-72d6-4283-abd4-1bec54f18511_1
cf1ae75c-71ff-474a-89aa-baa3ef9685a5_0
cf68fc23-2e79-47bc-8b48-fbf379573c8d_0
d010728b-1f7b-4236-b707-437860104777_0
d03bb693-8e3f-4a58-b91e-577120edfd6b_0
d06768e1-a398-4df3-9a26-20fd0b581a08_1
d0822b82-2ebb-4e49-823a-f4ff2c40949b_1
d08a6b66-e483-4241-b9a0-ef6e510c2f3e_0
d08a6b66-e483-4241-b9a0-ef6e510c2f3e_1
d09232d1-8f08-4ff6-9e45-f0f907339515_1
d1033ec4-0baf-4110-a3b6-cdb82e150386_0
d193bb52-b58e-4a4c-b7b9-06569adfe29c_0
d193bb52-b58e-4a4c-b7b9-06569adfe29c_1
d1b95304-1e85-4834-b57f-a1c5abcc35f1_0
d1eca549-07d8-46db-b628-3d40f1248626_1
d27361d4-23af-418d-ab45-b6fa42635d4d_1
d2ab9528-6309-41a5-94d8-fde28c058f3b_1
d2c2b7ea-000f-4a37-b1ce-423e2cabd019_1
d2d490e0-883d-4625-a177-214136db2227_0
d2f3cc14-18f9-42dd-97c4-c248c848e9cb_0
d310b5b9-b531-4227-86d6-35cf8ee330f5_1
d349c2bd-f28b-4125-8a0f-24244f0fe093_1
d41ec67b-97b3-4f7c-ace7-8e6051bd73c7_0
d4632c82-cf87-457c-83da-f60c6451b833_0
d49dad20-2c75-466c-9de0-aff5dc4b0a6c_0
d537629c-ecfb-4a0f-b13f-5bd3cdeb859e_0
d538fcc1-ef4b-4707-b210-ee79560d0010_1
d6c0392e-6ba8-49b1-af61-18c6096a02cf_0
d6c1414f-407b-4842-b662-fa8eb841ab68_1
d7e3390f-1928-408c-b618-3c7f95b9a2ef_0
d8076540-7f27-4c4f-a913-c3073559ab77_1
d83d35ca-7603-4af9-a303-6256db98ad58_0
d86af2e1-75f2-4ada-b76b-3114cd77196d_1
d875f16c-1d5a-4f6f-bf45-be079382a333_0
d8901821-45af-48d0-90c6-cc6045bc57d8_1
d8a4871c-9cf2-48cf-98c7-c52d7ec1f93e_1
d9318c53-b189-43bf-a6d3-948f3c527000_0
d9318c53-b189-43bf-a6d3-948f3c527000_1
d96ac567-bd11-4997-bdda-b1f7ccd4eef6_1
d98ea431-a57c-4848-a550-8c6869b86971_0
da4b1b73-80b6-4e91-a9ef-4230e2c1af31_1
da600562-e687-4fae-a534-287641628807_1
da7ad6fb-c8e3-457e-b871-e30ff8f03661_0
daac4f27-e924-45c2-b533-01f5a16f2c26_1
db26dc29-e2eb-4472-b66b-79d60ec2cc38_0
db7f247c-5467-403f-b6a7-ee32e26b3b39_1
dbe6cba3-5811-4fd9-85b5-90df723d6674_0
dbe6cba3-5811-4fd9-85b5-90df723d6674_1
dc26f525-16a7-4f16-a03e-180392619805_1
dc9451d8-8de2-4ebe-90fe-46b34b7bcdf4_1
dceddfcf-582c-4f6b-9f6f-a46f8222d96c_0
dcef27b0-6fc6-434a-94c8-4bd2ad0ba03a_1
dd6fbd3d-1ae3-40c9-ba56-167a5ca10213_1
dd99d95e-b8e8-465b-9ddd-e777ee8a76db_0
de534bef-8f1f-494e-aa1a-1cbf34cd4ee1_1
de76040a-ac7a-4bef-908e-00864f6cce43_0
dea72ad4-efd1-43cc-9e97-95b4d7c0ff73_0
df2d0796-3d4c-46cf-b676-c3998564de28_1
df348213-8d7d-4481-9cd0-1ddb93b2f614_0
df4e1024-a0a2-4063-bc50-101308e957c2_0
df589885-4667-43ae-908f-70819363433d_0
df6d1479-915d-4f5f-8911-e35a4f9be74c_0
df816463-8347-4a55-9a0a-89a306176418_0
dfaee70a-1d87-4338-ab34-86cd29b62dd7_0
dfde9344-cec3-460c-b699-96aae8265f0d_0
e0b5b8af-892e-4160-b62d-40d65752694b_0
e1577cd9-0a45-4e38-a6e4-513dddf13bfe_0
e15d38cb-d8a5-4897-893d-4b61a8d3dc80_1
e16b27a2-df3a-4434-b9ec-b6b8a73a203a_0
e19c978b-0a43-4a26-b37d-25f1bc0e51a8_1
e2510b36-7d61-497e-b542-1676b34a17a0_1
e261a5b0-d129-4bb6-8e9d-5389a95ca56d_0
e27c9005-fab0-4ffb-857b-04a211c8dc51_0
e2919ab7-9ac5-44e8-9130-990d749c310e_0
e2e4a6c6-1883-4f5b-a560-6e8e4683bd6f_1
e31bc5f9-b50d-45d6-9546-963158c03070_0
e34d38fb-71ed-4b9a-8b0c-8d28dd516ef3_0
e34f6864-b8f8-45b4-913c-8d6607823a8f_0
e34f6864-b8f8-45b4-913c-8d6607823a8f_1
e39d5135-3fea-400b-9916-8cca10699340_0
e3e0a2c5-1187-45fe-9c70-4b1929864e22_1
e3e30742-899c-4307-8026-e84c7eb72dac_0
e3e30742-899c-4307-8026-e84c7eb72dac_1
e4054c2a-fb51-4086-97e7-a9a20ba4c4e5_0
e46d60db-c2b3-4722-865b-9282bb7e8098_1
e4874c61-9fff-4b87-88ff-9012aed288c1_0
e5053ad8-e12e-4e77-bdc0-52d3a2b16ba0_0
e523a0c1-8de1-4a42-bfaa-ae2b256fb3d6_0
e598ff8a-1a2c-4884-b801-22eb5835ae59_0
e5cdadd3-b35c-47f4-9610-a11b10e98dac_0
e5cdadd3-b35c-47f4-9610-a11b10e98dac_1
e5efaae8-7dba-45d7-8107-f9ed86901313_1
e69114de-c318-473c-8837-8403b14b0de3_1
e6a95e91-35b5-41bf-9161-2f9af5b5218c_0
e6bed150-6fcf-4130-8e00-1a72fb6832e3_1
e6d3512f-36b5-46e2-a45e-2bc4f3b9f079_1
e6f1e124-68a7-451c-8cab-ce9c1d6df302_1
e70406ca-0440-4ef5-8fd6-b15fa88afa72_0
e7382858-05ea-4ce1-acf4-232d5fabad36_0
e796081d-3453-4c82-befd-311d53ecf241_0
e7edd148-e03e-4cd5-83d5-030835e4dca9_0
e88df55b-92f4-4137-bc1e-5d0617ccce45_0
e8f3c79e-7b2e-4cde-a384-4261fed8083a_1
e9c41539-aae5-410c-9ab0-b3ba697dacbc_1
ea279522-2a83-4fbf-a2da-b6ffd06bc189_0
ea60e2d2-1cb3-42e2-8d3e-32fcf989aa2c_0
ea6a7365-f470-4b81-903c-574923a23d00_0
ea804794-bd74-4725-816e-36301464b2e7_1
eabab653-c907-40d4-aee8-abb2f3bc61eb_0
eb057b54-5eb9-4614-a2c1-0c2da4888bc2_0
eb3de73f-b46c-4321-81c6-fda8d5c6f910_1
eb7ce507-33ab-41d9-9dcb-1b1efdca7d7d_0
ebd8bd26-9aea-4cd0-8388-67a406b7ecb9_1
ecb7e392-e378-4990-aa76-174bd7917f78_0
eccd636a-cd6e-4b8f-a0f2-398942ee651f_0
ecf98b71-c8f8-481d-94ea-364a59272670_0
ecf9b218-495d-448e-a755-de0da3e2ff14_0
ed13f25b-6e46-4ee2-915a-ffb7d1dea9c1_1
ed5d9f14-ab98-415e-aaf3-d38e7281e5d1_1
ee25b685-5607-4e68-af5d-7fbcba2762a2_0
ee4e929e-6619-466d-a37d-4127b818953f_0
ee5117ed-f803-4f2c-b824-2dee16e70a67_0
ee5117ed-f803-4f2c-b824-2dee16e70a67_1
eed21cc3-e523-4eab-b23e-47bb3a9f7b73_0
ef066ba5-fc65-4405-85e9-3766034d2af6_1
ef6052ea-3255-42d2-bf88-328940d21dc9_0
efbec2dd-3fe2-446a-b190-8bc0ebf2a59f_1
f008f344-15e7-4acc-9468-00d4534e96f2_1
f0513c2d-84b2-46b4-add6-ccbbf4058c64_0
f068ceac-be0f-4b8f-be70-6184b7b0e01e_1
f09dd072-8aab-4eaf-b5dd-63629329a181_1
f0cf88e1-1a5f-4dfb-8c87-9b5d9aca0305_0
f0cf88e1-1a5f-4dfb-8c87-9b5d9aca0305_1
f0e5ff3a-d2c2-4e3e-94a5-d94b2a390f63_1
f13f7f67-b90a-4b3c-94c2-ff645a58fb50_1
f147c82d-9760-417a-8839-e12f5af37a9a_1
f16d2318-09e1-4c07-807e-0ee8d2ac19fa_1
f1c8b892-ccfe-4713-bd12-099e604d45b6_1
f20b1c49-a3ae-4c82-b677-c102cb3416b0_0
f281ad03-5e6a-4a29-8953-f8bff0132cb5_0
f2b75848-7af5-4f0e-8bd3-8b5124cd8adc_0
f2e8f9fd-1192-47f3-9502-734807771c6d_1
f5aff94f-d2b9-4b9e-b2e4-ba942b2bf8cd_1
f5becb71-acb1-4d69-90cc-7e265f550511_0
f6177bf5-1693-4d7d-8f89-80f5bb3686c8_1
f673f633-9b39-4687-8d66-1db85c2f575f_1
f6a41da4-e45e-4f0a-adae-e8f6000d31ff_0
f6d8bbc6-9af4-4d38-98ea-59023a6d1c8c_1
f6d9df4a-195f-4776-9613-f285ff6c9103_0
f705a8d8-a533-441d-8841-405606074e7c_1
f723b740-92a3-4be4-95e8-5464fa374c51_1
f75582f2-4276-4078-8bab-3ef3a36e5b1b_1
f77ff838-777f-45d1-89c7-5743911410c6_0
f7c723f2-2ce0-4846-9ac6-abca8cca03b0_0
f8eefb40-f728-4df9-b1a4-63ae97d425c3_1
f9b38671-d3a9-43df-8789-e06b50cd88a6_0
f9b38671-d3a9-43df-8789-e06b50cd88a6_1
f9d945c9-f155-4e49-b0e1-a315a0abcdae_1
f9f3a590-13f7-48f0-ba4f-f483d941476f_0
fa294979-9ca3-4a1b-aa05-875d866753c5_0
fa8bde84-1d85-4528-9554-68c6161c3138_1
fb0ad504-0a43-40f6-9b9b-ab76ac2b5f75_0
fb0c89ec-123e-4a7a-ae14-17712684e63e_0
fb3b26fd-bdfd-461f-bf70-3c7c012382b5_1
fb55df6c-38f4-4cf0-8fe8-760902c2000b_0
fb7d5726-9b42-421c-ae29-77173c0a6866_0
fbd0029b-44c0-43d7-ab3f-b619148675fc_1
fbd2208a-4c2e-45d9-9661-7726fcf8704f_0
fbdacf0d-d116-46d6-b399-c16211f2e787_1
fc147c18-6aca-4111-b4df-e3c9a9094f9d_1
fc275457-8dfe-44d2-a078-7751f1e3ce69_0
fc275457-8dfe-44d2-a078-7751f1e3ce69_1
fc56b2d8-dcad-4d0d-9d4d-d0e15cef4fc3_0
fc56b2d8-dcad-4d0d-9d4d-d0e15cef4fc3_1
fcb46823-a6f3-42f8-88b9-3d221a8d5592_0
fcb46823-a6f3-42f8-88b9-3d221a8d5592_1
fcd3517f-7bfd-46c9-a7db-993930a60149_1
fd09190b-aad0-4d75-a61f-1b73eceb7084_1
fd0d24f6-31d9-4fe6-afd7-e6210d9720bd_1
fd7a0b2f-bb8b-4d80-97ee-c7e14d381bdd_1
fdac8bd3-7e1c-4417-9123-59293ddf04ed_1
fe3e7e8f-227e-48d9-938f-c90149598227_1
fe4d2330-bdf8-480c-a85a-bf78490b5f44_0
fe850e8d-6cd4-4834-b955-61f1482e2a7d_0
fea07a5a-f827-48c8-88a8-3f85b6f27565_1
feb56521-f301-42e7-afd6-4e7dc846c683_0
feb56521-f301-42e7-afd6-4e7dc846c683_1
ff5c155a-5815-484b-8ab8-a9bd12822527_0
ffbfea31-de39-4362-ad5b-c62a64c9c7a9_1
ffc2a9e0-efba-4cbe-ba30-75d241bf8d80_1
